# NEXORIA — région REGION_122 chunk LOD0 (4 m/vert)
# verts=4096 faces=7938
v 5120.00 -122.51 0.00
v 5124.06 -121.82 0.00
v 5128.13 -121.12 0.00
v 5132.19 -120.43 0.00
v 5136.25 -119.74 0.00
v 5140.32 -118.96 0.00
v 5144.38 -118.17 0.00
v 5148.44 -117.38 0.00
v 5152.51 -116.59 0.00
v 5156.57 -115.73 0.00
v 5160.63 -114.81 0.00
v 5164.70 -113.89 0.00
v 5168.76 -112.98 0.00
v 5172.83 -111.98 0.00
v 5176.89 -110.86 0.00
v 5180.95 -109.74 0.00
v 5185.02 -108.61 0.00
v 5189.08 -107.44 0.00
v 5193.14 -106.03 0.00
v 5197.21 -104.62 0.00
v 5201.27 -103.22 0.00
v 5205.33 -101.81 0.00
v 5209.40 -100.08 0.00
v 5213.46 -98.35 0.00
v 5217.52 -96.63 0.00
v 5221.59 -94.90 0.00
v 5225.65 -92.85 0.00
v 5229.71 -90.71 0.00
v 5233.78 -88.58 0.00
v 5237.84 -86.44 0.00
v 5241.90 -84.09 0.00
v 5245.97 -81.60 0.00
v 5250.03 -79.10 0.00
v 5254.10 -76.60 0.00
v 5258.16 -74.02 0.00
v 5262.22 -71.29 0.00
v 5266.29 -68.56 0.00
v 5270.35 -65.83 0.00
v 5274.41 -63.09 0.00
v 5278.48 -60.28 0.00
v 5282.54 -57.48 0.00
v 5286.60 -54.68 0.00
v 5290.67 -51.88 0.00
v 5294.73 -49.16 0.00
v 5298.79 -46.45 0.00
v 5302.86 -43.74 0.00
v 5306.92 -41.02 0.00
v 5310.98 -38.49 0.00
v 5315.05 -36.01 0.00
v 5319.11 -33.52 0.00
v 5323.17 -31.04 0.00
v 5327.24 -28.75 0.00
v 5331.30 -26.60 0.00
v 5335.37 -24.45 0.00
v 5339.43 -22.31 0.00
v 5343.49 -20.32 0.00
v 5347.56 -18.57 0.00
v 5351.62 -16.82 0.00
v 5355.68 -15.08 0.00
v 5359.75 -13.42 0.00
v 5363.81 -12.10 0.00
v 5367.87 -10.77 0.00
v 5371.94 -9.45 0.00
v 5376.00 -8.13 0.00
v 5120.00 -122.06 -4.06
v 5124.06 -121.35 -4.06
v 5128.13 -120.65 -4.06
v 5132.19 -119.94 -4.06
v 5136.25 -119.24 -4.06
v 5140.32 -118.47 -4.06
v 5144.38 -117.69 -4.06
v 5148.44 -116.90 -4.06
v 5152.51 -116.12 -4.06
v 5156.57 -115.27 -4.06
v 5160.63 -114.38 -4.06
v 5164.70 -113.49 -4.06
v 5168.76 -112.59 -4.06
v 5172.83 -111.63 -4.06
v 5176.89 -110.55 -4.06
v 5180.95 -109.46 -4.06
v 5185.02 -108.38 -4.06
v 5189.08 -107.25 -4.06
v 5193.14 -105.92 -4.06
v 5197.21 -104.59 -4.06
v 5201.27 -103.25 -4.06
v 5205.33 -101.92 -4.06
v 5209.40 -100.28 -4.06
v 5213.46 -98.64 -4.06
v 5217.52 -97.00 -4.06
v 5221.59 -95.36 -4.06
v 5225.65 -93.40 -4.06
v 5229.71 -91.37 -4.06
v 5233.78 -89.33 -4.06
v 5237.84 -87.29 -4.06
v 5241.90 -85.04 -4.06
v 5245.97 -82.65 -4.06
v 5250.03 -80.26 -4.06
v 5254.10 -77.87 -4.06
v 5258.16 -75.38 -4.06
v 5262.22 -72.75 -4.06
v 5266.29 -70.12 -4.06
v 5270.35 -67.50 -4.06
v 5274.41 -64.85 -4.06
v 5278.48 -62.13 -4.06
v 5282.54 -59.40 -4.06
v 5286.60 -56.68 -4.06
v 5290.67 -53.96 -4.06
v 5294.73 -51.29 -4.06
v 5298.79 -48.62 -4.06
v 5302.86 -45.95 -4.06
v 5306.92 -43.28 -4.06
v 5310.98 -40.76 -4.06
v 5315.05 -38.27 -4.06
v 5319.11 -35.78 -4.06
v 5323.17 -33.30 -4.06
v 5327.24 -30.99 -4.06
v 5331.30 -28.79 -4.06
v 5335.37 -26.60 -4.06
v 5339.43 -24.41 -4.06
v 5343.49 -22.37 -4.06
v 5347.56 -20.55 -4.06
v 5351.62 -18.73 -4.06
v 5355.68 -16.91 -4.06
v 5359.75 -15.17 -4.06
v 5363.81 -13.76 -4.06
v 5367.87 -12.35 -4.06
v 5371.94 -10.94 -4.06
v 5376.00 -9.53 -4.06
v 5120.00 -121.60 -8.13
v 5124.06 -120.88 -8.13
v 5128.13 -120.17 -8.13
v 5132.19 -119.45 -8.13
v 5136.25 -118.74 -8.13
v 5140.32 -117.97 -8.13
v 5144.38 -117.20 -8.13
v 5148.44 -116.42 -8.13
v 5152.51 -115.64 -8.13
v 5156.57 -114.81 -8.13
v 5160.63 -113.95 -8.13
v 5164.70 -113.08 -8.13
v 5168.76 -112.21 -8.13
v 5172.83 -111.27 -8.13
v 5176.89 -110.23 -8.13
v 5180.95 -109.19 -8.13
v 5185.02 -108.15 -8.13
v 5189.08 -107.07 -8.13
v 5193.14 -105.81 -8.13
v 5197.21 -104.55 -8.13
v 5201.27 -103.29 -8.13
v 5205.33 -102.04 -8.13
v 5209.40 -100.48 -8.13
v 5213.46 -98.93 -8.13
v 5217.52 -97.38 -8.13
v 5221.59 -95.82 -8.13
v 5225.65 -93.96 -8.13
v 5229.71 -92.02 -8.13
v 5233.78 -90.08 -8.13
v 5237.84 -88.14 -8.13
v 5241.90 -85.99 -8.13
v 5245.97 -83.70 -8.13
v 5250.03 -81.42 -8.13
v 5254.10 -79.13 -8.13
v 5258.16 -76.75 -8.13
v 5262.22 -74.22 -8.13
v 5266.29 -71.69 -8.13
v 5270.35 -69.16 -8.13
v 5274.41 -66.61 -8.13
v 5278.48 -63.97 -8.13
v 5282.54 -61.33 -8.13
v 5286.60 -58.68 -8.13
v 5290.67 -56.04 -8.13
v 5294.73 -53.41 -8.13
v 5298.79 -50.79 -8.13
v 5302.86 -48.16 -8.13
v 5306.92 -45.53 -8.13
v 5310.98 -43.02 -8.13
v 5315.05 -40.53 -8.13
v 5319.11 -38.04 -8.13
v 5323.17 -35.56 -8.13
v 5327.24 -33.22 -8.13
v 5331.30 -30.99 -8.13
v 5335.37 -28.75 -8.13
v 5339.43 -26.52 -8.13
v 5343.49 -24.42 -8.13
v 5347.56 -22.52 -8.13
v 5351.62 -20.63 -8.13
v 5355.68 -18.74 -8.13
v 5359.75 -16.92 -8.13
v 5363.81 -15.42 -8.13
v 5367.87 -13.92 -8.13
v 5371.94 -12.42 -8.13
v 5376.00 -10.92 -8.13
v 5120.00 -121.14 -12.19
v 5124.06 -120.42 -12.19
v 5128.13 -119.69 -12.19
v 5132.19 -118.97 -12.19
v 5136.25 -118.24 -12.19
v 5140.32 -117.48 -12.19
v 5144.38 -116.71 -12.19
v 5148.44 -115.94 -12.19
v 5152.51 -115.17 -12.19
v 5156.57 -114.36 -12.19
v 5160.63 -113.51 -12.19
v 5164.70 -112.67 -12.19
v 5168.76 -111.83 -12.19
v 5172.83 -110.92 -12.19
v 5176.89 -109.92 -12.19
v 5180.95 -108.92 -12.19
v 5185.02 -107.92 -12.19
v 5189.08 -106.88 -12.19
v 5193.14 -105.70 -12.19
v 5197.21 -104.52 -12.19
v 5201.27 -103.33 -12.19
v 5205.33 -102.15 -12.19
v 5209.40 -100.68 -12.19
v 5213.46 -99.22 -12.19
v 5217.52 -97.75 -12.19
v 5221.59 -96.28 -12.19
v 5225.65 -94.52 -12.19
v 5229.71 -92.67 -12.19
v 5233.78 -90.83 -12.19
v 5237.84 -88.99 -12.19
v 5241.90 -86.94 -12.19
v 5245.97 -84.76 -12.19
v 5250.03 -82.58 -12.19
v 5254.10 -80.39 -12.19
v 5258.16 -78.11 -12.19
v 5262.22 -75.69 -12.19
v 5266.29 -73.26 -12.19
v 5270.35 -70.83 -12.19
v 5274.41 -68.37 -12.19
v 5278.48 -65.81 -12.19
v 5282.54 -63.25 -12.19
v 5286.60 -60.68 -12.19
v 5290.67 -58.12 -12.19
v 5294.73 -55.54 -12.19
v 5298.79 -52.96 -12.19
v 5302.86 -50.37 -12.19
v 5306.92 -47.79 -12.19
v 5310.98 -45.28 -12.19
v 5315.05 -42.79 -12.19
v 5319.11 -40.31 -12.19
v 5323.17 -37.82 -12.19
v 5327.24 -35.46 -12.19
v 5331.30 -33.18 -12.19
v 5335.37 -30.90 -12.19
v 5339.43 -28.62 -12.19
v 5343.49 -26.47 -12.19
v 5347.56 -24.50 -12.19
v 5351.62 -22.53 -12.19
v 5355.68 -20.56 -12.19
v 5359.75 -18.67 -12.19
v 5363.81 -17.08 -12.19
v 5367.87 -15.50 -12.19
v 5371.94 -13.91 -12.19
v 5376.00 -12.32 -12.19
v 5120.00 -120.69 -16.25
v 5124.06 -119.95 -16.25
v 5128.13 -119.21 -16.25
v 5132.19 -118.48 -16.25
v 5136.25 -117.74 -16.25
v 5140.32 -116.99 -16.25
v 5144.38 -116.22 -16.25
v 5148.44 -115.46 -16.25
v 5152.51 -114.70 -16.25
v 5156.57 -113.90 -16.25
v 5160.63 -113.08 -16.25
v 5164.70 -112.26 -16.25
v 5168.76 -111.44 -16.25
v 5172.83 -110.57 -16.25
v 5176.89 -109.61 -16.25
v 5180.95 -108.65 -16.25
v 5185.02 -107.69 -16.25
v 5189.08 -106.70 -16.25
v 5193.14 -105.59 -16.25
v 5197.21 -104.48 -16.25
v 5201.27 -103.37 -16.25
v 5205.33 -102.27 -16.25
v 5209.40 -100.89 -16.25
v 5213.46 -99.51 -16.25
v 5217.52 -98.13 -16.25
v 5221.59 -96.75 -16.25
v 5225.65 -95.07 -16.25
v 5229.71 -93.33 -16.25
v 5233.78 -91.58 -16.25
v 5237.84 -89.83 -16.25
v 5241.90 -87.89 -16.25
v 5245.97 -85.81 -16.25
v 5250.03 -83.74 -16.25
v 5254.10 -81.66 -16.25
v 5258.16 -79.48 -16.25
v 5262.22 -77.15 -16.25
v 5266.29 -74.82 -16.25
v 5270.35 -72.50 -16.25
v 5274.41 -70.14 -16.25
v 5278.48 -67.65 -16.25
v 5282.54 -65.17 -16.25
v 5286.60 -62.69 -16.25
v 5290.67 -60.20 -16.25
v 5294.73 -57.66 -16.25
v 5298.79 -55.12 -16.25
v 5302.86 -52.58 -16.25
v 5306.92 -50.04 -16.25
v 5310.98 -47.54 -16.25
v 5315.05 -45.06 -16.25
v 5319.11 -42.57 -16.25
v 5323.17 -40.08 -16.25
v 5327.24 -37.69 -16.25
v 5331.30 -35.37 -16.25
v 5335.37 -33.05 -16.25
v 5339.43 -30.73 -16.25
v 5343.49 -28.52 -16.25
v 5347.56 -26.47 -16.25
v 5351.62 -24.43 -16.25
v 5355.68 -22.39 -16.25
v 5359.75 -20.42 -16.25
v 5363.81 -18.75 -16.25
v 5367.87 -17.07 -16.25
v 5371.94 -15.39 -16.25
v 5376.00 -13.72 -16.25
v 5120.00 -120.39 -20.32
v 5124.06 -119.64 -20.32
v 5128.13 -118.90 -20.32
v 5132.19 -118.15 -20.32
v 5136.25 -117.41 -20.32
v 5140.32 -116.65 -20.32
v 5144.38 -115.89 -20.32
v 5148.44 -115.14 -20.32
v 5152.51 -114.38 -20.32
v 5156.57 -113.60 -20.32
v 5160.63 -112.80 -20.32
v 5164.70 -112.01 -20.32
v 5168.76 -111.22 -20.32
v 5172.83 -110.38 -20.32
v 5176.89 -109.47 -20.32
v 5180.95 -108.56 -20.32
v 5185.02 -107.66 -20.32
v 5189.08 -106.73 -20.32
v 5193.14 -105.68 -20.32
v 5197.21 -104.64 -20.32
v 5201.27 -103.60 -20.32
v 5205.33 -102.56 -20.32
v 5209.40 -101.25 -20.32
v 5213.46 -99.94 -20.32
v 5217.52 -98.64 -20.32
v 5221.59 -97.33 -20.32
v 5225.65 -95.75 -20.32
v 5229.71 -94.09 -20.32
v 5233.78 -92.44 -20.32
v 5237.84 -90.78 -20.32
v 5241.90 -88.94 -20.32
v 5245.97 -86.96 -20.32
v 5250.03 -84.99 -20.32
v 5254.10 -83.02 -20.32
v 5258.16 -80.94 -20.32
v 5262.22 -78.72 -20.32
v 5266.29 -76.50 -20.32
v 5270.35 -74.27 -20.32
v 5274.41 -72.02 -20.32
v 5278.48 -69.62 -20.32
v 5282.54 -67.23 -20.32
v 5286.60 -64.83 -20.32
v 5290.67 -62.43 -20.32
v 5294.73 -59.95 -20.32
v 5298.79 -57.47 -20.32
v 5302.86 -54.98 -20.32
v 5306.92 -52.49 -20.32
v 5310.98 -50.02 -20.32
v 5315.05 -47.54 -20.32
v 5319.11 -45.06 -20.32
v 5323.17 -42.58 -20.32
v 5327.24 -40.18 -20.32
v 5331.30 -37.82 -20.32
v 5335.37 -35.47 -20.32
v 5339.43 -33.11 -20.32
v 5343.49 -30.85 -20.32
v 5347.56 -28.74 -20.32
v 5351.62 -26.63 -20.32
v 5355.68 -24.52 -20.32
v 5359.75 -22.48 -20.32
v 5363.81 -20.71 -20.32
v 5367.87 -18.94 -20.32
v 5371.94 -17.17 -20.32
v 5376.00 -15.40 -20.32
v 5120.00 -120.14 -24.38
v 5124.06 -119.38 -24.38
v 5128.13 -118.62 -24.38
v 5132.19 -117.87 -24.38
v 5136.25 -117.11 -24.38
v 5140.32 -116.36 -24.38
v 5144.38 -115.61 -24.38
v 5148.44 -114.85 -24.38
v 5152.51 -114.10 -24.38
v 5156.57 -113.34 -24.38
v 5160.63 -112.57 -24.38
v 5164.70 -111.80 -24.38
v 5168.76 -111.03 -24.38
v 5172.83 -110.23 -24.38
v 5176.89 -109.38 -24.38
v 5180.95 -108.53 -24.38
v 5185.02 -107.69 -24.38
v 5189.08 -106.81 -24.38
v 5193.14 -105.83 -24.38
v 5197.21 -104.85 -24.38
v 5201.27 -103.87 -24.38
v 5205.33 -102.90 -24.38
v 5209.40 -101.66 -24.38
v 5213.46 -100.42 -24.38
v 5217.52 -99.18 -24.38
v 5221.59 -97.95 -24.38
v 5225.65 -96.45 -24.38
v 5229.71 -94.88 -24.38
v 5233.78 -93.32 -24.38
v 5237.84 -91.75 -24.38
v 5241.90 -90.00 -24.38
v 5245.97 -88.14 -24.38
v 5250.03 -86.27 -24.38
v 5254.10 -84.40 -24.38
v 5258.16 -82.43 -24.38
v 5262.22 -80.31 -24.38
v 5266.29 -78.20 -24.38
v 5270.35 -76.08 -24.38
v 5274.41 -73.93 -24.38
v 5278.48 -71.62 -24.38
v 5282.54 -69.31 -24.38
v 5286.60 -67.01 -24.38
v 5290.67 -64.70 -24.38
v 5294.73 -62.28 -24.38
v 5298.79 -59.85 -24.38
v 5302.86 -57.42 -24.38
v 5306.92 -55.00 -24.38
v 5310.98 -52.54 -24.38
v 5315.05 -50.07 -24.38
v 5319.11 -47.61 -24.38
v 5323.17 -45.15 -24.38
v 5327.24 -42.73 -24.38
v 5331.30 -40.34 -24.38
v 5335.37 -37.96 -24.38
v 5339.43 -35.57 -24.38
v 5343.49 -33.26 -24.38
v 5347.56 -31.08 -24.38
v 5351.62 -28.90 -24.38
v 5355.68 -26.72 -24.38
v 5359.75 -24.60 -24.38
v 5363.81 -22.74 -24.38
v 5367.87 -20.87 -24.38
v 5371.94 -19.01 -24.38
v 5376.00 -17.15 -24.38
v 5120.00 -119.88 -28.44
v 5124.06 -119.12 -28.44
v 5128.13 -118.35 -28.44
v 5132.19 -117.58 -28.44
v 5136.25 -116.82 -28.44
v 5140.32 -116.07 -28.44
v 5144.38 -115.32 -28.44
v 5148.44 -114.57 -28.44
v 5152.51 -113.83 -28.44
v 5156.57 -113.08 -28.44
v 5160.63 -112.33 -28.44
v 5164.70 -111.59 -28.44
v 5168.76 -110.84 -28.44
v 5172.83 -110.08 -28.44
v 5176.89 -109.29 -28.44
v 5180.95 -108.50 -28.44
v 5185.02 -107.71 -28.44
v 5189.08 -106.90 -28.44
v 5193.14 -105.98 -28.44
v 5197.21 -105.07 -28.44
v 5201.27 -104.15 -28.44
v 5205.33 -103.23 -28.44
v 5209.40 -102.07 -28.44
v 5213.46 -100.90 -28.44
v 5217.52 -99.73 -28.44
v 5221.59 -98.56 -28.44
v 5225.65 -97.15 -28.44
v 5229.71 -95.67 -28.44
v 5233.78 -94.20 -28.44
v 5237.84 -92.72 -28.44
v 5241.90 -91.07 -28.44
v 5245.97 -89.31 -28.44
v 5250.03 -87.55 -28.44
v 5254.10 -85.78 -28.44
v 5258.16 -83.92 -28.44
v 5262.22 -81.91 -28.44
v 5266.29 -79.90 -28.44
v 5270.35 -77.89 -28.44
v 5274.41 -75.83 -28.44
v 5278.48 -73.62 -28.44
v 5282.54 -71.40 -28.44
v 5286.60 -69.19 -28.44
v 5290.67 -66.97 -28.44
v 5294.73 -64.61 -28.44
v 5298.79 -62.24 -28.44
v 5302.86 -59.87 -28.44
v 5306.92 -57.50 -28.44
v 5310.98 -55.06 -28.44
v 5315.05 -52.61 -28.44
v 5319.11 -50.16 -28.44
v 5323.17 -47.71 -28.44
v 5327.24 -45.28 -28.44
v 5331.30 -42.86 -28.44
v 5335.37 -40.44 -28.44
v 5339.43 -38.03 -28.44
v 5343.49 -35.67 -28.44
v 5347.56 -33.42 -28.44
v 5351.62 -31.17 -28.44
v 5355.68 -28.92 -28.44
v 5359.75 -26.73 -28.44
v 5363.81 -24.77 -28.44
v 5367.87 -22.81 -28.44
v 5371.94 -20.86 -28.44
v 5376.00 -18.90 -28.44
v 5120.00 -119.63 -32.51
v 5124.06 -118.85 -32.51
v 5128.13 -118.07 -32.51
v 5132.19 -117.30 -32.51
v 5136.25 -116.52 -32.51
v 5140.32 -115.77 -32.51
v 5144.38 -115.03 -32.51
v 5148.44 -114.29 -32.51
v 5152.51 -113.55 -32.51
v 5156.57 -112.82 -32.51
v 5160.63 -112.10 -32.51
v 5164.70 -111.38 -32.51
v 5168.76 -110.65 -32.51
v 5172.83 -109.93 -32.51
v 5176.89 -109.20 -32.51
v 5180.95 -108.47 -32.51
v 5185.02 -107.74 -32.51
v 5189.08 -106.98 -32.51
v 5193.14 -106.13 -32.51
v 5197.21 -105.28 -32.51
v 5201.27 -104.42 -32.51
v 5205.33 -103.57 -32.51
v 5209.40 -102.47 -32.51
v 5213.46 -101.37 -32.51
v 5217.52 -100.27 -32.51
v 5221.59 -99.18 -32.51
v 5225.65 -97.85 -32.51
v 5229.71 -96.46 -32.51
v 5233.78 -95.08 -32.51
v 5237.84 -93.69 -32.51
v 5241.90 -92.14 -32.51
v 5245.97 -90.48 -32.51
v 5250.03 -88.82 -32.51
v 5254.10 -87.16 -32.51
v 5258.16 -85.41 -32.51
v 5262.22 -83.50 -32.51
v 5266.29 -81.60 -32.51
v 5270.35 -79.69 -32.51
v 5274.41 -77.74 -32.51
v 5278.48 -75.62 -32.51
v 5282.54 -73.49 -32.51
v 5286.60 -71.37 -32.51
v 5290.67 -69.24 -32.51
v 5294.73 -66.93 -32.51
v 5298.79 -64.62 -32.51
v 5302.86 -62.31 -32.51
v 5306.92 -60.00 -32.51
v 5310.98 -57.58 -32.51
v 5315.05 -55.15 -32.51
v 5319.11 -52.71 -32.51
v 5323.17 -50.28 -32.51
v 5327.24 -47.83 -32.51
v 5331.30 -45.38 -32.51
v 5335.37 -42.93 -32.51
v 5339.43 -40.48 -32.51
v 5343.49 -38.08 -32.51
v 5347.56 -35.76 -32.51
v 5351.62 -33.44 -32.51
v 5355.68 -31.12 -32.51
v 5359.75 -28.86 -32.51
v 5363.81 -26.80 -32.51
v 5367.87 -24.75 -32.51
v 5371.94 -22.70 -32.51
v 5376.00 -20.65 -32.51
v 5120.00 -119.74 -36.57
v 5124.06 -118.96 -36.57
v 5128.13 -118.17 -36.57
v 5132.19 -117.39 -36.57
v 5136.25 -116.60 -36.57
v 5140.32 -115.86 -36.57
v 5144.38 -115.12 -36.57
v 5148.44 -114.39 -36.57
v 5152.51 -113.65 -36.57
v 5156.57 -112.93 -36.57
v 5160.63 -112.23 -36.57
v 5164.70 -111.53 -36.57
v 5168.76 -110.82 -36.57
v 5172.83 -110.12 -36.57
v 5176.89 -109.43 -36.57
v 5180.95 -108.73 -36.57
v 5185.02 -108.04 -36.57
v 5189.08 -107.32 -36.57
v 5193.14 -106.51 -36.57
v 5197.21 -105.70 -36.57
v 5201.27 -104.90 -36.57
v 5205.33 -104.09 -36.57
v 5209.40 -103.05 -36.57
v 5213.46 -102.02 -36.57
v 5217.52 -100.98 -36.57
v 5221.59 -99.94 -36.57
v 5225.65 -98.69 -36.57
v 5229.71 -97.39 -36.57
v 5233.78 -96.09 -36.57
v 5237.84 -94.79 -36.57
v 5241.90 -93.33 -36.57
v 5245.97 -91.77 -36.57
v 5250.03 -90.21 -36.57
v 5254.10 -88.65 -36.57
v 5258.16 -86.99 -36.57
v 5262.22 -85.19 -36.57
v 5266.29 -83.38 -36.57
v 5270.35 -81.58 -36.57
v 5274.41 -79.73 -36.57
v 5278.48 -77.69 -36.57
v 5282.54 -75.65 -36.57
v 5286.60 -73.62 -36.57
v 5290.67 -71.58 -36.57
v 5294.73 -69.33 -36.57
v 5298.79 -67.07 -36.57
v 5302.86 -64.82 -36.57
v 5306.92 -62.57 -36.57
v 5310.98 -60.18 -36.57
v 5315.05 -57.76 -36.57
v 5319.11 -55.35 -36.57
v 5323.17 -52.93 -36.57
v 5327.24 -50.48 -36.57
v 5331.30 -48.00 -36.57
v 5335.37 -45.53 -36.57
v 5339.43 -43.05 -36.57
v 5343.49 -40.61 -36.57
v 5347.56 -38.23 -36.57
v 5351.62 -35.84 -36.57
v 5355.68 -33.46 -36.57
v 5359.75 -31.12 -36.57
v 5363.81 -28.98 -36.57
v 5367.87 -26.83 -36.57
v 5371.94 -24.69 -36.57
v 5376.00 -22.55 -36.57
v 5120.00 -120.09 -40.63
v 5124.06 -119.30 -40.63
v 5128.13 -118.52 -40.63
v 5132.19 -117.73 -40.63
v 5136.25 -116.94 -40.63
v 5140.32 -116.20 -40.63
v 5144.38 -115.47 -40.63
v 5148.44 -114.74 -40.63
v 5152.51 -114.01 -40.63
v 5156.57 -113.30 -40.63
v 5160.63 -112.61 -40.63
v 5164.70 -111.92 -40.63
v 5168.76 -111.23 -40.63
v 5172.83 -110.55 -40.63
v 5176.89 -109.87 -40.63
v 5180.95 -109.20 -40.63
v 5185.02 -108.52 -40.63
v 5189.08 -107.82 -40.63
v 5193.14 -107.05 -40.63
v 5197.21 -106.27 -40.63
v 5201.27 -105.50 -40.63
v 5205.33 -104.73 -40.63
v 5209.40 -103.75 -40.63
v 5213.46 -102.77 -40.63
v 5217.52 -101.79 -40.63
v 5221.59 -100.81 -40.63
v 5225.65 -99.64 -40.63
v 5229.71 -98.41 -40.63
v 5233.78 -97.19 -40.63
v 5237.84 -95.97 -40.63
v 5241.90 -94.60 -40.63
v 5245.97 -93.13 -40.63
v 5250.03 -91.67 -40.63
v 5254.10 -90.20 -40.63
v 5258.16 -88.64 -40.63
v 5262.22 -86.93 -40.63
v 5266.29 -85.23 -40.63
v 5270.35 -83.52 -40.63
v 5274.41 -81.76 -40.63
v 5278.48 -79.81 -40.63
v 5282.54 -77.86 -40.63
v 5286.60 -75.91 -40.63
v 5290.67 -73.96 -40.63
v 5294.73 -71.77 -40.63
v 5298.79 -69.57 -40.63
v 5302.86 -67.38 -40.63
v 5306.92 -65.18 -40.63
v 5310.98 -62.83 -40.63
v 5315.05 -60.43 -40.63
v 5319.11 -58.03 -40.63
v 5323.17 -55.64 -40.63
v 5327.24 -53.18 -40.63
v 5331.30 -50.68 -40.63
v 5335.37 -48.19 -40.63
v 5339.43 -45.69 -40.63
v 5343.49 -43.22 -40.63
v 5347.56 -40.77 -40.63
v 5351.62 -38.33 -40.63
v 5355.68 -35.88 -40.63
v 5359.75 -33.48 -40.63
v 5363.81 -31.25 -40.63
v 5367.87 -29.01 -40.63
v 5371.94 -26.78 -40.63
v 5376.00 -24.54 -40.63
v 5120.00 -120.44 -44.70
v 5124.06 -119.65 -44.70
v 5128.13 -118.86 -44.70
v 5132.19 -118.07 -44.70
v 5136.25 -117.28 -44.70
v 5140.32 -116.54 -44.70
v 5144.38 -115.81 -44.70
v 5148.44 -115.09 -44.70
v 5152.51 -114.36 -44.70
v 5156.57 -113.67 -44.70
v 5160.63 -112.99 -44.70
v 5164.70 -112.32 -44.70
v 5168.76 -111.64 -44.70
v 5172.83 -110.98 -44.70
v 5176.89 -110.32 -44.70
v 5180.95 -109.66 -44.70
v 5185.02 -109.00 -44.70
v 5189.08 -108.33 -44.70
v 5193.14 -107.59 -44.70
v 5197.21 -106.85 -44.70
v 5201.27 -106.10 -44.70
v 5205.33 -105.36 -44.70
v 5209.40 -104.44 -44.70
v 5213.46 -103.52 -44.70
v 5217.52 -102.60 -44.70
v 5221.59 -101.68 -44.70
v 5225.65 -100.58 -44.70
v 5229.71 -99.44 -44.70
v 5233.78 -98.29 -44.70
v 5237.84 -97.15 -44.70
v 5241.90 -95.87 -44.70
v 5245.97 -94.50 -44.70
v 5250.03 -93.12 -44.70
v 5254.10 -91.75 -44.70
v 5258.16 -90.28 -44.70
v 5262.22 -88.68 -44.70
v 5266.29 -87.07 -44.70
v 5270.35 -85.46 -44.70
v 5274.41 -83.80 -44.70
v 5278.48 -81.94 -44.70
v 5282.54 -80.07 -44.70
v 5286.60 -78.21 -44.70
v 5290.67 -76.34 -44.70
v 5294.73 -74.21 -44.70
v 5298.79 -72.07 -44.70
v 5302.86 -69.94 -44.70
v 5306.92 -67.80 -44.70
v 5310.98 -65.47 -44.70
v 5315.05 -63.10 -44.70
v 5319.11 -60.72 -44.70
v 5323.17 -58.35 -44.70
v 5327.24 -55.89 -44.70
v 5331.30 -53.37 -44.70
v 5335.37 -50.85 -44.70
v 5339.43 -48.33 -44.70
v 5343.49 -45.82 -44.70
v 5347.56 -43.32 -44.70
v 5351.62 -40.81 -44.70
v 5355.68 -38.31 -44.70
v 5359.75 -35.84 -44.70
v 5363.81 -33.51 -44.70
v 5367.87 -31.19 -44.70
v 5371.94 -28.87 -44.70
v 5376.00 -26.54 -44.70
v 5120.00 -120.80 -48.76
v 5124.06 -120.00 -48.76
v 5128.13 -119.21 -48.76
v 5132.19 -118.41 -48.76
v 5136.25 -117.62 -48.76
v 5140.32 -116.88 -48.76
v 5144.38 -116.16 -48.76
v 5148.44 -115.44 -48.76
v 5152.51 -114.71 -48.76
v 5156.57 -114.03 -48.76
v 5160.63 -113.37 -48.76
v 5164.70 -112.71 -48.76
v 5168.76 -112.05 -48.76
v 5172.83 -111.40 -48.76
v 5176.89 -110.76 -48.76
v 5180.95 -110.12 -48.76
v 5185.02 -109.48 -48.76
v 5189.08 -108.83 -48.76
v 5193.14 -108.12 -48.76
v 5197.21 -107.42 -48.76
v 5201.27 -106.71 -48.76
v 5205.33 -106.00 -48.76
v 5209.40 -105.14 -48.76
v 5213.46 -104.27 -48.76
v 5217.52 -103.41 -48.76
v 5221.59 -102.54 -48.76
v 5225.65 -101.52 -48.76
v 5229.71 -100.46 -48.76
v 5233.78 -99.39 -48.76
v 5237.84 -98.33 -48.76
v 5241.90 -97.14 -48.76
v 5245.97 -95.86 -48.76
v 5250.03 -94.58 -48.76
v 5254.10 -93.30 -48.76
v 5258.16 -91.93 -48.76
v 5262.22 -90.42 -48.76
v 5266.29 -88.91 -48.76
v 5270.35 -87.40 -48.76
v 5274.41 -85.84 -48.76
v 5278.48 -84.06 -48.76
v 5282.54 -82.28 -48.76
v 5286.60 -80.50 -48.76
v 5290.67 -78.73 -48.76
v 5294.73 -76.65 -48.76
v 5298.79 -74.57 -48.76
v 5302.86 -72.50 -48.76
v 5306.92 -70.42 -48.76
v 5310.98 -68.12 -48.76
v 5315.05 -65.76 -48.76
v 5319.11 -63.41 -48.76
v 5323.17 -61.05 -48.76
v 5327.24 -58.59 -48.76
v 5331.30 -56.05 -48.76
v 5335.37 -53.51 -48.76
v 5339.43 -50.97 -48.76
v 5343.49 -48.43 -48.76
v 5347.56 -45.86 -48.76
v 5351.62 -43.30 -48.76
v 5355.68 -40.73 -48.76
v 5359.75 -38.19 -48.76
v 5363.81 -35.78 -48.76
v 5367.87 -33.37 -48.76
v 5371.94 -30.95 -48.76
v 5376.00 -28.54 -48.76
v 5120.00 -121.25 -52.83
v 5124.06 -120.45 -52.83
v 5128.13 -119.65 -52.83
v 5132.19 -118.86 -52.83
v 5136.25 -118.06 -52.83
v 5140.32 -117.33 -52.83
v 5144.38 -116.61 -52.83
v 5148.44 -115.90 -52.83
v 5152.51 -115.18 -52.83
v 5156.57 -114.51 -52.83
v 5160.63 -113.86 -52.83
v 5164.70 -113.22 -52.83
v 5168.76 -112.58 -52.83
v 5172.83 -111.94 -52.83
v 5176.89 -111.32 -52.83
v 5180.95 -110.71 -52.83
v 5185.02 -110.09 -52.83
v 5189.08 -109.46 -52.83
v 5193.14 -108.79 -52.83
v 5197.21 -108.12 -52.83
v 5201.27 -107.44 -52.83
v 5205.33 -106.77 -52.83
v 5209.40 -105.96 -52.83
v 5213.46 -105.15 -52.83
v 5217.52 -104.35 -52.83
v 5221.59 -103.54 -52.83
v 5225.65 -102.58 -52.83
v 5229.71 -101.59 -52.83
v 5233.78 -100.60 -52.83
v 5237.84 -99.61 -52.83
v 5241.90 -98.50 -52.83
v 5245.97 -97.31 -52.83
v 5250.03 -96.12 -52.83
v 5254.10 -94.93 -52.83
v 5258.16 -93.65 -52.83
v 5262.22 -92.23 -52.83
v 5266.29 -90.81 -52.83
v 5270.35 -89.39 -52.83
v 5274.41 -87.91 -52.83
v 5278.48 -86.21 -52.83
v 5282.54 -84.51 -52.83
v 5286.60 -82.82 -52.83
v 5290.67 -81.12 -52.83
v 5294.73 -79.09 -52.83
v 5298.79 -77.07 -52.83
v 5302.86 -75.05 -52.83
v 5306.92 -73.03 -52.83
v 5310.98 -70.76 -52.83
v 5315.05 -68.42 -52.83
v 5319.11 -66.09 -52.83
v 5323.17 -63.75 -52.83
v 5327.24 -61.29 -52.83
v 5331.30 -58.73 -52.83
v 5335.37 -56.17 -52.83
v 5339.43 -53.62 -52.83
v 5343.49 -51.03 -52.83
v 5347.56 -48.41 -52.83
v 5351.62 -45.79 -52.83
v 5355.68 -43.17 -52.83
v 5359.75 -40.58 -52.83
v 5363.81 -38.08 -52.83
v 5367.87 -35.58 -52.83
v 5371.94 -33.08 -52.83
v 5376.00 -30.58 -52.83
v 5120.00 -121.85 -56.89
v 5124.06 -121.05 -56.89
v 5128.13 -120.26 -56.89
v 5132.19 -119.46 -56.89
v 5136.25 -118.67 -56.89
v 5140.32 -117.94 -56.89
v 5144.38 -117.23 -56.89
v 5148.44 -116.52 -56.89
v 5152.51 -115.81 -56.89
v 5156.57 -115.15 -56.89
v 5160.63 -114.52 -56.89
v 5164.70 -113.90 -56.89
v 5168.76 -113.27 -56.89
v 5172.83 -112.65 -56.89
v 5176.89 -112.06 -56.89
v 5180.95 -111.47 -56.89
v 5185.02 -110.87 -56.89
v 5189.08 -110.27 -56.89
v 5193.14 -109.64 -56.89
v 5197.21 -109.01 -56.89
v 5201.27 -108.37 -56.89
v 5205.33 -107.74 -56.89
v 5209.40 -106.98 -56.89
v 5213.46 -106.23 -56.89
v 5217.52 -105.47 -56.89
v 5221.59 -104.71 -56.89
v 5225.65 -103.82 -56.89
v 5229.71 -102.90 -56.89
v 5233.78 -101.98 -56.89
v 5237.84 -101.05 -56.89
v 5241.90 -100.02 -56.89
v 5245.97 -98.90 -56.89
v 5250.03 -97.79 -56.89
v 5254.10 -96.68 -56.89
v 5258.16 -95.47 -56.89
v 5262.22 -94.13 -56.89
v 5266.29 -92.79 -56.89
v 5270.35 -91.44 -56.89
v 5274.41 -90.05 -56.89
v 5278.48 -88.41 -56.89
v 5282.54 -86.78 -56.89
v 5286.60 -85.15 -56.89
v 5290.67 -83.52 -56.89
v 5294.73 -81.55 -56.89
v 5298.79 -79.57 -56.89
v 5302.86 -77.60 -56.89
v 5306.92 -75.63 -56.89
v 5310.98 -73.38 -56.89
v 5315.05 -71.06 -56.89
v 5319.11 -68.75 -56.89
v 5323.17 -66.43 -56.89
v 5327.24 -63.97 -56.89
v 5331.30 -61.40 -56.89
v 5335.37 -58.83 -56.89
v 5339.43 -56.26 -56.89
v 5343.49 -53.65 -56.89
v 5347.56 -50.98 -56.89
v 5351.62 -48.32 -56.89
v 5355.68 -45.65 -56.89
v 5359.75 -43.00 -56.89
v 5363.81 -40.42 -56.89
v 5367.87 -37.85 -56.89
v 5371.94 -35.27 -56.89
v 5376.00 -32.69 -56.89
v 5120.00 -122.45 -60.95
v 5124.06 -121.66 -60.95
v 5128.13 -120.86 -60.95
v 5132.19 -120.07 -60.95
v 5136.25 -119.28 -60.95
v 5140.32 -118.55 -60.95
v 5144.38 -117.85 -60.95
v 5148.44 -117.15 -60.95
v 5152.51 -116.45 -60.95
v 5156.57 -115.80 -60.95
v 5160.63 -115.19 -60.95
v 5164.70 -114.57 -60.95
v 5168.76 -113.96 -60.95
v 5172.83 -113.36 -60.95
v 5176.89 -112.80 -60.95
v 5180.95 -112.23 -60.95
v 5185.02 -111.66 -60.95
v 5189.08 -111.09 -60.95
v 5193.14 -110.49 -60.95
v 5197.21 -109.90 -60.95
v 5201.27 -109.30 -60.95
v 5205.33 -108.71 -60.95
v 5209.40 -108.00 -60.95
v 5213.46 -107.30 -60.95
v 5217.52 -106.60 -60.95
v 5221.59 -105.89 -60.95
v 5225.65 -105.07 -60.95
v 5229.71 -104.21 -60.95
v 5233.78 -103.35 -60.95
v 5237.84 -102.50 -60.95
v 5241.90 -101.53 -60.95
v 5245.97 -100.49 -60.95
v 5250.03 -99.46 -60.95
v 5254.10 -98.42 -60.95
v 5258.16 -97.29 -60.95
v 5262.22 -96.03 -60.95
v 5266.29 -94.76 -60.95
v 5270.35 -93.50 -60.95
v 5274.41 -92.18 -60.95
v 5278.48 -90.61 -60.95
v 5282.54 -89.05 -60.95
v 5286.60 -87.49 -60.95
v 5290.67 -85.93 -60.95
v 5294.73 -84.00 -60.95
v 5298.79 -82.07 -60.95
v 5302.86 -80.15 -60.95
v 5306.92 -78.22 -60.95
v 5310.98 -76.00 -60.95
v 5315.05 -73.71 -60.95
v 5319.11 -71.41 -60.95
v 5323.17 -69.12 -60.95
v 5327.24 -66.65 -60.95
v 5331.30 -64.07 -60.95
v 5335.37 -61.48 -60.95
v 5339.43 -58.90 -60.95
v 5343.49 -56.27 -60.95
v 5347.56 -53.55 -60.95
v 5351.62 -50.84 -60.95
v 5355.68 -48.12 -60.95
v 5359.75 -45.42 -60.95
v 5363.81 -42.77 -60.95
v 5367.87 -40.11 -60.95
v 5371.94 -37.46 -60.95
v 5376.00 -34.81 -60.95
v 5120.00 -123.05 -65.02
v 5124.06 -122.26 -65.02
v 5128.13 -121.47 -65.02
v 5132.19 -120.68 -65.02
v 5136.25 -119.88 -65.02
v 5140.32 -119.17 -65.02
v 5144.38 -118.47 -65.02
v 5148.44 -117.78 -65.02
v 5152.51 -117.08 -65.02
v 5156.57 -116.44 -65.02
v 5160.63 -115.85 -65.02
v 5164.70 -115.25 -65.02
v 5168.76 -114.65 -65.02
v 5172.83 -114.07 -65.02
v 5176.89 -113.53 -65.02
v 5180.95 -112.99 -65.02
v 5185.02 -112.45 -65.02
v 5189.08 -111.90 -65.02
v 5193.14 -111.35 -65.02
v 5197.21 -110.79 -65.02
v 5201.27 -110.23 -65.02
v 5205.33 -109.67 -65.02
v 5209.40 -109.02 -65.02
v 5213.46 -108.37 -65.02
v 5217.52 -107.72 -65.02
v 5221.59 -107.07 -65.02
v 5225.65 -106.31 -65.02
v 5229.71 -105.52 -65.02
v 5233.78 -104.73 -65.02
v 5237.84 -103.94 -65.02
v 5241.90 -103.05 -65.02
v 5245.97 -102.09 -65.02
v 5250.03 -101.12 -65.02
v 5254.10 -100.16 -65.02
v 5258.16 -99.11 -65.02
v 5262.22 -97.93 -65.02
v 5266.29 -96.74 -65.02
v 5270.35 -95.56 -65.02
v 5274.41 -94.31 -65.02
v 5278.48 -92.81 -65.02
v 5282.54 -91.32 -65.02
v 5286.60 -89.83 -65.02
v 5290.67 -88.33 -65.02
v 5294.73 -86.45 -65.02
v 5298.79 -84.58 -65.02
v 5302.86 -82.70 -65.02
v 5306.92 -80.82 -65.02
v 5310.98 -78.62 -65.02
v 5315.05 -76.35 -65.02
v 5319.11 -74.07 -65.02
v 5323.17 -71.80 -65.02
v 5327.24 -69.33 -65.02
v 5331.30 -66.74 -65.02
v 5335.37 -64.14 -65.02
v 5339.43 -61.54 -65.02
v 5343.49 -58.88 -65.02
v 5347.56 -56.12 -65.02
v 5351.62 -53.36 -65.02
v 5355.68 -50.60 -65.02
v 5359.75 -47.84 -65.02
v 5363.81 -45.11 -65.02
v 5367.87 -42.38 -65.02
v 5371.94 -39.65 -65.02
v 5376.00 -36.92 -65.02
v 5120.00 -123.70 -69.08
v 5124.06 -122.91 -69.08
v 5128.13 -122.12 -69.08
v 5132.19 -121.33 -69.08
v 5136.25 -120.54 -69.08
v 5140.32 -119.83 -69.08
v 5144.38 -119.14 -69.08
v 5148.44 -118.45 -69.08
v 5152.51 -117.76 -69.08
v 5156.57 -117.14 -69.08
v 5160.63 -116.56 -69.08
v 5164.70 -115.97 -69.08
v 5168.76 -115.39 -69.08
v 5172.83 -114.84 -69.08
v 5176.89 -114.32 -69.08
v 5180.95 -113.81 -69.08
v 5185.02 -113.29 -69.08
v 5189.08 -112.78 -69.08
v 5193.14 -112.26 -69.08
v 5197.21 -111.74 -69.08
v 5201.27 -111.22 -69.08
v 5205.33 -110.70 -69.08
v 5209.40 -110.10 -69.08
v 5213.46 -109.51 -69.08
v 5217.52 -108.91 -69.08
v 5221.59 -108.31 -69.08
v 5225.65 -107.61 -69.08
v 5229.71 -106.88 -69.08
v 5233.78 -106.16 -69.08
v 5237.84 -105.43 -69.08
v 5241.90 -104.61 -69.08
v 5245.97 -103.72 -69.08
v 5250.03 -102.83 -69.08
v 5254.10 -101.94 -69.08
v 5258.16 -100.96 -69.08
v 5262.22 -99.85 -69.08
v 5266.29 -98.74 -69.08
v 5270.35 -97.62 -69.08
v 5274.41 -96.45 -69.08
v 5278.48 -95.02 -69.08
v 5282.54 -93.58 -69.08
v 5286.60 -92.15 -69.08
v 5290.67 -90.72 -69.08
v 5294.73 -88.89 -69.08
v 5298.79 -87.06 -69.08
v 5302.86 -85.22 -69.08
v 5306.92 -83.39 -69.08
v 5310.98 -81.22 -69.08
v 5315.05 -78.96 -69.08
v 5319.11 -76.71 -69.08
v 5323.17 -74.45 -69.08
v 5327.24 -71.98 -69.08
v 5331.30 -69.38 -69.08
v 5335.37 -66.77 -69.08
v 5339.43 -64.16 -69.08
v 5343.49 -61.47 -69.08
v 5347.56 -58.67 -69.08
v 5351.62 -55.86 -69.08
v 5355.68 -53.06 -69.08
v 5359.75 -50.25 -69.08
v 5363.81 -47.45 -69.08
v 5367.87 -44.64 -69.08
v 5371.94 -41.84 -69.08
v 5376.00 -39.03 -69.08
v 5120.00 -124.52 -73.14
v 5124.06 -123.73 -73.14
v 5128.13 -122.95 -73.14
v 5132.19 -122.17 -73.14
v 5136.25 -121.38 -73.14
v 5140.32 -120.68 -73.14
v 5144.38 -120.00 -73.14
v 5148.44 -119.33 -73.14
v 5152.51 -118.65 -73.14
v 5156.57 -118.04 -73.14
v 5160.63 -117.47 -73.14
v 5164.70 -116.91 -73.14
v 5168.76 -116.34 -73.14
v 5172.83 -115.81 -73.14
v 5176.89 -115.33 -73.14
v 5180.95 -114.84 -73.14
v 5185.02 -114.36 -73.14
v 5189.08 -113.87 -73.14
v 5193.14 -113.40 -73.14
v 5197.21 -112.93 -73.14
v 5201.27 -112.45 -73.14
v 5205.33 -111.98 -73.14
v 5209.40 -111.43 -73.14
v 5213.46 -110.88 -73.14
v 5217.52 -110.33 -73.14
v 5221.59 -109.78 -73.14
v 5225.65 -109.13 -73.14
v 5229.71 -108.46 -73.14
v 5233.78 -107.79 -73.14
v 5237.84 -107.12 -73.14
v 5241.90 -106.35 -73.14
v 5245.97 -105.51 -73.14
v 5250.03 -104.68 -73.14
v 5254.10 -103.85 -73.14
v 5258.16 -102.92 -73.14
v 5262.22 -101.86 -73.14
v 5266.29 -100.80 -73.14
v 5270.35 -99.74 -73.14
v 5274.41 -98.61 -73.14
v 5278.48 -97.23 -73.14
v 5282.54 -95.84 -73.14
v 5286.60 -94.45 -73.14
v 5290.67 -93.06 -73.14
v 5294.73 -91.26 -73.14
v 5298.79 -89.46 -73.14
v 5302.86 -87.66 -73.14
v 5306.92 -85.86 -73.14
v 5310.98 -83.70 -73.14
v 5315.05 -81.46 -73.14
v 5319.11 -79.22 -73.14
v 5323.17 -76.97 -73.14
v 5327.24 -74.51 -73.14
v 5331.30 -71.90 -73.14
v 5335.37 -69.28 -73.14
v 5339.43 -66.67 -73.14
v 5343.49 -63.96 -73.14
v 5347.56 -61.13 -73.14
v 5351.62 -58.29 -73.14
v 5355.68 -55.45 -73.14
v 5359.75 -52.61 -73.14
v 5363.81 -49.75 -73.14
v 5367.87 -46.89 -73.14
v 5371.94 -44.02 -73.14
v 5376.00 -41.16 -73.14
v 5120.00 -125.34 -77.21
v 5124.06 -124.56 -77.21
v 5128.13 -123.78 -77.21
v 5132.19 -123.01 -77.21
v 5136.25 -122.23 -77.21
v 5140.32 -121.54 -77.21
v 5144.38 -120.87 -77.21
v 5148.44 -120.20 -77.21
v 5152.51 -119.53 -77.21
v 5156.57 -118.94 -77.21
v 5160.63 -118.39 -77.21
v 5164.70 -117.84 -77.21
v 5168.76 -117.30 -77.21
v 5172.83 -116.79 -77.21
v 5176.89 -116.33 -77.21
v 5180.95 -115.88 -77.21
v 5185.02 -115.42 -77.21
v 5189.08 -114.97 -77.21
v 5193.14 -114.54 -77.21
v 5197.21 -114.11 -77.21
v 5201.27 -113.68 -77.21
v 5205.33 -113.25 -77.21
v 5209.40 -112.75 -77.21
v 5213.46 -112.25 -77.21
v 5217.52 -111.75 -77.21
v 5221.59 -111.25 -77.21
v 5225.65 -110.66 -77.21
v 5229.71 -110.04 -77.21
v 5233.78 -109.42 -77.21
v 5237.84 -108.80 -77.21
v 5241.90 -108.09 -77.21
v 5245.97 -107.31 -77.21
v 5250.03 -106.53 -77.21
v 5254.10 -105.75 -77.21
v 5258.16 -104.88 -77.21
v 5262.22 -103.87 -77.21
v 5266.29 -102.86 -77.21
v 5270.35 -101.85 -77.21
v 5274.41 -100.78 -77.21
v 5278.48 -99.44 -77.21
v 5282.54 -98.09 -77.21
v 5286.60 -96.75 -77.21
v 5290.67 -95.41 -77.21
v 5294.73 -93.64 -77.21
v 5298.79 -91.86 -77.21
v 5302.86 -90.09 -77.21
v 5306.92 -88.32 -77.21
v 5310.98 -86.19 -77.21
v 5315.05 -83.96 -77.21
v 5319.11 -81.73 -77.21
v 5323.17 -79.50 -77.21
v 5327.24 -77.04 -77.21
v 5331.30 -74.41 -77.21
v 5335.37 -71.79 -77.21
v 5339.43 -69.17 -77.21
v 5343.49 -66.45 -77.21
v 5347.56 -63.58 -77.21
v 5351.62 -60.72 -77.21
v 5355.68 -57.85 -77.21
v 5359.75 -54.97 -77.21
v 5363.81 -52.05 -77.21
v 5367.87 -49.13 -77.21
v 5371.94 -46.21 -77.21
v 5376.00 -43.29 -77.21
v 5120.00 -126.16 -81.27
v 5124.06 -125.39 -81.27
v 5128.13 -124.62 -81.27
v 5132.19 -123.84 -81.27
v 5136.25 -123.07 -81.27
v 5140.32 -122.39 -81.27
v 5144.38 -121.73 -81.27
v 5148.44 -121.07 -81.27
v 5152.51 -120.41 -81.27
v 5156.57 -119.83 -81.27
v 5160.63 -119.30 -81.27
v 5164.70 -118.78 -81.27
v 5168.76 -118.25 -81.27
v 5172.83 -117.76 -81.27
v 5176.89 -117.34 -81.27
v 5180.95 -116.91 -81.27
v 5185.02 -116.49 -81.27
v 5189.08 -116.07 -81.27
v 5193.14 -115.69 -81.27
v 5197.21 -115.30 -81.27
v 5201.27 -114.92 -81.27
v 5205.33 -114.53 -81.27
v 5209.40 -114.08 -81.27
v 5213.46 -113.63 -81.27
v 5217.52 -113.18 -81.27
v 5221.59 -112.73 -81.27
v 5225.65 -112.19 -81.27
v 5229.71 -111.62 -81.27
v 5233.78 -111.05 -81.27
v 5237.84 -110.49 -81.27
v 5241.90 -109.83 -81.27
v 5245.97 -109.10 -81.27
v 5250.03 -108.38 -81.27
v 5254.10 -107.66 -81.27
v 5258.16 -106.84 -81.27
v 5262.22 -105.88 -81.27
v 5266.29 -104.93 -81.27
v 5270.35 -103.97 -81.27
v 5274.41 -102.94 -81.27
v 5278.48 -101.65 -81.27
v 5282.54 -100.35 -81.27
v 5286.60 -99.05 -81.27
v 5290.67 -97.75 -81.27
v 5294.73 -96.01 -81.27
v 5298.79 -94.27 -81.27
v 5302.86 -92.53 -81.27
v 5306.92 -90.79 -81.27
v 5310.98 -88.67 -81.27
v 5315.05 -86.45 -81.27
v 5319.11 -84.24 -81.27
v 5323.17 -82.02 -81.27
v 5327.24 -79.56 -81.27
v 5331.30 -76.93 -81.27
v 5335.37 -74.31 -81.27
v 5339.43 -71.68 -81.27
v 5343.49 -68.94 -81.27
v 5347.56 -66.04 -81.27
v 5351.62 -63.14 -81.27
v 5355.68 -60.24 -81.27
v 5359.75 -57.33 -81.27
v 5363.81 -54.35 -81.27
v 5367.87 -51.37 -81.27
v 5371.94 -48.40 -81.27
v 5376.00 -45.42 -81.27
v 5120.00 -126.98 -85.33
v 5124.06 -126.21 -85.33
v 5128.13 -125.45 -85.33
v 5132.19 -124.68 -85.33
v 5136.25 -123.92 -85.33
v 5140.32 -123.25 -85.33
v 5144.38 -122.60 -85.33
v 5148.44 -121.95 -85.33
v 5152.51 -121.30 -85.33
v 5156.57 -120.73 -85.33
v 5160.63 -120.22 -85.33
v 5164.70 -119.71 -85.33
v 5168.76 -119.20 -85.33
v 5172.83 -118.73 -85.33
v 5176.89 -118.34 -85.33
v 5180.95 -117.95 -85.33
v 5185.02 -117.55 -85.33
v 5189.08 -117.17 -85.33
v 5193.14 -116.83 -85.33
v 5197.21 -116.49 -85.33
v 5201.27 -116.15 -85.33
v 5205.33 -115.80 -85.33
v 5209.40 -115.40 -85.33
v 5213.46 -115.00 -85.33
v 5217.52 -114.60 -85.33
v 5221.59 -114.20 -85.33
v 5225.65 -113.71 -85.33
v 5229.71 -113.20 -85.33
v 5233.78 -112.69 -85.33
v 5237.84 -112.17 -85.33
v 5241.90 -111.57 -85.33
v 5245.97 -110.90 -85.33
v 5250.03 -110.23 -85.33
v 5254.10 -109.56 -85.33
v 5258.16 -108.80 -85.33
v 5262.22 -107.89 -85.33
v 5266.29 -106.99 -85.33
v 5270.35 -106.08 -85.33
v 5274.41 -105.11 -85.33
v 5278.48 -103.86 -85.33
v 5282.54 -102.60 -85.33
v 5286.60 -101.34 -85.33
v 5290.67 -100.09 -85.33
v 5294.73 -98.38 -85.33
v 5298.79 -96.67 -85.33
v 5302.86 -94.96 -85.33
v 5306.92 -93.25 -85.33
v 5310.98 -91.15 -85.33
v 5315.05 -88.95 -85.33
v 5319.11 -86.75 -85.33
v 5323.17 -84.55 -85.33
v 5327.24 -82.09 -85.33
v 5331.30 -79.45 -85.33
v 5335.37 -76.82 -85.33
v 5339.43 -74.18 -85.33
v 5343.49 -71.43 -85.33
v 5347.56 -68.50 -85.33
v 5351.62 -65.57 -85.33
v 5355.68 -62.64 -85.33
v 5359.75 -59.69 -85.33
v 5363.81 -56.65 -85.33
v 5367.87 -53.62 -85.33
v 5371.94 -50.58 -85.33
v 5376.00 -47.55 -85.33
v 5120.00 -127.95 -89.40
v 5124.06 -127.19 -89.40
v 5128.13 -126.44 -89.40
v 5132.19 -125.68 -89.40
v 5136.25 -124.92 -89.40
v 5140.32 -124.26 -89.40
v 5144.38 -123.63 -89.40
v 5148.44 -122.99 -89.40
v 5152.51 -122.35 -89.40
v 5156.57 -121.80 -89.40
v 5160.63 -121.31 -89.40
v 5164.70 -120.81 -89.40
v 5168.76 -120.32 -89.40
v 5172.83 -119.88 -89.40
v 5176.89 -119.52 -89.40
v 5180.95 -119.16 -89.40
v 5185.02 -118.80 -89.40
v 5189.08 -118.45 -89.40
v 5193.14 -118.16 -89.40
v 5197.21 -117.87 -89.40
v 5201.27 -117.58 -89.40
v 5205.33 -117.29 -89.40
v 5209.40 -116.94 -89.40
v 5213.46 -116.59 -89.40
v 5217.52 -116.23 -89.40
v 5221.59 -115.88 -89.40
v 5225.65 -115.43 -89.40
v 5229.71 -114.96 -89.40
v 5233.78 -114.48 -89.40
v 5237.84 -114.01 -89.40
v 5241.90 -113.44 -89.40
v 5245.97 -112.81 -89.40
v 5250.03 -112.17 -89.40
v 5254.10 -111.54 -89.40
v 5258.16 -110.81 -89.40
v 5262.22 -109.93 -89.40
v 5266.29 -109.06 -89.40
v 5270.35 -108.18 -89.40
v 5274.41 -107.23 -89.40
v 5278.48 -106.00 -89.40
v 5282.54 -104.77 -89.40
v 5286.60 -103.54 -89.40
v 5290.67 -102.30 -89.40
v 5294.73 -100.61 -89.40
v 5298.79 -98.92 -89.40
v 5302.86 -97.22 -89.40
v 5306.92 -95.53 -89.40
v 5310.98 -93.44 -89.40
v 5315.05 -91.25 -89.40
v 5319.11 -89.06 -89.40
v 5323.17 -86.87 -89.40
v 5327.24 -84.41 -89.40
v 5331.30 -81.78 -89.40
v 5335.37 -79.14 -89.40
v 5339.43 -76.51 -89.40
v 5343.49 -73.75 -89.40
v 5347.56 -70.80 -89.40
v 5351.62 -67.86 -89.40
v 5355.68 -64.91 -89.40
v 5359.75 -61.94 -89.40
v 5363.81 -58.87 -89.40
v 5367.87 -55.80 -89.40
v 5371.94 -52.73 -89.40
v 5376.00 -49.67 -89.40
v 5120.00 -128.91 -93.46
v 5124.06 -128.17 -93.46
v 5128.13 -127.42 -93.46
v 5132.19 -126.68 -93.46
v 5136.25 -125.93 -93.46
v 5140.32 -125.28 -93.46
v 5144.38 -124.65 -93.46
v 5148.44 -124.03 -93.46
v 5152.51 -123.40 -93.46
v 5156.57 -122.87 -93.46
v 5160.63 -122.39 -93.46
v 5164.70 -121.92 -93.46
v 5168.76 -121.44 -93.46
v 5172.83 -121.02 -93.46
v 5176.89 -120.70 -93.46
v 5180.95 -120.37 -93.46
v 5185.02 -120.04 -93.46
v 5189.08 -119.73 -93.46
v 5193.14 -119.49 -93.46
v 5197.21 -119.26 -93.46
v 5201.27 -119.02 -93.46
v 5205.33 -118.78 -93.46
v 5209.40 -118.48 -93.46
v 5213.46 -118.17 -93.46
v 5217.52 -117.86 -93.46
v 5221.59 -117.55 -93.46
v 5225.65 -117.15 -93.46
v 5229.71 -116.71 -93.46
v 5233.78 -116.28 -93.46
v 5237.84 -115.85 -93.46
v 5241.90 -115.31 -93.46
v 5245.97 -114.72 -93.46
v 5250.03 -114.12 -93.46
v 5254.10 -113.52 -93.46
v 5258.16 -112.82 -93.46
v 5262.22 -111.97 -93.46
v 5266.29 -111.12 -93.46
v 5270.35 -110.28 -93.46
v 5274.41 -109.36 -93.46
v 5278.48 -108.15 -93.46
v 5282.54 -106.94 -93.46
v 5286.60 -105.73 -93.46
v 5290.67 -104.51 -93.46
v 5294.73 -102.84 -93.46
v 5298.79 -101.16 -93.46
v 5302.86 -99.48 -93.46
v 5306.92 -97.80 -93.46
v 5310.98 -95.73 -93.46
v 5315.05 -93.54 -93.46
v 5319.11 -91.36 -93.46
v 5323.17 -89.18 -93.46
v 5327.24 -86.73 -93.46
v 5331.30 -84.10 -93.46
v 5335.37 -81.46 -93.46
v 5339.43 -78.83 -93.46
v 5343.49 -76.06 -93.46
v 5347.56 -73.10 -93.46
v 5351.62 -70.14 -93.46
v 5355.68 -67.18 -93.46
v 5359.75 -64.20 -93.46
v 5363.81 -61.09 -93.46
v 5367.87 -57.99 -93.46
v 5371.94 -54.88 -93.46
v 5376.00 -51.78 -93.46
v 5120.00 -129.88 -97.52
v 5124.06 -129.14 -97.52
v 5128.13 -128.41 -97.52
v 5132.19 -127.67 -97.52
v 5136.25 -126.94 -97.52
v 5140.32 -126.30 -97.52
v 5144.38 -125.68 -97.52
v 5148.44 -125.07 -97.52
v 5152.51 -124.45 -97.52
v 5156.57 -123.93 -97.52
v 5160.63 -123.48 -97.52
v 5164.70 -123.02 -97.52
v 5168.76 -122.56 -97.52
v 5172.83 -122.17 -97.52
v 5176.89 -121.87 -97.52
v 5180.95 -121.58 -97.52
v 5185.02 -121.28 -97.52
v 5189.08 -121.00 -97.52
v 5193.14 -120.82 -97.52
v 5197.21 -120.64 -97.52
v 5201.27 -120.46 -97.52
v 5205.33 -120.27 -97.52
v 5209.40 -120.01 -97.52
v 5213.46 -119.75 -97.52
v 5217.52 -119.49 -97.52
v 5221.59 -119.23 -97.52
v 5225.65 -118.86 -97.52
v 5229.71 -118.47 -97.52
v 5233.78 -118.08 -97.52
v 5237.84 -117.68 -97.52
v 5241.90 -117.19 -97.52
v 5245.97 -116.62 -97.52
v 5250.03 -116.06 -97.52
v 5254.10 -115.49 -97.52
v 5258.16 -114.83 -97.52
v 5262.22 -114.01 -97.52
v 5266.29 -113.19 -97.52
v 5270.35 -112.37 -97.52
v 5274.41 -111.48 -97.52
v 5278.48 -110.29 -97.52
v 5282.54 -109.10 -97.52
v 5286.60 -107.92 -97.52
v 5290.67 -106.73 -97.52
v 5294.73 -105.07 -97.52
v 5298.79 -103.40 -97.52
v 5302.86 -101.74 -97.52
v 5306.92 -100.08 -97.52
v 5310.98 -98.01 -97.52
v 5315.05 -95.84 -97.52
v 5319.11 -93.67 -97.52
v 5323.17 -91.50 -97.52
v 5327.24 -89.05 -97.52
v 5331.30 -86.42 -97.52
v 5335.37 -83.78 -97.52
v 5339.43 -81.15 -97.52
v 5343.49 -78.38 -97.52
v 5347.56 -75.41 -97.52
v 5351.62 -72.43 -97.52
v 5355.68 -69.46 -97.52
v 5359.75 -66.45 -97.52
v 5363.81 -63.31 -97.52
v 5367.87 -60.17 -97.52
v 5371.94 -57.04 -97.52
v 5376.00 -53.90 -97.52
v 5120.00 -130.84 -101.59
v 5124.06 -130.12 -101.59
v 5128.13 -129.39 -101.59
v 5132.19 -128.67 -101.59
v 5136.25 -127.95 -101.59
v 5140.32 -127.32 -101.59
v 5144.38 -126.71 -101.59
v 5148.44 -126.11 -101.59
v 5152.51 -125.51 -101.59
v 5156.57 -125.00 -101.59
v 5160.63 -124.56 -101.59
v 5164.70 -124.12 -101.59
v 5168.76 -123.68 -101.59
v 5172.83 -123.31 -101.59
v 5176.89 -123.05 -101.59
v 5180.95 -122.78 -101.59
v 5185.02 -122.52 -101.59
v 5189.08 -122.28 -101.59
v 5193.14 -122.15 -101.59
v 5197.21 -122.02 -101.59
v 5201.27 -121.89 -101.59
v 5205.33 -121.76 -101.59
v 5209.40 -121.55 -101.59
v 5213.46 -121.34 -101.59
v 5217.52 -121.12 -101.59
v 5221.59 -120.91 -101.59
v 5225.65 -120.58 -101.59
v 5229.71 -120.23 -101.59
v 5233.78 -119.87 -101.59
v 5237.84 -119.52 -101.59
v 5241.90 -119.06 -101.59
v 5245.97 -118.53 -101.59
v 5250.03 -118.00 -101.59
v 5254.10 -117.47 -101.59
v 5258.16 -116.84 -101.59
v 5262.22 -116.05 -101.59
v 5266.29 -115.26 -101.59
v 5270.35 -114.47 -101.59
v 5274.41 -113.61 -101.59
v 5278.48 -112.44 -101.59
v 5282.54 -111.27 -101.59
v 5286.60 -110.11 -101.59
v 5290.67 -108.94 -101.59
v 5294.73 -107.29 -101.59
v 5298.79 -105.65 -101.59
v 5302.86 -104.00 -101.59
v 5306.92 -102.36 -101.59
v 5310.98 -100.30 -101.59
v 5315.05 -98.14 -101.59
v 5319.11 -95.98 -101.59
v 5323.17 -93.81 -101.59
v 5327.24 -91.37 -101.59
v 5331.30 -88.74 -101.59
v 5335.37 -86.10 -101.59
v 5339.43 -83.47 -101.59
v 5343.49 -80.70 -101.59
v 5347.56 -77.71 -101.59
v 5351.62 -74.72 -101.59
v 5355.68 -71.73 -101.59
v 5359.75 -68.70 -101.59
v 5363.81 -65.53 -101.59
v 5367.87 -62.36 -101.59
v 5371.94 -59.19 -101.59
v 5376.00 -56.01 -101.59
v 5120.00 -131.85 -105.65
v 5124.06 -131.13 -105.65
v 5128.13 -130.42 -105.65
v 5132.19 -129.71 -105.65
v 5136.25 -129.00 -105.65
v 5140.32 -128.39 -105.65
v 5144.38 -127.79 -105.65
v 5148.44 -127.20 -105.65
v 5152.51 -126.61 -105.65
v 5156.57 -126.12 -105.65
v 5160.63 -125.69 -105.65
v 5164.70 -125.26 -105.65
v 5168.76 -124.84 -105.65
v 5172.83 -124.49 -105.65
v 5176.89 -124.26 -105.65
v 5180.95 -124.03 -105.65
v 5185.02 -123.80 -105.65
v 5189.08 -123.60 -105.65
v 5193.14 -123.52 -105.65
v 5197.21 -123.44 -105.65
v 5201.27 -123.36 -105.65
v 5205.33 -123.28 -105.65
v 5209.40 -123.12 -105.65
v 5213.46 -122.96 -105.65
v 5217.52 -122.80 -105.65
v 5221.59 -122.64 -105.65
v 5225.65 -122.35 -105.65
v 5229.71 -122.02 -105.65
v 5233.78 -121.70 -105.65
v 5237.84 -121.37 -105.65
v 5241.90 -120.94 -105.65
v 5245.97 -120.43 -105.65
v 5250.03 -119.92 -105.65
v 5254.10 -119.42 -105.65
v 5258.16 -118.80 -105.65
v 5262.22 -118.03 -105.65
v 5266.29 -117.26 -105.65
v 5270.35 -116.49 -105.65
v 5274.41 -115.64 -105.65
v 5278.48 -114.48 -105.65
v 5282.54 -113.33 -105.65
v 5286.60 -112.18 -105.65
v 5290.67 -111.02 -105.65
v 5294.73 -109.39 -105.65
v 5298.79 -107.76 -105.65
v 5302.86 -106.12 -105.65
v 5306.92 -104.49 -105.65
v 5310.98 -102.44 -105.65
v 5315.05 -100.29 -105.65
v 5319.11 -98.14 -105.65
v 5323.17 -95.98 -105.65
v 5327.24 -93.55 -105.65
v 5331.30 -90.92 -105.65
v 5335.37 -88.30 -105.65
v 5339.43 -85.67 -105.65
v 5343.49 -82.90 -105.65
v 5347.56 -79.91 -105.65
v 5351.62 -76.92 -105.65
v 5355.68 -73.93 -105.65
v 5359.75 -70.91 -105.65
v 5363.81 -67.71 -105.65
v 5367.87 -64.52 -105.65
v 5371.94 -61.33 -105.65
v 5376.00 -58.14 -105.65
v 5120.00 -132.86 -109.71
v 5124.06 -132.16 -109.71
v 5128.13 -131.46 -109.71
v 5132.19 -130.77 -109.71
v 5136.25 -130.07 -109.71
v 5140.32 -129.47 -109.71
v 5144.38 -128.89 -109.71
v 5148.44 -128.30 -109.71
v 5152.51 -127.72 -109.71
v 5156.57 -127.24 -109.71
v 5160.63 -126.83 -109.71
v 5164.70 -126.42 -109.71
v 5168.76 -126.00 -109.71
v 5172.83 -125.68 -109.71
v 5176.89 -125.48 -109.71
v 5180.95 -125.28 -109.71
v 5185.02 -125.09 -109.71
v 5189.08 -124.92 -109.71
v 5193.14 -124.89 -109.71
v 5197.21 -124.87 -109.71
v 5201.27 -124.84 -109.71
v 5205.33 -124.81 -109.71
v 5209.40 -124.70 -109.71
v 5213.46 -124.60 -109.71
v 5217.52 -124.49 -109.71
v 5221.59 -124.38 -109.71
v 5225.65 -124.12 -109.71
v 5229.71 -123.82 -109.71
v 5233.78 -123.53 -109.71
v 5237.84 -123.23 -109.71
v 5241.90 -122.82 -109.71
v 5245.97 -122.33 -109.71
v 5250.03 -121.84 -109.71
v 5254.10 -121.35 -109.71
v 5258.16 -120.76 -109.71
v 5262.22 -120.00 -109.71
v 5266.29 -119.24 -109.71
v 5270.35 -118.48 -109.71
v 5274.41 -117.65 -109.71
v 5278.48 -116.51 -109.71
v 5282.54 -115.36 -109.71
v 5286.60 -114.22 -109.71
v 5290.67 -113.08 -109.71
v 5294.73 -111.45 -109.71
v 5298.79 -109.83 -109.71
v 5302.86 -108.20 -109.71
v 5306.92 -106.58 -109.71
v 5310.98 -104.54 -109.71
v 5315.05 -102.40 -109.71
v 5319.11 -100.26 -109.71
v 5323.17 -98.12 -109.71
v 5327.24 -95.70 -109.71
v 5331.30 -93.08 -109.71
v 5335.37 -90.46 -109.71
v 5339.43 -87.85 -109.71
v 5343.49 -85.08 -109.71
v 5347.56 -82.10 -109.71
v 5351.62 -79.11 -109.71
v 5355.68 -76.12 -109.71
v 5359.75 -73.09 -109.71
v 5363.81 -69.89 -109.71
v 5367.87 -66.68 -109.71
v 5371.94 -63.48 -109.71
v 5376.00 -60.28 -109.71
v 5120.00 -133.87 -113.78
v 5124.06 -133.19 -113.78
v 5128.13 -132.50 -113.78
v 5132.19 -131.82 -113.78
v 5136.25 -131.14 -113.78
v 5140.32 -130.55 -113.78
v 5144.38 -129.98 -113.78
v 5148.44 -129.41 -113.78
v 5152.51 -128.84 -113.78
v 5156.57 -128.37 -113.78
v 5160.63 -127.97 -113.78
v 5164.70 -127.57 -113.78
v 5168.76 -127.17 -113.78
v 5172.83 -126.86 -113.78
v 5176.89 -126.70 -113.78
v 5180.95 -126.54 -113.78
v 5185.02 -126.37 -113.78
v 5189.08 -126.25 -113.78
v 5193.14 -126.27 -113.78
v 5197.21 -126.29 -113.78
v 5201.27 -126.32 -113.78
v 5205.33 -126.34 -113.78
v 5209.40 -126.29 -113.78
v 5213.46 -126.23 -113.78
v 5217.52 -126.18 -113.78
v 5221.59 -126.13 -113.78
v 5225.65 -125.90 -113.78
v 5229.71 -125.63 -113.78
v 5233.78 -125.36 -113.78
v 5237.84 -125.08 -113.78
v 5241.90 -124.69 -113.78
v 5245.97 -124.23 -113.78
v 5250.03 -123.76 -113.78
v 5254.10 -123.29 -113.78
v 5258.16 -122.71 -113.78
v 5262.22 -121.97 -113.78
v 5266.29 -121.22 -113.78
v 5270.35 -120.48 -113.78
v 5274.41 -119.66 -113.78
v 5278.48 -118.53 -113.78
v 5282.54 -117.39 -113.78
v 5286.60 -116.26 -113.78
v 5290.67 -115.13 -113.78
v 5294.73 -113.52 -113.78
v 5298.79 -111.90 -113.78
v 5302.86 -110.28 -113.78
v 5306.92 -108.67 -113.78
v 5310.98 -106.64 -113.78
v 5315.05 -104.51 -113.78
v 5319.11 -102.38 -113.78
v 5323.17 -100.25 -113.78
v 5327.24 -97.84 -113.78
v 5331.30 -95.23 -113.78
v 5335.37 -92.63 -113.78
v 5339.43 -90.02 -113.78
v 5343.49 -87.27 -113.78
v 5347.56 -84.28 -113.78
v 5351.62 -81.29 -113.78
v 5355.68 -78.31 -113.78
v 5359.75 -75.28 -113.78
v 5363.81 -72.06 -113.78
v 5367.87 -68.84 -113.78
v 5371.94 -65.63 -113.78
v 5376.00 -62.41 -113.78
v 5120.00 -134.88 -117.84
v 5124.06 -134.21 -117.84
v 5128.13 -133.54 -117.84
v 5132.19 -132.87 -117.84
v 5136.25 -132.21 -117.84
v 5140.32 -131.63 -117.84
v 5144.38 -131.07 -117.84
v 5148.44 -130.51 -117.84
v 5152.51 -129.96 -117.84
v 5156.57 -129.50 -117.84
v 5160.63 -129.11 -117.84
v 5164.70 -128.72 -117.84
v 5168.76 -128.33 -117.84
v 5172.83 -128.05 -117.84
v 5176.89 -127.92 -117.84
v 5180.95 -127.79 -117.84
v 5185.02 -127.66 -117.84
v 5189.08 -127.57 -117.84
v 5193.14 -127.64 -117.84
v 5197.21 -127.72 -117.84
v 5201.27 -127.79 -117.84
v 5205.33 -127.87 -117.84
v 5209.40 -127.87 -117.84
v 5213.46 -127.87 -117.84
v 5217.52 -127.87 -117.84
v 5221.59 -127.87 -117.84
v 5225.65 -127.68 -117.84
v 5229.71 -127.43 -117.84
v 5233.78 -127.18 -117.84
v 5237.84 -126.94 -117.84
v 5241.90 -126.57 -117.84
v 5245.97 -126.12 -117.84
v 5250.03 -125.67 -117.84
v 5254.10 -125.23 -117.84
v 5258.16 -124.67 -117.84
v 5262.22 -123.94 -117.84
v 5266.29 -123.21 -117.84
v 5270.35 -122.48 -117.84
v 5274.41 -121.67 -117.84
v 5278.48 -120.55 -117.84
v 5282.54 -119.43 -117.84
v 5286.60 -118.30 -117.84
v 5290.67 -117.18 -117.84
v 5294.73 -115.58 -117.84
v 5298.79 -113.97 -117.84
v 5302.86 -112.37 -117.84
v 5306.92 -110.76 -117.84
v 5310.98 -108.75 -117.84
v 5315.05 -106.63 -117.84
v 5319.11 -104.51 -117.84
v 5323.17 -102.39 -117.84
v 5327.24 -99.99 -117.84
v 5331.30 -97.39 -117.84
v 5335.37 -94.79 -117.84
v 5339.43 -92.20 -117.84
v 5343.49 -89.45 -117.84
v 5347.56 -86.46 -117.84
v 5351.62 -83.48 -117.84
v 5355.68 -80.50 -117.84
v 5359.75 -77.46 -117.84
v 5363.81 -74.24 -117.84
v 5367.87 -71.01 -117.84
v 5371.94 -67.78 -117.84
v 5376.00 -64.55 -117.84
v 5120.00 -135.85 -121.90
v 5124.06 -135.20 -121.90
v 5128.13 -134.55 -121.90
v 5132.19 -133.90 -121.90
v 5136.25 -133.25 -121.90
v 5140.32 -132.69 -121.90
v 5144.38 -132.14 -121.90
v 5148.44 -131.60 -121.90
v 5152.51 -131.05 -121.90
v 5156.57 -130.61 -121.90
v 5160.63 -130.23 -121.90
v 5164.70 -129.85 -121.90
v 5168.76 -129.47 -121.90
v 5172.83 -129.21 -121.90
v 5176.89 -129.11 -121.90
v 5180.95 -129.02 -121.90
v 5185.02 -128.93 -121.90
v 5189.08 -128.88 -121.90
v 5193.14 -128.99 -121.90
v 5197.21 -129.10 -121.90
v 5201.27 -129.21 -121.90
v 5205.33 -129.32 -121.90
v 5209.40 -129.37 -121.90
v 5213.46 -129.42 -121.90
v 5217.52 -129.46 -121.90
v 5221.59 -129.51 -121.90
v 5225.65 -129.35 -121.90
v 5229.71 -129.14 -121.90
v 5233.78 -128.93 -121.90
v 5237.84 -128.72 -121.90
v 5241.90 -128.37 -121.90
v 5245.97 -127.94 -121.90
v 5250.03 -127.51 -121.90
v 5254.10 -127.07 -121.90
v 5258.16 -126.53 -121.90
v 5262.22 -125.81 -121.90
v 5266.29 -125.09 -121.90
v 5270.35 -124.37 -121.90
v 5274.41 -123.58 -121.90
v 5278.48 -122.47 -121.90
v 5282.54 -121.36 -121.90
v 5286.60 -120.25 -121.90
v 5290.67 -119.14 -121.90
v 5294.73 -117.54 -121.90
v 5298.79 -115.95 -121.90
v 5302.86 -114.36 -121.90
v 5306.92 -112.77 -121.90
v 5310.98 -110.77 -121.90
v 5315.05 -108.66 -121.90
v 5319.11 -106.56 -121.90
v 5323.17 -104.46 -121.90
v 5327.24 -102.07 -121.90
v 5331.30 -99.49 -121.90
v 5335.37 -96.91 -121.90
v 5339.43 -94.33 -121.90
v 5343.49 -91.59 -121.90
v 5347.56 -88.62 -121.90
v 5351.62 -85.65 -121.90
v 5355.68 -82.67 -121.90
v 5359.75 -79.65 -121.90
v 5363.81 -76.42 -121.90
v 5367.87 -73.19 -121.90
v 5371.94 -69.95 -121.90
v 5376.00 -66.72 -121.90
v 5120.00 -136.81 -125.97
v 5124.06 -136.18 -125.97
v 5128.13 -135.54 -125.97
v 5132.19 -134.91 -125.97
v 5136.25 -134.28 -125.97
v 5140.32 -133.73 -125.97
v 5144.38 -133.20 -125.97
v 5148.44 -132.67 -125.97
v 5152.51 -132.14 -125.97
v 5156.57 -131.70 -125.97
v 5160.63 -131.33 -125.97
v 5164.70 -130.96 -125.97
v 5168.76 -130.59 -125.97
v 5172.83 -130.35 -125.97
v 5176.89 -130.29 -125.97
v 5180.95 -130.24 -125.97
v 5185.02 -130.19 -125.97
v 5189.08 -130.17 -125.97
v 5193.14 -130.31 -125.97
v 5197.21 -130.45 -125.97
v 5201.27 -130.59 -125.97
v 5205.33 -130.72 -125.97
v 5209.40 -130.81 -125.97
v 5213.46 -130.90 -125.97
v 5217.52 -130.99 -125.97
v 5221.59 -131.08 -125.97
v 5225.65 -130.96 -125.97
v 5229.71 -130.78 -125.97
v 5233.78 -130.61 -125.97
v 5237.84 -130.44 -125.97
v 5241.90 -130.12 -125.97
v 5245.97 -129.70 -125.97
v 5250.03 -129.28 -125.97
v 5254.10 -128.86 -125.97
v 5258.16 -128.33 -125.97
v 5262.22 -127.62 -125.97
v 5266.29 -126.91 -125.97
v 5270.35 -126.21 -125.97
v 5274.41 -125.42 -125.97
v 5278.48 -124.32 -125.97
v 5282.54 -123.22 -125.97
v 5286.60 -122.12 -125.97
v 5290.67 -121.02 -125.97
v 5294.73 -119.45 -125.97
v 5298.79 -117.87 -125.97
v 5302.86 -116.29 -125.97
v 5306.92 -114.71 -125.97
v 5310.98 -112.73 -125.97
v 5315.05 -110.64 -125.97
v 5319.11 -108.56 -125.97
v 5323.17 -106.47 -125.97
v 5327.24 -104.11 -125.97
v 5331.30 -101.55 -125.97
v 5335.37 -98.99 -125.97
v 5339.43 -96.43 -125.97
v 5343.49 -93.71 -125.97
v 5347.56 -90.76 -125.97
v 5351.62 -87.80 -125.97
v 5355.68 -84.85 -125.97
v 5359.75 -81.84 -125.97
v 5363.81 -78.61 -125.97
v 5367.87 -75.38 -125.97
v 5371.94 -72.15 -125.97
v 5376.00 -68.92 -125.97
v 5120.00 -137.76 -130.03
v 5124.06 -137.15 -130.03
v 5128.13 -136.53 -130.03
v 5132.19 -135.92 -130.03
v 5136.25 -135.31 -130.03
v 5140.32 -134.77 -130.03
v 5144.38 -134.26 -130.03
v 5148.44 -133.74 -130.03
v 5152.51 -133.22 -130.03
v 5156.57 -132.80 -130.03
v 5160.63 -132.43 -130.03
v 5164.70 -132.07 -130.03
v 5168.76 -131.71 -130.03
v 5172.83 -131.48 -130.03
v 5176.89 -131.47 -130.03
v 5180.95 -131.46 -130.03
v 5185.02 -131.45 -130.03
v 5189.08 -131.47 -130.03
v 5193.14 -131.63 -130.03
v 5197.21 -131.80 -130.03
v 5201.27 -131.96 -130.03
v 5205.33 -132.13 -130.03
v 5209.40 -132.26 -130.03
v 5213.46 -132.39 -130.03
v 5217.52 -132.51 -130.03
v 5221.59 -132.64 -130.03
v 5225.65 -132.56 -130.03
v 5229.71 -132.43 -130.03
v 5233.78 -132.30 -130.03
v 5237.84 -132.17 -130.03
v 5241.90 -131.87 -130.03
v 5245.97 -131.46 -130.03
v 5250.03 -131.05 -130.03
v 5254.10 -130.65 -130.03
v 5258.16 -130.12 -130.03
v 5262.22 -129.43 -130.03
v 5266.29 -128.73 -130.03
v 5270.35 -128.04 -130.03
v 5274.41 -127.27 -130.03
v 5278.48 -126.18 -130.03
v 5282.54 -125.09 -130.03
v 5286.60 -124.00 -130.03
v 5290.67 -122.91 -130.03
v 5294.73 -121.35 -130.03
v 5298.79 -119.78 -130.03
v 5302.86 -118.22 -130.03
v 5306.92 -116.66 -130.03
v 5310.98 -114.69 -130.03
v 5315.05 -112.63 -130.03
v 5319.11 -110.56 -130.03
v 5323.17 -108.49 -130.03
v 5327.24 -106.15 -130.03
v 5331.30 -103.61 -130.03
v 5335.37 -101.07 -130.03
v 5339.43 -98.53 -130.03
v 5343.49 -95.83 -130.03
v 5347.56 -92.90 -130.03
v 5351.62 -89.96 -130.03
v 5355.68 -87.02 -130.03
v 5359.75 -84.02 -130.03
v 5363.81 -80.80 -130.03
v 5367.87 -77.57 -130.03
v 5371.94 -74.35 -130.03
v 5376.00 -71.12 -130.03
v 5120.00 -138.71 -134.10
v 5124.06 -138.12 -134.10
v 5128.13 -137.53 -134.10
v 5132.19 -136.93 -134.10
v 5136.25 -136.34 -134.10
v 5140.32 -135.82 -134.10
v 5144.38 -135.31 -134.10
v 5148.44 -134.81 -134.10
v 5152.51 -134.31 -134.10
v 5156.57 -133.89 -134.10
v 5160.63 -133.54 -134.10
v 5164.70 -133.18 -134.10
v 5168.76 -132.83 -134.10
v 5172.83 -132.62 -134.10
v 5176.89 -132.65 -134.10
v 5180.95 -132.68 -134.10
v 5185.02 -132.70 -134.10
v 5189.08 -132.76 -134.10
v 5193.14 -132.96 -134.10
v 5197.21 -133.15 -134.10
v 5201.27 -133.34 -134.10
v 5205.33 -133.53 -134.10
v 5209.40 -133.70 -134.10
v 5213.46 -133.87 -134.10
v 5217.52 -134.04 -134.10
v 5221.59 -134.21 -134.10
v 5225.65 -134.17 -134.10
v 5229.71 -134.08 -134.10
v 5233.78 -133.98 -134.10
v 5237.84 -133.89 -134.10
v 5241.90 -133.62 -134.10
v 5245.97 -133.22 -134.10
v 5250.03 -132.83 -134.10
v 5254.10 -132.43 -134.10
v 5258.16 -131.92 -134.10
v 5262.22 -131.24 -134.10
v 5266.29 -130.55 -134.10
v 5270.35 -129.87 -134.10
v 5274.41 -129.11 -134.10
v 5278.48 -128.03 -134.10
v 5282.54 -126.95 -134.10
v 5286.60 -125.88 -134.10
v 5290.67 -124.80 -134.10
v 5294.73 -123.25 -134.10
v 5298.79 -121.70 -134.10
v 5302.86 -120.15 -134.10
v 5306.92 -118.60 -134.10
v 5310.98 -116.65 -134.10
v 5315.05 -114.61 -134.10
v 5319.11 -112.56 -134.10
v 5323.17 -110.51 -134.10
v 5327.24 -108.19 -134.10
v 5331.30 -105.67 -134.10
v 5335.37 -103.15 -134.10
v 5339.43 -100.63 -134.10
v 5343.49 -97.96 -134.10
v 5347.56 -95.03 -134.10
v 5351.62 -92.11 -134.10
v 5355.68 -89.19 -134.10
v 5359.75 -86.21 -134.10
v 5363.81 -82.99 -134.10
v 5367.87 -79.77 -134.10
v 5371.94 -76.54 -134.10
v 5376.00 -73.32 -134.10
v 5120.00 -139.61 -138.16
v 5124.06 -139.03 -138.16
v 5128.13 -138.46 -138.16
v 5132.19 -137.89 -138.16
v 5136.25 -137.32 -138.16
v 5140.32 -136.81 -138.16
v 5144.38 -136.32 -138.16
v 5148.44 -135.83 -138.16
v 5152.51 -135.34 -138.16
v 5156.57 -134.94 -138.16
v 5160.63 -134.59 -138.16
v 5164.70 -134.25 -138.16
v 5168.76 -133.90 -138.16
v 5172.83 -133.72 -138.16
v 5176.89 -133.78 -138.16
v 5180.95 -133.84 -138.16
v 5185.02 -133.91 -138.16
v 5189.08 -134.00 -138.16
v 5193.14 -134.21 -138.16
v 5197.21 -134.43 -138.16
v 5201.27 -134.64 -138.16
v 5205.33 -134.85 -138.16
v 5209.40 -135.05 -138.16
v 5213.46 -135.25 -138.16
v 5217.52 -135.46 -138.16
v 5221.59 -135.66 -138.16
v 5225.65 -135.66 -138.16
v 5229.71 -135.61 -138.16
v 5233.78 -135.56 -138.16
v 5237.84 -135.51 -138.16
v 5241.90 -135.26 -138.16
v 5245.97 -134.88 -138.16
v 5250.03 -134.50 -138.16
v 5254.10 -134.12 -138.16
v 5258.16 -133.63 -138.16
v 5262.22 -132.96 -138.16
v 5266.29 -132.29 -138.16
v 5270.35 -131.62 -138.16
v 5274.41 -130.87 -138.16
v 5278.48 -129.81 -138.16
v 5282.54 -128.74 -138.16
v 5286.60 -127.68 -138.16
v 5290.67 -126.62 -138.16
v 5294.73 -125.09 -138.16
v 5298.79 -123.56 -138.16
v 5302.86 -122.03 -138.16
v 5306.92 -120.50 -138.16
v 5310.98 -118.57 -138.16
v 5315.05 -116.55 -138.16
v 5319.11 -114.53 -138.16
v 5323.17 -112.50 -138.16
v 5327.24 -110.20 -138.16
v 5331.30 -107.71 -138.16
v 5335.37 -105.22 -138.16
v 5339.43 -102.73 -138.16
v 5343.49 -100.07 -138.16
v 5347.56 -97.17 -138.16
v 5351.62 -94.27 -138.16
v 5355.68 -91.37 -138.16
v 5359.75 -88.41 -138.16
v 5363.81 -85.19 -138.16
v 5367.87 -81.98 -138.16
v 5371.94 -78.77 -138.16
v 5376.00 -75.56 -138.16
v 5120.00 -140.42 -142.22
v 5124.06 -139.87 -142.22
v 5128.13 -139.32 -142.22
v 5132.19 -138.77 -142.22
v 5136.25 -138.22 -142.22
v 5140.32 -137.73 -142.22
v 5144.38 -137.26 -142.22
v 5148.44 -136.79 -142.22
v 5152.51 -136.31 -142.22
v 5156.57 -135.92 -142.22
v 5160.63 -135.58 -142.22
v 5164.70 -135.25 -142.22
v 5168.76 -134.91 -142.22
v 5172.83 -134.74 -142.22
v 5176.89 -134.84 -142.22
v 5180.95 -134.93 -142.22
v 5185.02 -135.02 -142.22
v 5189.08 -135.14 -142.22
v 5193.14 -135.37 -142.22
v 5197.21 -135.60 -142.22
v 5201.27 -135.82 -142.22
v 5205.33 -136.05 -142.22
v 5209.40 -136.27 -142.22
v 5213.46 -136.48 -142.22
v 5217.52 -136.70 -142.22
v 5221.59 -136.92 -142.22
v 5225.65 -136.96 -142.22
v 5229.71 -136.97 -142.22
v 5233.78 -136.97 -142.22
v 5237.84 -136.97 -142.22
v 5241.90 -136.75 -142.22
v 5245.97 -136.39 -142.22
v 5250.03 -136.03 -142.22
v 5254.10 -135.67 -142.22
v 5258.16 -135.19 -142.22
v 5262.22 -134.54 -142.22
v 5266.29 -133.88 -142.22
v 5270.35 -133.23 -142.22
v 5274.41 -132.50 -142.22
v 5278.48 -131.46 -142.22
v 5282.54 -130.42 -142.22
v 5286.60 -129.38 -142.22
v 5290.67 -128.34 -142.22
v 5294.73 -126.83 -142.22
v 5298.79 -125.33 -142.22
v 5302.86 -123.82 -142.22
v 5306.92 -122.32 -142.22
v 5310.98 -120.42 -142.22
v 5315.05 -118.43 -142.22
v 5319.11 -116.44 -142.22
v 5323.17 -114.45 -142.22
v 5327.24 -112.18 -142.22
v 5331.30 -109.72 -142.22
v 5335.37 -107.26 -142.22
v 5339.43 -104.80 -142.22
v 5343.49 -102.18 -142.22
v 5347.56 -99.31 -142.22
v 5351.62 -96.43 -142.22
v 5355.68 -93.56 -142.22
v 5359.75 -90.63 -142.22
v 5363.81 -87.43 -142.22
v 5367.87 -84.23 -142.22
v 5371.94 -81.04 -142.22
v 5376.00 -77.84 -142.22
v 5120.00 -141.23 -146.29
v 5124.06 -140.70 -146.29
v 5128.13 -140.17 -146.29
v 5132.19 -139.65 -146.29
v 5136.25 -139.12 -146.29
v 5140.32 -138.65 -146.29
v 5144.38 -138.19 -146.29
v 5148.44 -137.74 -146.29
v 5152.51 -137.28 -146.29
v 5156.57 -136.90 -146.29
v 5160.63 -136.57 -146.29
v 5164.70 -136.25 -146.29
v 5168.76 -135.92 -146.29
v 5172.83 -135.77 -146.29
v 5176.89 -135.89 -146.29
v 5180.95 -136.02 -146.29
v 5185.02 -136.14 -146.29
v 5189.08 -136.29 -146.29
v 5193.14 -136.53 -146.29
v 5197.21 -136.77 -146.29
v 5201.27 -137.01 -146.29
v 5205.33 -137.25 -146.29
v 5209.40 -137.48 -146.29
v 5213.46 -137.72 -146.29
v 5217.52 -137.95 -146.29
v 5221.59 -138.18 -146.29
v 5225.65 -138.27 -146.29
v 5229.71 -138.32 -146.29
v 5233.78 -138.38 -146.29
v 5237.84 -138.43 -146.29
v 5241.90 -138.24 -146.29
v 5245.97 -137.90 -146.29
v 5250.03 -137.55 -146.29
v 5254.10 -137.21 -146.29
v 5258.16 -136.75 -146.29
v 5262.22 -136.12 -146.29
v 5266.29 -135.48 -146.29
v 5270.35 -134.85 -146.29
v 5274.41 -134.14 -146.29
v 5278.48 -133.12 -146.29
v 5282.54 -132.10 -146.29
v 5286.60 -131.07 -146.29
v 5290.67 -130.05 -146.29
v 5294.73 -128.57 -146.29
v 5298.79 -127.10 -146.29
v 5302.86 -125.62 -146.29
v 5306.92 -124.14 -146.29
v 5310.98 -122.27 -146.29
v 5315.05 -120.31 -146.29
v 5319.11 -118.35 -146.29
v 5323.17 -116.39 -146.29
v 5327.24 -114.15 -146.29
v 5331.30 -111.73 -146.29
v 5335.37 -109.30 -146.29
v 5339.43 -106.88 -146.29
v 5343.49 -104.29 -146.29
v 5347.56 -101.44 -146.29
v 5351.62 -98.60 -146.29
v 5355.68 -95.76 -146.29
v 5359.75 -92.85 -146.29
v 5363.81 -89.67 -146.29
v 5367.87 -86.49 -146.29
v 5371.94 -83.31 -146.29
v 5376.00 -80.13 -146.29
v 5120.00 -142.03 -150.35
v 5124.06 -141.53 -150.35
v 5128.13 -141.03 -150.35
v 5132.19 -140.53 -150.35
v 5136.25 -140.03 -150.35
v 5140.32 -139.57 -150.35
v 5144.38 -139.13 -150.35
v 5148.44 -138.69 -150.35
v 5152.51 -138.25 -150.35
v 5156.57 -137.88 -150.35
v 5160.63 -137.56 -150.35
v 5164.70 -137.25 -150.35
v 5168.76 -136.93 -150.35
v 5172.83 -136.80 -150.35
v 5176.89 -136.95 -150.35
v 5180.95 -137.11 -150.35
v 5185.02 -137.26 -150.35
v 5189.08 -137.43 -150.35
v 5193.14 -137.69 -150.35
v 5197.21 -137.94 -150.35
v 5201.27 -138.19 -150.35
v 5205.33 -138.45 -150.35
v 5209.40 -138.70 -150.35
v 5213.46 -138.95 -150.35
v 5217.52 -139.20 -150.35
v 5221.59 -139.45 -150.35
v 5225.65 -139.58 -150.35
v 5229.71 -139.68 -150.35
v 5233.78 -139.79 -150.35
v 5237.84 -139.89 -150.35
v 5241.90 -139.73 -150.35
v 5245.97 -139.41 -150.35
v 5250.03 -139.08 -150.35
v 5254.10 -138.75 -150.35
v 5258.16 -138.31 -150.35
v 5262.22 -137.70 -150.35
v 5266.29 -137.08 -150.35
v 5270.35 -136.46 -150.35
v 5274.41 -135.77 -150.35
v 5278.48 -134.77 -150.35
v 5282.54 -133.77 -150.35
v 5286.60 -132.77 -150.35
v 5290.67 -131.77 -150.35
v 5294.73 -130.32 -150.35
v 5298.79 -128.86 -150.35
v 5302.86 -127.41 -150.35
v 5306.92 -125.96 -150.35
v 5310.98 -124.12 -150.35
v 5315.05 -122.19 -150.35
v 5319.11 -120.26 -150.35
v 5323.17 -118.33 -150.35
v 5327.24 -116.13 -150.35
v 5331.30 -113.74 -150.35
v 5335.37 -111.35 -150.35
v 5339.43 -108.95 -150.35
v 5343.49 -106.39 -150.35
v 5347.56 -103.58 -150.35
v 5351.62 -100.76 -150.35
v 5355.68 -97.95 -150.35
v 5359.75 -95.07 -150.35
v 5363.81 -91.90 -150.35
v 5367.87 -88.74 -150.35
v 5371.94 -85.58 -150.35
v 5376.00 -82.41 -150.35
v 5120.00 -142.80 -154.41
v 5124.06 -142.33 -154.41
v 5128.13 -141.85 -154.41
v 5132.19 -141.37 -154.41
v 5136.25 -140.89 -154.41
v 5140.32 -140.46 -154.41
v 5144.38 -140.03 -154.41
v 5148.44 -139.61 -154.41
v 5152.51 -139.18 -154.41
v 5156.57 -138.83 -154.41
v 5160.63 -138.52 -154.41
v 5164.70 -138.21 -154.41
v 5168.76 -137.90 -154.41
v 5172.83 -137.79 -154.41
v 5176.89 -137.97 -154.41
v 5180.95 -138.15 -154.41
v 5185.02 -138.33 -154.41
v 5189.08 -138.53 -154.41
v 5193.14 -138.79 -154.41
v 5197.21 -139.06 -154.41
v 5201.27 -139.33 -154.41
v 5205.33 -139.59 -154.41
v 5209.40 -139.86 -154.41
v 5213.46 -140.12 -154.41
v 5217.52 -140.39 -154.41
v 5221.59 -140.65 -154.41
v 5225.65 -140.83 -154.41
v 5229.71 -140.98 -154.41
v 5233.78 -141.13 -154.41
v 5237.84 -141.28 -154.41
v 5241.90 -141.15 -154.41
v 5245.97 -140.85 -154.41
v 5250.03 -140.54 -154.41
v 5254.10 -140.24 -154.41
v 5258.16 -139.82 -154.41
v 5262.22 -139.22 -154.41
v 5266.29 -138.62 -154.41
v 5270.35 -138.03 -154.41
v 5274.41 -137.36 -154.41
v 5278.48 -136.38 -154.41
v 5282.54 -135.40 -154.41
v 5286.60 -134.42 -154.41
v 5290.67 -133.45 -154.41
v 5294.73 -132.02 -154.41
v 5298.79 -130.60 -154.41
v 5302.86 -129.17 -154.41
v 5306.92 -127.75 -154.41
v 5310.98 -125.95 -154.41
v 5315.05 -124.05 -154.41
v 5319.11 -122.15 -154.41
v 5323.17 -120.26 -154.41
v 5327.24 -118.09 -154.41
v 5331.30 -115.73 -154.41
v 5335.37 -113.37 -154.41
v 5339.43 -111.02 -154.41
v 5343.49 -108.49 -154.41
v 5347.56 -105.71 -154.41
v 5351.62 -102.92 -154.41
v 5355.68 -100.14 -154.41
v 5359.75 -97.29 -154.41
v 5363.81 -94.14 -154.41
v 5367.87 -91.00 -154.41
v 5371.94 -87.85 -154.41
v 5376.00 -84.71 -154.41
v 5120.00 -143.42 -158.48
v 5124.06 -142.97 -158.48
v 5128.13 -142.51 -158.48
v 5132.19 -142.06 -158.48
v 5136.25 -141.61 -158.48
v 5140.32 -141.19 -158.48
v 5144.38 -140.78 -158.48
v 5148.44 -140.38 -158.48
v 5152.51 -139.97 -158.48
v 5156.57 -139.63 -158.48
v 5160.63 -139.33 -158.48
v 5164.70 -139.03 -158.48
v 5168.76 -138.74 -158.48
v 5172.83 -138.64 -158.48
v 5176.89 -138.83 -158.48
v 5180.95 -139.02 -158.48
v 5185.02 -139.22 -158.48
v 5189.08 -139.43 -158.48
v 5193.14 -139.70 -158.48
v 5197.21 -139.98 -158.48
v 5201.27 -140.25 -158.48
v 5205.33 -140.53 -158.48
v 5209.40 -140.81 -158.48
v 5213.46 -141.09 -158.48
v 5217.52 -141.37 -158.48
v 5221.59 -141.64 -158.48
v 5225.65 -141.84 -158.48
v 5229.71 -142.02 -158.48
v 5233.78 -142.20 -158.48
v 5237.84 -142.37 -158.48
v 5241.90 -142.28 -158.48
v 5245.97 -142.02 -158.48
v 5250.03 -141.75 -158.48
v 5254.10 -141.48 -158.48
v 5258.16 -141.09 -158.48
v 5262.22 -140.53 -158.48
v 5266.29 -139.96 -158.48
v 5270.35 -139.39 -158.48
v 5274.41 -138.74 -158.48
v 5278.48 -137.80 -158.48
v 5282.54 -136.85 -158.48
v 5286.60 -135.91 -158.48
v 5290.67 -134.96 -158.48
v 5294.73 -133.58 -158.48
v 5298.79 -132.19 -158.48
v 5302.86 -130.80 -158.48
v 5306.92 -129.42 -158.48
v 5310.98 -127.66 -158.48
v 5315.05 -125.81 -158.48
v 5319.11 -123.95 -158.48
v 5323.17 -122.10 -158.48
v 5327.24 -119.98 -158.48
v 5331.30 -117.66 -158.48
v 5335.37 -115.35 -158.48
v 5339.43 -113.04 -158.48
v 5343.49 -110.56 -158.48
v 5347.56 -107.81 -158.48
v 5351.62 -105.07 -158.48
v 5355.68 -102.32 -158.48
v 5359.75 -99.50 -158.48
v 5363.81 -96.39 -158.48
v 5367.87 -93.27 -158.48
v 5371.94 -90.15 -158.48
v 5376.00 -87.03 -158.48
v 5120.00 -144.04 -162.54
v 5124.06 -143.61 -162.54
v 5128.13 -143.18 -162.54
v 5132.19 -142.75 -162.54
v 5136.25 -142.33 -162.54
v 5140.32 -141.93 -162.54
v 5144.38 -141.54 -162.54
v 5148.44 -141.15 -162.54
v 5152.51 -140.76 -162.54
v 5156.57 -140.43 -162.54
v 5160.63 -140.14 -162.54
v 5164.70 -139.86 -162.54
v 5168.76 -139.57 -162.54
v 5172.83 -139.48 -162.54
v 5176.89 -139.69 -162.54
v 5180.95 -139.89 -162.54
v 5185.02 -140.10 -162.54
v 5189.08 -140.32 -162.54
v 5193.14 -140.61 -162.54
v 5197.21 -140.90 -162.54
v 5201.27 -141.18 -162.54
v 5205.33 -141.47 -162.54
v 5209.40 -141.76 -162.54
v 5213.46 -142.05 -162.54
v 5217.52 -142.34 -162.54
v 5221.59 -142.63 -162.54
v 5225.65 -142.86 -162.54
v 5229.71 -143.06 -162.54
v 5233.78 -143.27 -162.54
v 5237.84 -143.47 -162.54
v 5241.90 -143.42 -162.54
v 5245.97 -143.19 -162.54
v 5250.03 -142.96 -162.54
v 5254.10 -142.73 -162.54
v 5258.16 -142.37 -162.54
v 5262.22 -141.83 -162.54
v 5266.29 -141.29 -162.54
v 5270.35 -140.75 -162.54
v 5274.41 -140.13 -162.54
v 5278.48 -139.22 -162.54
v 5282.54 -138.30 -162.54
v 5286.60 -137.39 -162.54
v 5290.67 -136.48 -162.54
v 5294.73 -135.13 -162.54
v 5298.79 -133.78 -162.54
v 5302.86 -132.43 -162.54
v 5306.92 -131.09 -162.54
v 5310.98 -129.37 -162.54
v 5315.05 -127.56 -162.54
v 5319.11 -125.75 -162.54
v 5323.17 -123.95 -162.54
v 5327.24 -121.86 -162.54
v 5331.30 -119.60 -162.54
v 5335.37 -117.33 -162.54
v 5339.43 -115.06 -162.54
v 5343.49 -112.62 -162.54
v 5347.56 -109.91 -162.54
v 5351.62 -107.21 -162.54
v 5355.68 -104.50 -162.54
v 5359.75 -101.72 -162.54
v 5363.81 -98.63 -162.54
v 5367.87 -95.54 -162.54
v 5371.94 -92.45 -162.54
v 5376.00 -89.36 -162.54
v 5120.00 -144.65 -166.60
v 5124.06 -144.25 -166.60
v 5128.13 -143.85 -166.60
v 5132.19 -143.45 -166.60
v 5136.25 -143.04 -166.60
v 5140.32 -142.66 -166.60
v 5144.38 -142.29 -166.60
v 5148.44 -141.92 -166.60
v 5152.51 -141.54 -166.60
v 5156.57 -141.23 -166.60
v 5160.63 -140.96 -166.60
v 5164.70 -140.68 -166.60
v 5168.76 -140.41 -166.60
v 5172.83 -140.33 -166.60
v 5176.89 -140.55 -166.60
v 5180.95 -140.77 -166.60
v 5185.02 -140.98 -166.60
v 5189.08 -141.22 -166.60
v 5193.14 -141.52 -166.60
v 5197.21 -141.81 -166.60
v 5201.27 -142.11 -166.60
v 5205.33 -142.41 -166.60
v 5209.40 -142.71 -166.60
v 5213.46 -143.02 -166.60
v 5217.52 -143.32 -166.60
v 5221.59 -143.62 -166.60
v 5225.65 -143.87 -166.60
v 5229.71 -144.10 -166.60
v 5233.78 -144.33 -166.60
v 5237.84 -144.57 -166.60
v 5241.90 -144.55 -166.60
v 5245.97 -144.35 -166.60
v 5250.03 -144.16 -166.60
v 5254.10 -143.97 -166.60
v 5258.16 -143.65 -166.60
v 5262.22 -143.14 -166.60
v 5266.29 -142.62 -166.60
v 5270.35 -142.11 -166.60
v 5274.41 -141.52 -166.60
v 5278.48 -140.64 -166.60
v 5282.54 -139.76 -166.60
v 5286.60 -138.87 -166.60
v 5290.67 -137.99 -166.60
v 5294.73 -136.68 -166.60
v 5298.79 -135.37 -166.60
v 5302.86 -134.07 -166.60
v 5306.92 -132.76 -166.60
v 5310.98 -131.08 -166.60
v 5315.05 -129.32 -166.60
v 5319.11 -127.55 -166.60
v 5323.17 -125.79 -166.60
v 5327.24 -123.75 -166.60
v 5331.30 -121.53 -166.60
v 5335.37 -119.31 -166.60
v 5339.43 -117.08 -166.60
v 5343.49 -114.68 -166.60
v 5347.56 -112.02 -166.60
v 5351.62 -109.35 -166.60
v 5355.68 -106.68 -166.60
v 5359.75 -103.94 -166.60
v 5363.81 -100.87 -166.60
v 5367.87 -97.81 -166.60
v 5371.94 -94.75 -166.60
v 5376.00 -91.68 -166.60
v 5120.00 -145.27 -170.67
v 5124.06 -144.89 -170.67
v 5128.13 -144.51 -170.67
v 5132.19 -144.14 -170.67
v 5136.25 -143.76 -170.67
v 5140.32 -143.40 -170.67
v 5144.38 -143.04 -170.67
v 5148.44 -142.69 -170.67
v 5152.51 -142.33 -170.67
v 5156.57 -142.03 -170.67
v 5160.63 -141.77 -170.67
v 5164.70 -141.51 -170.67
v 5168.76 -141.24 -170.67
v 5172.83 -141.18 -170.67
v 5176.89 -141.41 -170.67
v 5180.95 -141.64 -170.67
v 5185.02 -141.87 -170.67
v 5189.08 -142.12 -170.67
v 5193.14 -142.42 -170.67
v 5197.21 -142.73 -170.67
v 5201.27 -143.04 -170.67
v 5205.33 -143.35 -170.67
v 5209.40 -143.66 -170.67
v 5213.46 -143.98 -170.67
v 5217.52 -144.30 -170.67
v 5221.59 -144.61 -170.67
v 5225.65 -144.88 -170.67
v 5229.71 -145.14 -170.67
v 5233.78 -145.40 -170.67
v 5237.84 -145.66 -170.67
v 5241.90 -145.68 -170.67
v 5245.97 -145.52 -170.67
v 5250.03 -145.37 -170.67
v 5254.10 -145.21 -170.67
v 5258.16 -144.93 -170.67
v 5262.22 -144.44 -170.67
v 5266.29 -143.95 -170.67
v 5270.35 -143.47 -170.67
v 5274.41 -142.91 -170.67
v 5278.48 -142.06 -170.67
v 5282.54 -141.21 -170.67
v 5286.60 -140.36 -170.67
v 5290.67 -139.51 -170.67
v 5294.73 -138.24 -170.67
v 5298.79 -136.97 -170.67
v 5302.86 -135.70 -170.67
v 5306.92 -134.43 -170.67
v 5310.98 -132.80 -170.67
v 5315.05 -131.07 -170.67
v 5319.11 -129.35 -170.67
v 5323.17 -127.63 -170.67
v 5327.24 -125.64 -170.67
v 5331.30 -123.46 -170.67
v 5335.37 -121.28 -170.67
v 5339.43 -119.10 -170.67
v 5343.49 -116.75 -170.67
v 5347.56 -114.12 -170.67
v 5351.62 -111.49 -170.67
v 5355.68 -108.86 -170.67
v 5359.75 -106.16 -170.67
v 5363.81 -103.12 -170.67
v 5367.87 -100.08 -170.67
v 5371.94 -97.04 -170.67
v 5376.00 -94.01 -170.67
v 5120.00 -145.68 -174.73
v 5124.06 -145.33 -174.73
v 5128.13 -144.98 -174.73
v 5132.19 -144.63 -174.73
v 5136.25 -144.27 -174.73
v 5140.32 -143.93 -174.73
v 5144.38 -143.59 -174.73
v 5148.44 -143.25 -174.73
v 5152.51 -142.91 -174.73
v 5156.57 -142.62 -174.73
v 5160.63 -142.37 -174.73
v 5164.70 -142.11 -174.73
v 5168.76 -141.86 -174.73
v 5172.83 -141.80 -174.73
v 5176.89 -142.04 -174.73
v 5180.95 -142.27 -174.73
v 5185.02 -142.51 -174.73
v 5189.08 -142.76 -174.73
v 5193.14 -143.08 -174.73
v 5197.21 -143.39 -174.73
v 5201.27 -143.70 -174.73
v 5205.33 -144.02 -174.73
v 5209.40 -144.34 -174.73
v 5213.46 -144.66 -174.73
v 5217.52 -144.99 -174.73
v 5221.59 -145.31 -174.73
v 5225.65 -145.59 -174.73
v 5229.71 -145.86 -174.73
v 5233.78 -146.13 -174.73
v 5237.84 -146.40 -174.73
v 5241.90 -146.45 -174.73
v 5245.97 -146.35 -174.73
v 5250.03 -146.25 -174.73
v 5254.10 -146.16 -174.73
v 5258.16 -145.92 -174.73
v 5262.22 -145.46 -174.73
v 5266.29 -145.00 -174.73
v 5270.35 -144.55 -174.73
v 5274.41 -144.02 -174.73
v 5278.48 -143.21 -174.73
v 5282.54 -142.40 -174.73
v 5286.60 -141.59 -174.73
v 5290.67 -140.78 -174.73
v 5294.73 -139.55 -174.73
v 5298.79 -138.33 -174.73
v 5302.86 -137.11 -174.73
v 5306.92 -135.88 -174.73
v 5310.98 -134.30 -174.73
v 5315.05 -132.63 -174.73
v 5319.11 -130.97 -174.73
v 5323.17 -129.30 -174.73
v 5327.24 -127.36 -174.73
v 5331.30 -125.23 -174.73
v 5335.37 -123.10 -174.73
v 5339.43 -120.98 -174.73
v 5343.49 -118.67 -174.73
v 5347.56 -116.09 -174.73
v 5351.62 -113.51 -174.73
v 5355.68 -110.93 -174.73
v 5359.75 -108.27 -174.73
v 5363.81 -105.27 -174.73
v 5367.87 -102.26 -174.73
v 5371.94 -99.26 -174.73
v 5376.00 -96.26 -174.73
v 5120.00 -146.10 -178.79
v 5124.06 -145.77 -178.79
v 5128.13 -145.44 -178.79
v 5132.19 -145.12 -178.79
v 5136.25 -144.79 -178.79
v 5140.32 -144.46 -178.79
v 5144.38 -144.14 -178.79
v 5148.44 -143.81 -178.79
v 5152.51 -143.49 -178.79
v 5156.57 -143.21 -178.79
v 5160.63 -142.96 -178.79
v 5164.70 -142.72 -178.79
v 5168.76 -142.47 -178.79
v 5172.83 -142.42 -178.79
v 5176.89 -142.67 -178.79
v 5180.95 -142.91 -178.79
v 5185.02 -143.15 -178.79
v 5189.08 -143.41 -178.79
v 5193.14 -143.73 -178.79
v 5197.21 -144.05 -178.79
v 5201.27 -144.37 -178.79
v 5205.33 -144.68 -178.79
v 5209.40 -145.02 -178.79
v 5213.46 -145.35 -178.79
v 5217.52 -145.68 -178.79
v 5221.59 -146.01 -178.79
v 5225.65 -146.30 -178.79
v 5229.71 -146.57 -178.79
v 5233.78 -146.85 -178.79
v 5237.84 -147.13 -178.79
v 5241.90 -147.22 -178.79
v 5245.97 -147.18 -178.79
v 5250.03 -147.14 -178.79
v 5254.10 -147.10 -178.79
v 5258.16 -146.91 -178.79
v 5262.22 -146.48 -178.79
v 5266.29 -146.05 -178.79
v 5270.35 -145.62 -178.79
v 5274.41 -145.13 -178.79
v 5278.48 -144.36 -178.79
v 5282.54 -143.59 -178.79
v 5286.60 -142.81 -178.79
v 5290.67 -142.04 -178.79
v 5294.73 -140.87 -178.79
v 5298.79 -139.69 -178.79
v 5302.86 -138.51 -178.79
v 5306.92 -137.34 -178.79
v 5310.98 -135.81 -178.79
v 5315.05 -134.19 -178.79
v 5319.11 -132.58 -178.79
v 5323.17 -130.96 -178.79
v 5327.24 -129.07 -178.79
v 5331.30 -127.00 -178.79
v 5335.37 -124.93 -178.79
v 5339.43 -122.85 -178.79
v 5343.49 -120.60 -178.79
v 5347.56 -118.07 -178.79
v 5351.62 -115.53 -178.79
v 5355.68 -113.00 -178.79
v 5359.75 -110.38 -178.79
v 5363.81 -107.42 -178.79
v 5367.87 -104.45 -178.79
v 5371.94 -101.48 -178.79
v 5376.00 -98.52 -178.79
v 5120.00 -146.51 -182.86
v 5124.06 -146.21 -182.86
v 5128.13 -145.91 -182.86
v 5132.19 -145.60 -182.86
v 5136.25 -145.30 -182.86
v 5140.32 -144.99 -182.86
v 5144.38 -144.68 -182.86
v 5148.44 -144.37 -182.86
v 5152.51 -144.06 -182.86
v 5156.57 -143.80 -182.86
v 5160.63 -143.56 -182.86
v 5164.70 -143.32 -182.86
v 5168.76 -143.09 -182.86
v 5172.83 -143.05 -182.86
v 5176.89 -143.29 -182.86
v 5180.95 -143.54 -182.86
v 5185.02 -143.79 -182.86
v 5189.08 -144.05 -182.86
v 5193.14 -144.38 -182.86
v 5197.21 -144.70 -182.86
v 5201.27 -145.03 -182.86
v 5205.33 -145.35 -182.86
v 5209.40 -145.69 -182.86
v 5213.46 -146.03 -182.86
v 5217.52 -146.37 -182.86
v 5221.59 -146.71 -182.86
v 5225.65 -147.00 -182.86
v 5229.71 -147.29 -182.86
v 5233.78 -147.57 -182.86
v 5237.84 -147.86 -182.86
v 5241.90 -147.99 -182.86
v 5245.97 -148.00 -182.86
v 5250.03 -148.02 -182.86
v 5254.10 -148.04 -182.86
v 5258.16 -147.89 -182.86
v 5262.22 -147.50 -182.86
v 5266.29 -147.10 -182.86
v 5270.35 -146.70 -182.86
v 5274.41 -146.24 -182.86
v 5278.48 -145.51 -182.86
v 5282.54 -144.77 -182.86
v 5286.60 -144.04 -182.86
v 5290.67 -143.31 -182.86
v 5294.73 -142.18 -182.86
v 5298.79 -141.05 -182.86
v 5302.86 -139.92 -182.86
v 5306.92 -138.79 -182.86
v 5310.98 -137.32 -182.86
v 5315.05 -135.75 -182.86
v 5319.11 -134.19 -182.86
v 5323.17 -132.63 -182.86
v 5327.24 -130.79 -182.86
v 5331.30 -128.77 -182.86
v 5335.37 -126.75 -182.86
v 5339.43 -124.73 -182.86
v 5343.49 -122.52 -182.86
v 5347.56 -120.04 -182.86
v 5351.62 -117.55 -182.86
v 5355.68 -115.07 -182.86
v 5359.75 -112.49 -182.86
v 5363.81 -109.56 -182.86
v 5367.87 -106.63 -182.86
v 5371.94 -103.70 -182.86
v 5376.00 -100.77 -182.86
v 5120.00 -146.93 -186.92
v 5124.06 -146.65 -186.92
v 5128.13 -146.37 -186.92
v 5132.19 -146.09 -186.92
v 5136.25 -145.82 -186.92
v 5140.32 -145.52 -186.92
v 5144.38 -145.23 -186.92
v 5148.44 -144.93 -186.92
v 5152.51 -144.64 -186.92
v 5156.57 -144.38 -186.92
v 5160.63 -144.16 -186.92
v 5164.70 -143.93 -186.92
v 5168.76 -143.70 -186.92
v 5172.83 -143.67 -186.92
v 5176.89 -143.92 -186.92
v 5180.95 -144.18 -186.92
v 5185.02 -144.43 -186.92
v 5189.08 -144.70 -186.92
v 5193.14 -145.03 -186.92
v 5197.21 -145.36 -186.92
v 5201.27 -145.69 -186.92
v 5205.33 -146.02 -186.92
v 5209.40 -146.37 -186.92
v 5213.46 -146.71 -186.92
v 5217.52 -147.06 -186.92
v 5221.59 -147.40 -186.92
v 5225.65 -147.71 -186.92
v 5229.71 -148.00 -186.92
v 5233.78 -148.30 -186.92
v 5237.84 -148.59 -186.92
v 5241.90 -148.75 -186.92
v 5245.97 -148.83 -186.92
v 5250.03 -148.91 -186.92
v 5254.10 -148.98 -186.92
v 5258.16 -148.88 -186.92
v 5262.22 -148.52 -186.92
v 5266.29 -148.15 -186.92
v 5270.35 -147.78 -186.92
v 5274.41 -147.35 -186.92
v 5278.48 -146.66 -186.92
v 5282.54 -145.96 -186.92
v 5286.60 -145.27 -186.92
v 5290.67 -144.58 -186.92
v 5294.73 -143.50 -186.92
v 5298.79 -142.41 -186.92
v 5302.86 -141.33 -186.92
v 5306.92 -140.25 -186.92
v 5310.98 -138.83 -186.92
v 5315.05 -137.31 -186.92
v 5319.11 -135.80 -186.92
v 5323.17 -134.29 -186.92
v 5327.24 -132.51 -186.92
v 5331.30 -130.54 -186.92
v 5335.37 -128.57 -186.92
v 5339.43 -126.60 -186.92
v 5343.49 -124.45 -186.92
v 5347.56 -122.01 -186.92
v 5351.62 -119.57 -186.92
v 5355.68 -117.13 -186.92
v 5359.75 -114.61 -186.92
v 5363.81 -111.71 -186.92
v 5367.87 -108.82 -186.92
v 5371.94 -105.92 -186.92
v 5376.00 -103.03 -186.92
v 5120.00 -147.21 -190.98
v 5124.06 -146.95 -190.98
v 5128.13 -146.70 -190.98
v 5132.19 -146.44 -190.98
v 5136.25 -146.18 -190.98
v 5140.32 -145.90 -190.98
v 5144.38 -145.62 -190.98
v 5148.44 -145.34 -190.98
v 5152.51 -145.05 -190.98
v 5156.57 -144.81 -190.98
v 5160.63 -144.59 -190.98
v 5164.70 -144.36 -190.98
v 5168.76 -144.14 -190.98
v 5172.83 -144.11 -190.98
v 5176.89 -144.37 -190.98
v 5180.95 -144.63 -190.98
v 5185.02 -144.88 -190.98
v 5189.08 -145.16 -190.98
v 5193.14 -145.49 -190.98
v 5197.21 -145.82 -190.98
v 5201.27 -146.16 -190.98
v 5205.33 -146.49 -190.98
v 5209.40 -146.84 -190.98
v 5213.46 -147.19 -190.98
v 5217.52 -147.54 -190.98
v 5221.59 -147.89 -190.98
v 5225.65 -148.20 -190.98
v 5229.71 -148.50 -190.98
v 5233.78 -148.80 -190.98
v 5237.84 -149.10 -190.98
v 5241.90 -149.30 -190.98
v 5245.97 -149.42 -190.98
v 5250.03 -149.54 -190.98
v 5254.10 -149.65 -190.98
v 5258.16 -149.60 -190.98
v 5262.22 -149.27 -190.98
v 5266.29 -148.94 -190.98
v 5270.35 -148.62 -190.98
v 5274.41 -148.23 -190.98
v 5278.48 -147.57 -190.98
v 5282.54 -146.92 -190.98
v 5286.60 -146.27 -190.98
v 5290.67 -145.62 -190.98
v 5294.73 -144.59 -190.98
v 5298.79 -143.56 -190.98
v 5302.86 -142.52 -190.98
v 5306.92 -141.49 -190.98
v 5310.98 -140.12 -190.98
v 5315.05 -138.66 -190.98
v 5319.11 -137.20 -190.98
v 5323.17 -135.74 -190.98
v 5327.24 -134.01 -190.98
v 5331.30 -132.10 -190.98
v 5335.37 -130.19 -190.98
v 5339.43 -128.27 -190.98
v 5343.49 -126.17 -190.98
v 5347.56 -123.78 -190.98
v 5351.62 -121.40 -190.98
v 5355.68 -119.01 -190.98
v 5359.75 -116.53 -190.98
v 5363.81 -113.67 -190.98
v 5367.87 -110.82 -190.98
v 5371.94 -107.97 -190.98
v 5376.00 -105.11 -190.98
v 5120.00 -147.46 -195.05
v 5124.06 -147.22 -195.05
v 5128.13 -146.98 -195.05
v 5132.19 -146.75 -195.05
v 5136.25 -146.51 -195.05
v 5140.32 -146.24 -195.05
v 5144.38 -145.97 -195.05
v 5148.44 -145.70 -195.05
v 5152.51 -145.43 -195.05
v 5156.57 -145.19 -195.05
v 5160.63 -144.97 -195.05
v 5164.70 -144.75 -195.05
v 5168.76 -144.54 -195.05
v 5172.83 -144.51 -195.05
v 5176.89 -144.77 -195.05
v 5180.95 -145.03 -195.05
v 5185.02 -145.29 -195.05
v 5189.08 -145.57 -195.05
v 5193.14 -145.90 -195.05
v 5197.21 -146.24 -195.05
v 5201.27 -146.57 -195.05
v 5205.33 -146.91 -195.05
v 5209.40 -147.26 -195.05
v 5213.46 -147.62 -195.05
v 5217.52 -147.97 -195.05
v 5221.59 -148.32 -195.05
v 5225.65 -148.64 -195.05
v 5229.71 -148.95 -195.05
v 5233.78 -149.25 -195.05
v 5237.84 -149.56 -195.05
v 5241.90 -149.78 -195.05
v 5245.97 -149.94 -195.05
v 5250.03 -150.10 -195.05
v 5254.10 -150.26 -195.05
v 5258.16 -150.24 -195.05
v 5262.22 -149.96 -195.05
v 5266.29 -149.67 -195.05
v 5270.35 -149.39 -195.05
v 5274.41 -149.04 -195.05
v 5278.48 -148.43 -195.05
v 5282.54 -147.83 -195.05
v 5286.60 -147.22 -195.05
v 5290.67 -146.61 -195.05
v 5294.73 -145.63 -195.05
v 5298.79 -144.64 -195.05
v 5302.86 -143.66 -195.05
v 5306.92 -142.67 -195.05
v 5310.98 -141.35 -195.05
v 5315.05 -139.95 -195.05
v 5319.11 -138.54 -195.05
v 5323.17 -137.14 -195.05
v 5327.24 -135.46 -195.05
v 5331.30 -133.61 -195.05
v 5335.37 -131.75 -195.05
v 5339.43 -129.89 -195.05
v 5343.49 -127.84 -195.05
v 5347.56 -125.50 -195.05
v 5351.62 -123.17 -195.05
v 5355.68 -120.83 -195.05
v 5359.75 -118.40 -195.05
v 5363.81 -115.59 -195.05
v 5367.87 -112.78 -195.05
v 5371.94 -109.97 -195.05
v 5376.00 -107.15 -195.05
v 5120.00 -147.71 -199.11
v 5124.06 -147.49 -199.11
v 5128.13 -147.27 -199.11
v 5132.19 -147.06 -199.11
v 5136.25 -146.84 -199.11
v 5140.32 -146.59 -199.11
v 5144.38 -146.32 -199.11
v 5148.44 -146.06 -199.11
v 5152.51 -145.80 -199.11
v 5156.57 -145.57 -199.11
v 5160.63 -145.35 -199.11
v 5164.70 -145.14 -199.11
v 5168.76 -144.93 -199.11
v 5172.83 -144.91 -199.11
v 5176.89 -145.17 -199.11
v 5180.95 -145.43 -199.11
v 5185.02 -145.70 -199.11
v 5189.08 -145.97 -199.11
v 5193.14 -146.31 -199.11
v 5197.21 -146.65 -199.11
v 5201.27 -146.99 -199.11
v 5205.33 -147.33 -199.11
v 5209.40 -147.68 -199.11
v 5213.46 -148.04 -199.11
v 5217.52 -148.40 -199.11
v 5221.59 -148.76 -199.11
v 5225.65 -149.08 -199.11
v 5229.71 -149.39 -199.11
v 5233.78 -149.71 -199.11
v 5237.84 -150.02 -199.11
v 5241.90 -150.26 -199.11
v 5245.97 -150.46 -199.11
v 5250.03 -150.66 -199.11
v 5254.10 -150.86 -199.11
v 5258.16 -150.88 -199.11
v 5262.22 -150.64 -199.11
v 5266.29 -150.40 -199.11
v 5270.35 -150.16 -199.11
v 5274.41 -149.86 -199.11
v 5278.48 -149.29 -199.11
v 5282.54 -148.73 -199.11
v 5286.60 -148.16 -199.11
v 5290.67 -147.60 -199.11
v 5294.73 -146.66 -199.11
v 5298.79 -145.73 -199.11
v 5302.86 -144.79 -199.11
v 5306.92 -143.85 -199.11
v 5310.98 -142.59 -199.11
v 5315.05 -141.24 -199.11
v 5319.11 -139.89 -199.11
v 5323.17 -138.54 -199.11
v 5327.24 -136.91 -199.11
v 5331.30 -135.11 -199.11
v 5335.37 -133.31 -199.11
v 5339.43 -131.51 -199.11
v 5343.49 -129.51 -199.11
v 5347.56 -127.23 -199.11
v 5351.62 -124.94 -199.11
v 5355.68 -122.65 -199.11
v 5359.75 -120.27 -199.11
v 5363.81 -117.50 -199.11
v 5367.87 -114.74 -199.11
v 5371.94 -111.97 -199.11
v 5376.00 -109.20 -199.11
v 5120.00 -147.95 -203.17
v 5124.06 -147.76 -203.17
v 5128.13 -147.56 -203.17
v 5132.19 -147.36 -203.17
v 5136.25 -147.17 -203.17
v 5140.32 -146.93 -203.17
v 5144.38 -146.67 -203.17
v 5148.44 -146.42 -203.17
v 5152.51 -146.17 -203.17
v 5156.57 -145.95 -203.17
v 5160.63 -145.74 -203.17
v 5164.70 -145.53 -203.17
v 5168.76 -145.33 -203.17
v 5172.83 -145.31 -203.17
v 5176.89 -145.57 -203.17
v 5180.95 -145.84 -203.17
v 5185.02 -146.10 -203.17
v 5189.08 -146.38 -203.17
v 5193.14 -146.72 -203.17
v 5197.21 -147.06 -203.17
v 5201.27 -147.41 -203.17
v 5205.33 -147.75 -203.17
v 5209.40 -148.11 -203.17
v 5213.46 -148.47 -203.17
v 5217.52 -148.83 -203.17
v 5221.59 -149.19 -203.17
v 5225.65 -149.52 -203.17
v 5229.71 -149.84 -203.17
v 5233.78 -150.16 -203.17
v 5237.84 -150.48 -203.17
v 5241.90 -150.75 -203.17
v 5245.97 -150.98 -203.17
v 5250.03 -151.22 -203.17
v 5254.10 -151.46 -203.17
v 5258.16 -151.52 -203.17
v 5262.22 -151.33 -203.17
v 5266.29 -151.13 -203.17
v 5270.35 -150.94 -203.17
v 5274.41 -150.68 -203.17
v 5278.48 -150.15 -203.17
v 5282.54 -149.63 -203.17
v 5286.60 -149.11 -203.17
v 5290.67 -148.59 -203.17
v 5294.73 -147.70 -203.17
v 5298.79 -146.81 -203.17
v 5302.86 -145.92 -203.17
v 5306.92 -145.03 -203.17
v 5310.98 -143.82 -203.17
v 5315.05 -142.52 -203.17
v 5319.11 -141.23 -203.17
v 5323.17 -139.93 -203.17
v 5327.24 -138.37 -203.17
v 5331.30 -136.62 -203.17
v 5335.37 -134.87 -203.17
v 5339.43 -133.12 -203.17
v 5343.49 -131.18 -203.17
v 5347.56 -128.95 -203.17
v 5351.62 -126.71 -203.17
v 5355.68 -124.48 -203.17
v 5359.75 -122.15 -203.17
v 5363.81 -119.42 -203.17
v 5367.87 -116.69 -203.17
v 5371.94 -113.97 -203.17
v 5376.00 -111.24 -203.17
v 5120.00 -147.89 -207.24
v 5124.06 -147.75 -207.24
v 5128.13 -147.61 -207.24
v 5132.19 -147.47 -207.24
v 5136.25 -147.34 -207.24
v 5140.32 -147.11 -207.24
v 5144.38 -146.87 -207.24
v 5148.44 -146.63 -207.24
v 5152.51 -146.39 -207.24
v 5156.57 -146.18 -207.24
v 5160.63 -145.97 -207.24
v 5164.70 -145.77 -207.24
v 5168.76 -145.57 -207.24
v 5172.83 -145.56 -207.24
v 5176.89 -145.82 -207.24
v 5180.95 -146.09 -207.24
v 5185.02 -146.35 -207.24
v 5189.08 -146.63 -207.24
v 5193.14 -146.97 -207.24
v 5197.21 -147.31 -207.24
v 5201.27 -147.65 -207.24
v 5205.33 -147.99 -207.24
v 5209.40 -148.36 -207.24
v 5213.46 -148.73 -207.24
v 5217.52 -149.09 -207.24
v 5221.59 -149.46 -207.24
v 5225.65 -149.80 -207.24
v 5229.71 -150.13 -207.24
v 5233.78 -150.47 -207.24
v 5237.84 -150.80 -207.24
v 5241.90 -151.09 -207.24
v 5245.97 -151.35 -207.24
v 5250.03 -151.61 -207.24
v 5254.10 -151.87 -207.24
v 5258.16 -151.97 -207.24
v 5262.22 -151.83 -207.24
v 5266.29 -151.69 -207.24
v 5270.35 -151.55 -207.24
v 5274.41 -151.34 -207.24
v 5278.48 -150.86 -207.24
v 5282.54 -150.37 -207.24
v 5286.60 -149.89 -207.24
v 5290.67 -149.41 -207.24
v 5294.73 -148.57 -207.24
v 5298.79 -147.73 -207.24
v 5302.86 -146.88 -207.24
v 5306.92 -146.04 -207.24
v 5310.98 -144.88 -207.24
v 5315.05 -143.63 -207.24
v 5319.11 -142.38 -207.24
v 5323.17 -141.14 -207.24
v 5327.24 -139.62 -207.24
v 5331.30 -137.93 -207.24
v 5335.37 -136.23 -207.24
v 5339.43 -134.53 -207.24
v 5343.49 -132.64 -207.24
v 5347.56 -130.46 -207.24
v 5351.62 -128.28 -207.24
v 5355.68 -126.09 -207.24
v 5359.75 -123.81 -207.24
v 5363.81 -121.12 -207.24
v 5367.87 -118.44 -207.24
v 5371.94 -115.76 -207.24
v 5376.00 -113.07 -207.24
v 5120.00 -147.62 -211.30
v 5124.06 -147.56 -211.30
v 5128.13 -147.51 -211.30
v 5132.19 -147.45 -211.30
v 5136.25 -147.39 -211.30
v 5140.32 -147.20 -211.30
v 5144.38 -146.97 -211.30
v 5148.44 -146.74 -211.30
v 5152.51 -146.51 -211.30
v 5156.57 -146.30 -211.30
v 5160.63 -146.11 -211.30
v 5164.70 -145.92 -211.30
v 5168.76 -145.72 -211.30
v 5172.83 -145.71 -211.30
v 5176.89 -145.97 -211.30
v 5180.95 -146.24 -211.30
v 5185.02 -146.50 -211.30
v 5189.08 -146.78 -211.30
v 5193.14 -147.12 -211.30
v 5197.21 -147.45 -211.30
v 5201.27 -147.79 -211.30
v 5205.33 -148.13 -211.30
v 5209.40 -148.50 -211.30
v 5213.46 -148.88 -211.30
v 5217.52 -149.25 -211.30
v 5221.59 -149.62 -211.30
v 5225.65 -149.98 -211.30
v 5229.71 -150.33 -211.30
v 5233.78 -150.68 -211.30
v 5237.84 -151.03 -211.30
v 5241.90 -151.33 -211.30
v 5245.97 -151.61 -211.30
v 5250.03 -151.89 -211.30
v 5254.10 -152.16 -211.30
v 5258.16 -152.30 -211.30
v 5262.22 -152.21 -211.30
v 5266.29 -152.13 -211.30
v 5270.35 -152.05 -211.30
v 5274.41 -151.90 -211.30
v 5278.48 -151.46 -211.30
v 5282.54 -151.01 -211.30
v 5286.60 -150.57 -211.30
v 5290.67 -150.12 -211.30
v 5294.73 -149.33 -211.30
v 5298.79 -148.53 -211.30
v 5302.86 -147.73 -211.30
v 5306.92 -146.93 -211.30
v 5310.98 -145.81 -211.30
v 5315.05 -144.61 -211.30
v 5319.11 -143.41 -211.30
v 5323.17 -142.21 -211.30
v 5327.24 -140.75 -211.30
v 5331.30 -139.10 -211.30
v 5335.37 -137.46 -211.30
v 5339.43 -135.81 -211.30
v 5343.49 -133.97 -211.30
v 5347.56 -131.83 -211.30
v 5351.62 -129.70 -211.30
v 5355.68 -127.56 -211.30
v 5359.75 -125.33 -211.30
v 5363.81 -122.69 -211.30
v 5367.87 -120.05 -211.30
v 5371.94 -117.41 -211.30
v 5376.00 -114.77 -211.30
v 5120.00 -147.34 -215.37
v 5124.06 -147.37 -215.37
v 5128.13 -147.40 -215.37
v 5132.19 -147.43 -215.37
v 5136.25 -147.45 -215.37
v 5140.32 -147.28 -215.37
v 5144.38 -147.07 -215.37
v 5148.44 -146.85 -215.37
v 5152.51 -146.63 -215.37
v 5156.57 -146.43 -215.37
v 5160.63 -146.24 -215.37
v 5164.70 -146.06 -215.37
v 5168.76 -145.87 -215.37
v 5172.83 -145.86 -215.37
v 5176.89 -146.12 -215.37
v 5180.95 -146.38 -215.37
v 5185.02 -146.64 -215.37
v 5189.08 -146.92 -215.37
v 5193.14 -147.26 -215.37
v 5197.21 -147.59 -215.37
v 5201.27 -147.93 -215.37
v 5205.33 -148.26 -215.37
v 5209.40 -148.64 -215.37
v 5213.46 -149.02 -215.37
v 5217.52 -149.40 -215.37
v 5221.59 -149.79 -215.37
v 5225.65 -150.16 -215.37
v 5229.71 -150.52 -215.37
v 5233.78 -150.89 -215.37
v 5237.84 -151.26 -215.37
v 5241.90 -151.58 -215.37
v 5245.97 -151.87 -215.37
v 5250.03 -152.16 -215.37
v 5254.10 -152.45 -215.37
v 5258.16 -152.62 -215.37
v 5262.22 -152.60 -215.37
v 5266.29 -152.58 -215.37
v 5270.35 -152.56 -215.37
v 5274.41 -152.46 -215.37
v 5278.48 -152.06 -215.37
v 5282.54 -151.65 -215.37
v 5286.60 -151.24 -215.37
v 5290.67 -150.84 -215.37
v 5294.73 -150.08 -215.37
v 5298.79 -149.33 -215.37
v 5302.86 -148.57 -215.37
v 5306.92 -147.82 -215.37
v 5310.98 -146.74 -215.37
v 5315.05 -145.59 -215.37
v 5319.11 -144.44 -215.37
v 5323.17 -143.29 -215.37
v 5327.24 -141.87 -215.37
v 5331.30 -140.28 -215.37
v 5335.37 -138.68 -215.37
v 5339.43 -137.08 -215.37
v 5343.49 -135.29 -215.37
v 5347.56 -133.21 -215.37
v 5351.62 -131.12 -215.37
v 5355.68 -129.03 -215.37
v 5359.75 -126.84 -215.37
v 5363.81 -124.25 -215.37
v 5367.87 -121.65 -215.37
v 5371.94 -119.06 -215.37
v 5376.00 -116.46 -215.37
v 5120.00 -147.07 -219.43
v 5124.06 -147.18 -219.43
v 5128.13 -147.29 -219.43
v 5132.19 -147.40 -219.43
v 5136.25 -147.51 -219.43
v 5140.32 -147.37 -219.43
v 5144.38 -147.16 -219.43
v 5148.44 -146.96 -219.43
v 5152.51 -146.75 -219.43
v 5156.57 -146.56 -219.43
v 5160.63 -146.38 -219.43
v 5164.70 -146.20 -219.43
v 5168.76 -146.02 -219.43
v 5172.83 -146.01 -219.43
v 5176.89 -146.27 -219.43
v 5180.95 -146.53 -219.43
v 5185.02 -146.79 -219.43
v 5189.08 -147.06 -219.43
v 5193.14 -147.40 -219.43
v 5197.21 -147.73 -219.43
v 5201.27 -148.06 -219.43
v 5205.33 -148.40 -219.43
v 5209.40 -148.79 -219.43
v 5213.46 -149.17 -219.43
v 5217.52 -149.56 -219.43
v 5221.59 -149.95 -219.43
v 5225.65 -150.33 -219.43
v 5229.71 -150.72 -219.43
v 5233.78 -151.10 -219.43
v 5237.84 -151.49 -219.43
v 5241.90 -151.82 -219.43
v 5245.97 -152.13 -219.43
v 5250.03 -152.43 -219.43
v 5254.10 -152.74 -219.43
v 5258.16 -152.94 -219.43
v 5262.22 -152.98 -219.43
v 5266.29 -153.02 -219.43
v 5270.35 -153.06 -219.43
v 5274.41 -153.02 -219.43
v 5278.48 -152.65 -219.43
v 5282.54 -152.29 -219.43
v 5286.60 -151.92 -219.43
v 5290.67 -151.55 -219.43
v 5294.73 -150.84 -219.43
v 5298.79 -150.13 -219.43
v 5302.86 -149.42 -219.43
v 5306.92 -148.70 -219.43
v 5310.98 -147.68 -219.43
v 5315.05 -146.57 -219.43
v 5319.11 -145.47 -219.43
v 5323.17 -144.37 -219.43
v 5327.24 -143.00 -219.43
v 5331.30 -141.45 -219.43
v 5335.37 -139.91 -219.43
v 5339.43 -138.36 -219.43
v 5343.49 -136.62 -219.43
v 5347.56 -134.58 -219.43
v 5351.62 -132.54 -219.43
v 5355.68 -130.50 -219.43
v 5359.75 -128.36 -219.43
v 5363.81 -125.81 -219.43
v 5367.87 -123.26 -219.43
v 5371.94 -120.70 -219.43
v 5376.00 -118.15 -219.43
v 5120.00 -146.79 -223.49
v 5124.06 -146.96 -223.49
v 5128.13 -147.13 -223.49
v 5132.19 -147.30 -223.49
v 5136.25 -147.47 -223.49
v 5140.32 -147.34 -223.49
v 5144.38 -147.14 -223.49
v 5148.44 -146.94 -223.49
v 5152.51 -146.75 -223.49
v 5156.57 -146.56 -223.49
v 5160.63 -146.38 -223.49
v 5164.70 -146.21 -223.49
v 5168.76 -146.03 -223.49
v 5172.83 -146.03 -223.49
v 5176.89 -146.29 -223.49
v 5180.95 -146.54 -223.49
v 5185.02 -146.80 -223.49
v 5189.08 -147.07 -223.49
v 5193.14 -147.41 -223.49
v 5197.21 -147.74 -223.49
v 5201.27 -148.07 -223.49
v 5205.33 -148.40 -223.49
v 5209.40 -148.80 -223.49
v 5213.46 -149.19 -223.49
v 5217.52 -149.58 -223.49
v 5221.59 -149.97 -223.49
v 5225.65 -150.37 -223.49
v 5229.71 -150.77 -223.49
v 5233.78 -151.17 -223.49
v 5237.84 -151.57 -223.49
v 5241.90 -151.92 -223.49
v 5245.97 -152.25 -223.49
v 5250.03 -152.57 -223.49
v 5254.10 -152.89 -223.49
v 5258.16 -153.13 -223.49
v 5262.22 -153.23 -223.49
v 5266.29 -153.33 -223.49
v 5270.35 -153.43 -223.49
v 5274.41 -153.45 -223.49
v 5278.48 -153.13 -223.49
v 5282.54 -152.81 -223.49
v 5286.60 -152.50 -223.49
v 5290.67 -152.18 -223.49
v 5294.73 -151.51 -223.49
v 5298.79 -150.83 -223.49
v 5302.86 -150.16 -223.49
v 5306.92 -149.48 -223.49
v 5310.98 -148.50 -223.49
v 5315.05 -147.44 -223.49
v 5319.11 -146.38 -223.49
v 5323.17 -145.32 -223.49
v 5327.24 -143.99 -223.49
v 5331.30 -142.49 -223.49
v 5335.37 -140.99 -223.49
v 5339.43 -139.49 -223.49
v 5343.49 -137.79 -223.49
v 5347.56 -135.80 -223.49
v 5351.62 -133.80 -223.49
v 5355.68 -131.81 -223.49
v 5359.75 -129.71 -223.49
v 5363.81 -127.20 -223.49
v 5367.87 -124.69 -223.49
v 5371.94 -122.18 -223.49
v 5376.00 -119.67 -223.49
v 5120.00 -146.49 -227.56
v 5124.06 -146.68 -227.56
v 5128.13 -146.87 -227.56
v 5132.19 -147.07 -227.56
v 5136.25 -147.26 -227.56
v 5140.32 -147.15 -227.56
v 5144.38 -146.95 -227.56
v 5148.44 -146.75 -227.56
v 5152.51 -146.56 -227.56
v 5156.57 -146.37 -227.56
v 5160.63 -146.20 -227.56
v 5164.70 -146.02 -227.56
v 5168.76 -145.84 -227.56
v 5172.83 -145.84 -227.56
v 5176.89 -146.10 -227.56
v 5180.95 -146.36 -227.56
v 5185.02 -146.61 -227.56
v 5189.08 -146.89 -227.56
v 5193.14 -147.22 -227.56
v 5197.21 -147.55 -227.56
v 5201.27 -147.88 -227.56
v 5205.33 -148.22 -227.56
v 5209.40 -148.61 -227.56
v 5213.46 -149.01 -227.56
v 5217.52 -149.40 -227.56
v 5221.59 -149.80 -227.56
v 5225.65 -150.20 -227.56
v 5229.71 -150.61 -227.56
v 5233.78 -151.02 -227.56
v 5237.84 -151.43 -227.56
v 5241.90 -151.80 -227.56
v 5245.97 -152.15 -227.56
v 5250.03 -152.49 -227.56
v 5254.10 -152.84 -227.56
v 5258.16 -153.12 -227.56
v 5262.22 -153.28 -227.56
v 5266.29 -153.43 -227.56
v 5270.35 -153.59 -227.56
v 5274.41 -153.67 -227.56
v 5278.48 -153.42 -227.56
v 5282.54 -153.17 -227.56
v 5286.60 -152.92 -227.56
v 5290.67 -152.67 -227.56
v 5294.73 -152.02 -227.56
v 5298.79 -151.38 -227.56
v 5302.86 -150.74 -227.56
v 5306.92 -150.10 -227.56
v 5310.98 -149.15 -227.56
v 5315.05 -148.12 -227.56
v 5319.11 -147.10 -227.56
v 5323.17 -146.07 -227.56
v 5327.24 -144.78 -227.56
v 5331.30 -143.32 -227.56
v 5335.37 -141.85 -227.56
v 5339.43 -140.39 -227.56
v 5343.49 -138.73 -227.56
v 5347.56 -136.78 -227.56
v 5351.62 -134.82 -227.56
v 5355.68 -132.87 -227.56
v 5359.75 -130.81 -227.56
v 5363.81 -128.34 -227.56
v 5367.87 -125.87 -227.56
v 5371.94 -123.40 -227.56
v 5376.00 -120.93 -227.56
v 5120.00 -146.19 -231.62
v 5124.06 -146.40 -231.62
v 5128.13 -146.62 -231.62
v 5132.19 -146.84 -231.62
v 5136.25 -147.06 -231.62
v 5140.32 -146.95 -231.62
v 5144.38 -146.75 -231.62
v 5148.44 -146.56 -231.62
v 5152.51 -146.37 -231.62
v 5156.57 -146.18 -231.62
v 5160.63 -146.01 -231.62
v 5164.70 -145.83 -231.62
v 5168.76 -145.66 -231.62
v 5172.83 -145.65 -231.62
v 5176.89 -145.91 -231.62
v 5180.95 -146.17 -231.62
v 5185.02 -146.42 -231.62
v 5189.08 -146.70 -231.62
v 5193.14 -147.03 -231.62
v 5197.21 -147.36 -231.62
v 5201.27 -147.70 -231.62
v 5205.33 -148.03 -231.62
v 5209.40 -148.43 -231.62
v 5213.46 -148.82 -231.62
v 5217.52 -149.22 -231.62
v 5221.59 -149.62 -231.62
v 5225.65 -150.03 -231.62
v 5229.71 -150.45 -231.62
v 5233.78 -150.87 -231.62
v 5237.84 -151.29 -231.62
v 5241.90 -151.68 -231.62
v 5245.97 -152.05 -231.62
v 5250.03 -152.42 -231.62
v 5254.10 -152.79 -231.62
v 5258.16 -153.10 -231.62
v 5262.22 -153.32 -231.62
v 5266.29 -153.54 -231.62
v 5270.35 -153.76 -231.62
v 5274.41 -153.90 -231.62
v 5278.48 -153.71 -231.62
v 5282.54 -153.52 -231.62
v 5286.60 -153.34 -231.62
v 5290.67 -153.15 -231.62
v 5294.73 -152.54 -231.62
v 5298.79 -151.93 -231.62
v 5302.86 -151.32 -231.62
v 5306.92 -150.71 -231.62
v 5310.98 -149.80 -231.62
v 5315.05 -148.81 -231.62
v 5319.11 -147.82 -231.62
v 5323.17 -146.82 -231.62
v 5327.24 -145.57 -231.62
v 5331.30 -144.15 -231.62
v 5335.37 -142.72 -231.62
v 5339.43 -141.29 -231.62
v 5343.49 -139.67 -231.62
v 5347.56 -137.76 -231.62
v 5351.62 -135.84 -231.62
v 5355.68 -133.93 -231.62
v 5359.75 -131.91 -231.62
v 5363.81 -129.48 -231.62
v 5367.87 -127.05 -231.62
v 5371.94 -124.62 -231.62
v 5376.00 -122.19 -231.62
v 5120.00 -145.88 -235.68
v 5124.06 -146.13 -235.68
v 5128.13 -146.37 -235.68
v 5132.19 -146.61 -235.68
v 5136.25 -146.86 -235.68
v 5140.32 -146.75 -235.68
v 5144.38 -146.56 -235.68
v 5148.44 -146.37 -235.68
v 5152.51 -146.18 -235.68
v 5156.57 -146.00 -235.68
v 5160.63 -145.82 -235.68
v 5164.70 -145.64 -235.68
v 5168.76 -145.47 -235.68
v 5172.83 -145.46 -235.68
v 5176.89 -145.72 -235.68
v 5180.95 -145.98 -235.68
v 5185.02 -146.23 -235.68
v 5189.08 -146.51 -235.68
v 5193.14 -146.84 -235.68
v 5197.21 -147.17 -235.68
v 5201.27 -147.51 -235.68
v 5205.33 -147.84 -235.68
v 5209.40 -148.24 -235.68
v 5213.46 -148.64 -235.68
v 5217.52 -149.04 -235.68
v 5221.59 -149.44 -235.68
v 5225.65 -149.86 -235.68
v 5229.71 -150.29 -235.68
v 5233.78 -150.72 -235.68
v 5237.84 -151.15 -235.68
v 5241.90 -151.55 -235.68
v 5245.97 -151.95 -235.68
v 5250.03 -152.34 -235.68
v 5254.10 -152.74 -235.68
v 5258.16 -153.09 -235.68
v 5262.22 -153.37 -235.68
v 5266.29 -153.64 -235.68
v 5270.35 -153.92 -235.68
v 5274.41 -154.12 -235.68
v 5278.48 -154.00 -235.68
v 5282.54 -153.88 -235.68
v 5286.60 -153.76 -235.68
v 5290.67 -153.64 -235.68
v 5294.73 -153.06 -235.68
v 5298.79 -152.48 -235.68
v 5302.86 -151.91 -235.68
v 5306.92 -151.33 -235.68
v 5310.98 -150.45 -235.68
v 5315.05 -149.49 -235.68
v 5319.11 -148.53 -235.68
v 5323.17 -147.58 -235.68
v 5327.24 -146.36 -235.68
v 5331.30 -144.97 -235.68
v 5335.37 -143.58 -235.68
v 5339.43 -142.19 -235.68
v 5343.49 -140.61 -235.68
v 5347.56 -138.74 -235.68
v 5351.62 -136.86 -235.68
v 5355.68 -134.99 -235.68
v 5359.75 -133.01 -235.68
v 5363.81 -130.62 -235.68
v 5367.87 -128.23 -235.68
v 5371.94 -125.84 -235.68
v 5376.00 -123.45 -235.68
v 5120.00 -145.60 -239.75
v 5124.06 -145.87 -239.75
v 5128.13 -146.13 -239.75
v 5132.19 -146.40 -239.75
v 5136.25 -146.67 -239.75
v 5140.32 -146.58 -239.75
v 5144.38 -146.40 -239.75
v 5148.44 -146.22 -239.75
v 5152.51 -146.04 -239.75
v 5156.57 -145.86 -239.75
v 5160.63 -145.68 -239.75
v 5164.70 -145.51 -239.75
v 5168.76 -145.33 -239.75
v 5172.83 -145.32 -239.75
v 5176.89 -145.58 -239.75
v 5180.95 -145.83 -239.75
v 5185.02 -146.09 -239.75
v 5189.08 -146.36 -239.75
v 5193.14 -146.69 -239.75
v 5197.21 -147.03 -239.75
v 5201.27 -147.36 -239.75
v 5205.33 -147.69 -239.75
v 5209.40 -148.10 -239.75
v 5213.46 -148.50 -239.75
v 5217.52 -148.90 -239.75
v 5221.59 -149.31 -239.75
v 5225.65 -149.74 -239.75
v 5229.71 -150.18 -239.75
v 5233.78 -150.61 -239.75
v 5237.84 -151.05 -239.75
v 5241.90 -151.48 -239.75
v 5245.97 -151.89 -239.75
v 5250.03 -152.31 -239.75
v 5254.10 -152.72 -239.75
v 5258.16 -153.11 -239.75
v 5262.22 -153.43 -239.75
v 5266.29 -153.76 -239.75
v 5270.35 -154.09 -239.75
v 5274.41 -154.34 -239.75
v 5278.48 -154.28 -239.75
v 5282.54 -154.22 -239.75
v 5286.60 -154.16 -239.75
v 5290.67 -154.10 -239.75
v 5294.73 -153.55 -239.75
v 5298.79 -153.00 -239.75
v 5302.86 -152.45 -239.75
v 5306.92 -151.90 -239.75
v 5310.98 -151.05 -239.75
v 5315.05 -150.13 -239.75
v 5319.11 -149.20 -239.75
v 5323.17 -148.27 -239.75
v 5327.24 -147.09 -239.75
v 5331.30 -145.74 -239.75
v 5335.37 -144.38 -239.75
v 5339.43 -143.03 -239.75
v 5343.49 -141.48 -239.75
v 5347.56 -139.65 -239.75
v 5351.62 -137.81 -239.75
v 5355.68 -135.97 -239.75
v 5359.75 -134.04 -239.75
v 5363.81 -131.68 -239.75
v 5367.87 -129.33 -239.75
v 5371.94 -126.98 -239.75
v 5376.00 -124.63 -239.75
v 5120.00 -145.37 -243.81
v 5124.06 -145.67 -243.81
v 5128.13 -145.97 -243.81
v 5132.19 -146.27 -243.81
v 5136.25 -146.57 -243.81
v 5140.32 -146.52 -243.81
v 5144.38 -146.38 -243.81
v 5148.44 -146.24 -243.81
v 5152.51 -146.10 -243.81
v 5156.57 -145.94 -243.81
v 5160.63 -145.76 -243.81
v 5164.70 -145.58 -243.81
v 5168.76 -145.40 -243.81
v 5172.83 -145.39 -243.81
v 5176.89 -145.64 -243.81
v 5180.95 -145.88 -243.81
v 5185.02 -146.13 -243.81
v 5189.08 -146.40 -243.81
v 5193.14 -146.73 -243.81
v 5197.21 -147.06 -243.81
v 5201.27 -147.39 -243.81
v 5205.33 -147.72 -243.81
v 5209.40 -148.13 -243.81
v 5213.46 -148.54 -243.81
v 5217.52 -148.95 -243.81
v 5221.59 -149.36 -243.81
v 5225.65 -149.80 -243.81
v 5229.71 -150.25 -243.81
v 5233.78 -150.70 -243.81
v 5237.84 -151.15 -243.81
v 5241.90 -151.58 -243.81
v 5245.97 -152.01 -243.81
v 5250.03 -152.44 -243.81
v 5254.10 -152.86 -243.81
v 5258.16 -153.25 -243.81
v 5262.22 -153.59 -243.81
v 5266.29 -153.92 -243.81
v 5270.35 -154.25 -243.81
v 5274.41 -154.52 -243.81
v 5278.48 -154.50 -243.81
v 5282.54 -154.48 -243.81
v 5286.60 -154.46 -243.81
v 5290.67 -154.44 -243.81
v 5294.73 -153.91 -243.81
v 5298.79 -153.37 -243.81
v 5302.86 -152.83 -243.81
v 5306.92 -152.29 -243.81
v 5310.98 -151.46 -243.81
v 5315.05 -150.55 -243.81
v 5319.11 -149.65 -243.81
v 5323.17 -148.74 -243.81
v 5327.24 -147.58 -243.81
v 5331.30 -146.25 -243.81
v 5335.37 -144.92 -243.81
v 5339.43 -143.59 -243.81
v 5343.49 -142.07 -243.81
v 5347.56 -140.26 -243.81
v 5351.62 -138.45 -243.81
v 5355.68 -136.64 -243.81
v 5359.75 -134.73 -243.81
v 5363.81 -132.41 -243.81
v 5367.87 -130.09 -243.81
v 5371.94 -127.77 -243.81
v 5376.00 -125.45 -243.81
v 5120.00 -145.13 -247.87
v 5124.06 -145.47 -247.87
v 5128.13 -145.80 -247.87
v 5132.19 -146.13 -247.87
v 5136.25 -146.47 -247.87
v 5140.32 -146.45 -247.87
v 5144.38 -146.36 -247.87
v 5148.44 -146.26 -247.87
v 5152.51 -146.17 -247.87
v 5156.57 -146.02 -247.87
v 5160.63 -145.83 -247.87
v 5164.70 -145.65 -247.87
v 5168.76 -145.46 -247.87
v 5172.83 -145.45 -247.87
v 5176.89 -145.69 -247.87
v 5180.95 -145.93 -247.87
v 5185.02 -146.17 -247.87
v 5189.08 -146.43 -247.87
v 5193.14 -146.76 -247.87
v 5197.21 -147.09 -247.87
v 5201.27 -147.42 -247.87
v 5205.33 -147.75 -247.87
v 5209.40 -148.17 -247.87
v 5213.46 -148.58 -247.87
v 5217.52 -149.00 -247.87
v 5221.59 -149.42 -247.87
v 5225.65 -149.87 -247.87
v 5229.71 -150.32 -247.87
v 5233.78 -150.78 -247.87
v 5237.84 -151.24 -247.87
v 5241.90 -151.69 -247.87
v 5245.97 -152.12 -247.87
v 5250.03 -152.56 -247.87
v 5254.10 -153.00 -247.87
v 5258.16 -153.40 -247.87
v 5262.22 -153.74 -247.87
v 5266.29 -154.08 -247.87
v 5270.35 -154.42 -247.87
v 5274.41 -154.70 -247.87
v 5278.48 -154.72 -247.87
v 5282.54 -154.74 -247.87
v 5286.60 -154.76 -247.87
v 5290.67 -154.79 -247.87
v 5294.73 -154.26 -247.87
v 5298.79 -153.74 -247.87
v 5302.86 -153.21 -247.87
v 5306.92 -152.69 -247.87
v 5310.98 -151.87 -247.87
v 5315.05 -150.98 -247.87
v 5319.11 -150.09 -247.87
v 5323.17 -149.21 -247.87
v 5327.24 -148.07 -247.87
v 5331.30 -146.76 -247.87
v 5335.37 -145.45 -247.87
v 5339.43 -144.14 -247.87
v 5343.49 -142.65 -247.87
v 5347.56 -140.87 -247.87
v 5351.62 -139.09 -247.87
v 5355.68 -137.31 -247.87
v 5359.75 -135.43 -247.87
v 5363.81 -133.14 -247.87
v 5367.87 -130.85 -247.87
v 5371.94 -128.56 -247.87
v 5376.00 -126.27 -247.87
v 5120.00 -144.90 -251.94
v 5124.06 -145.27 -251.94
v 5128.13 -145.63 -251.94
v 5132.19 -146.00 -251.94
v 5136.25 -146.36 -251.94
v 5140.32 -146.39 -251.94
v 5144.38 -146.34 -251.94
v 5148.44 -146.28 -251.94
v 5152.51 -146.23 -251.94
v 5156.57 -146.09 -251.94
v 5160.63 -145.91 -251.94
v 5164.70 -145.72 -251.94
v 5168.76 -145.53 -251.94
v 5172.83 -145.51 -251.94
v 5176.89 -145.75 -251.94
v 5180.95 -145.98 -251.94
v 5185.02 -146.21 -251.94
v 5189.08 -146.46 -251.94
v 5193.14 -146.79 -251.94
v 5197.21 -147.12 -251.94
v 5201.27 -147.45 -251.94
v 5205.33 -147.78 -251.94
v 5209.40 -148.20 -251.94
v 5213.46 -148.62 -251.94
v 5217.52 -149.05 -251.94
v 5221.59 -149.47 -251.94
v 5225.65 -149.93 -251.94
v 5229.71 -150.40 -251.94
v 5233.78 -150.87 -251.94
v 5237.84 -151.34 -251.94
v 5241.90 -151.79 -251.94
v 5245.97 -152.24 -251.94
v 5250.03 -152.69 -251.94
v 5254.10 -153.14 -251.94
v 5258.16 -153.54 -251.94
v 5262.22 -153.89 -251.94
v 5266.29 -154.24 -251.94
v 5270.35 -154.59 -251.94
v 5274.41 -154.88 -251.94
v 5278.48 -154.94 -251.94
v 5282.54 -155.00 -251.94
v 5286.60 -155.07 -251.94
v 5290.67 -155.13 -251.94
v 5294.73 -154.62 -251.94
v 5298.79 -154.11 -251.94
v 5302.86 -153.59 -251.94
v 5306.92 -153.08 -251.94
v 5310.98 -152.28 -251.94
v 5315.05 -151.41 -251.94
v 5319.11 -150.54 -251.94
v 5323.17 -149.67 -251.94
v 5327.24 -148.55 -251.94
v 5331.30 -147.27 -251.94
v 5335.37 -145.99 -251.94
v 5339.43 -144.70 -251.94
v 5343.49 -143.23 -251.94
v 5347.56 -141.48 -251.94
v 5351.62 -139.73 -251.94
v 5355.68 -137.97 -251.94
v 5359.75 -136.12 -251.94
v 5363.81 -133.86 -251.94
v 5367.87 -131.60 -251.94
v 5371.94 -129.34 -251.94
v 5376.00 -127.09 -251.94
v 5120.00 -144.67 -256.00
v 5124.06 -145.07 -256.00
v 5128.13 -145.46 -256.00
v 5132.19 -145.86 -256.00
v 5136.25 -146.26 -256.00
v 5140.32 -146.33 -256.00
v 5144.38 -146.32 -256.00
v 5148.44 -146.30 -256.00
v 5152.51 -146.29 -256.00
v 5156.57 -146.17 -256.00
v 5160.63 -145.98 -256.00
v 5164.70 -145.79 -256.00
v 5168.76 -145.60 -256.00
v 5172.83 -145.58 -256.00
v 5176.89 -145.80 -256.00
v 5180.95 -146.03 -256.00
v 5185.02 -146.25 -256.00
v 5189.08 -146.50 -256.00
v 5193.14 -146.83 -256.00
v 5197.21 -147.15 -256.00
v 5201.27 -147.48 -256.00
v 5205.33 -147.81 -256.00
v 5209.40 -148.24 -256.00
v 5213.46 -148.67 -256.00
v 5217.52 -149.09 -256.00
v 5221.59 -149.52 -256.00
v 5225.65 -149.99 -256.00
v 5229.71 -150.47 -256.00
v 5233.78 -150.95 -256.00
v 5237.84 -151.43 -256.00
v 5241.90 -151.90 -256.00
v 5245.97 -152.36 -256.00
v 5250.03 -152.81 -256.00
v 5254.10 -153.27 -256.00
v 5258.16 -153.69 -256.00
v 5262.22 -154.04 -256.00
v 5266.29 -154.40 -256.00
v 5270.35 -154.75 -256.00
v 5274.41 -155.06 -256.00
v 5278.48 -155.16 -256.00
v 5282.54 -155.27 -256.00
v 5286.60 -155.37 -256.00
v 5290.67 -155.48 -256.00
v 5294.73 -154.98 -256.00
v 5298.79 -154.47 -256.00
v 5302.86 -153.97 -256.00
v 5306.92 -153.47 -256.00
v 5310.98 -152.69 -256.00
v 5315.05 -151.84 -256.00
v 5319.11 -150.99 -256.00
v 5323.17 -150.14 -256.00
v 5327.24 -149.04 -256.00
v 5331.30 -147.78 -256.00
v 5335.37 -146.52 -256.00
v 5339.43 -145.26 -256.00
v 5343.49 -143.81 -256.00
v 5347.56 -142.09 -256.00
v 5351.62 -140.36 -256.00
v 5355.68 -138.64 -256.00
v 5359.75 -136.81 -256.00
v 5363.81 -134.59 -256.00
v 5367.87 -132.36 -256.00
v 5371.94 -130.13 -256.00
v 5376.00 -127.91 -256.00
vt 0.0000 0.0000
vt 0.0159 0.0000
vt 0.0317 0.0000
vt 0.0476 0.0000
vt 0.0635 0.0000
vt 0.0794 0.0000
vt 0.0952 0.0000
vt 0.1111 0.0000
vt 0.1270 0.0000
vt 0.1429 0.0000
vt 0.1587 0.0000
vt 0.1746 0.0000
vt 0.1905 0.0000
vt 0.2063 0.0000
vt 0.2222 0.0000
vt 0.2381 0.0000
vt 0.2540 0.0000
vt 0.2698 0.0000
vt 0.2857 0.0000
vt 0.3016 0.0000
vt 0.3175 0.0000
vt 0.3333 0.0000
vt 0.3492 0.0000
vt 0.3651 0.0000
vt 0.3810 0.0000
vt 0.3968 0.0000
vt 0.4127 0.0000
vt 0.4286 0.0000
vt 0.4444 0.0000
vt 0.4603 0.0000
vt 0.4762 0.0000
vt 0.4921 0.0000
vt 0.5079 0.0000
vt 0.5238 0.0000
vt 0.5397 0.0000
vt 0.5556 0.0000
vt 0.5714 0.0000
vt 0.5873 0.0000
vt 0.6032 0.0000
vt 0.6190 0.0000
vt 0.6349 0.0000
vt 0.6508 0.0000
vt 0.6667 0.0000
vt 0.6825 0.0000
vt 0.6984 0.0000
vt 0.7143 0.0000
vt 0.7302 0.0000
vt 0.7460 0.0000
vt 0.7619 0.0000
vt 0.7778 0.0000
vt 0.7937 0.0000
vt 0.8095 0.0000
vt 0.8254 0.0000
vt 0.8413 0.0000
vt 0.8571 0.0000
vt 0.8730 0.0000
vt 0.8889 0.0000
vt 0.9048 0.0000
vt 0.9206 0.0000
vt 0.9365 0.0000
vt 0.9524 0.0000
vt 0.9683 0.0000
vt 0.9841 0.0000
vt 1.0000 0.0000
vt 0.0000 0.0159
vt 0.0159 0.0159
vt 0.0317 0.0159
vt 0.0476 0.0159
vt 0.0635 0.0159
vt 0.0794 0.0159
vt 0.0952 0.0159
vt 0.1111 0.0159
vt 0.1270 0.0159
vt 0.1429 0.0159
vt 0.1587 0.0159
vt 0.1746 0.0159
vt 0.1905 0.0159
vt 0.2063 0.0159
vt 0.2222 0.0159
vt 0.2381 0.0159
vt 0.2540 0.0159
vt 0.2698 0.0159
vt 0.2857 0.0159
vt 0.3016 0.0159
vt 0.3175 0.0159
vt 0.3333 0.0159
vt 0.3492 0.0159
vt 0.3651 0.0159
vt 0.3810 0.0159
vt 0.3968 0.0159
vt 0.4127 0.0159
vt 0.4286 0.0159
vt 0.4444 0.0159
vt 0.4603 0.0159
vt 0.4762 0.0159
vt 0.4921 0.0159
vt 0.5079 0.0159
vt 0.5238 0.0159
vt 0.5397 0.0159
vt 0.5556 0.0159
vt 0.5714 0.0159
vt 0.5873 0.0159
vt 0.6032 0.0159
vt 0.6190 0.0159
vt 0.6349 0.0159
vt 0.6508 0.0159
vt 0.6667 0.0159
vt 0.6825 0.0159
vt 0.6984 0.0159
vt 0.7143 0.0159
vt 0.7302 0.0159
vt 0.7460 0.0159
vt 0.7619 0.0159
vt 0.7778 0.0159
vt 0.7937 0.0159
vt 0.8095 0.0159
vt 0.8254 0.0159
vt 0.8413 0.0159
vt 0.8571 0.0159
vt 0.8730 0.0159
vt 0.8889 0.0159
vt 0.9048 0.0159
vt 0.9206 0.0159
vt 0.9365 0.0159
vt 0.9524 0.0159
vt 0.9683 0.0159
vt 0.9841 0.0159
vt 1.0000 0.0159
vt 0.0000 0.0317
vt 0.0159 0.0317
vt 0.0317 0.0317
vt 0.0476 0.0317
vt 0.0635 0.0317
vt 0.0794 0.0317
vt 0.0952 0.0317
vt 0.1111 0.0317
vt 0.1270 0.0317
vt 0.1429 0.0317
vt 0.1587 0.0317
vt 0.1746 0.0317
vt 0.1905 0.0317
vt 0.2063 0.0317
vt 0.2222 0.0317
vt 0.2381 0.0317
vt 0.2540 0.0317
vt 0.2698 0.0317
vt 0.2857 0.0317
vt 0.3016 0.0317
vt 0.3175 0.0317
vt 0.3333 0.0317
vt 0.3492 0.0317
vt 0.3651 0.0317
vt 0.3810 0.0317
vt 0.3968 0.0317
vt 0.4127 0.0317
vt 0.4286 0.0317
vt 0.4444 0.0317
vt 0.4603 0.0317
vt 0.4762 0.0317
vt 0.4921 0.0317
vt 0.5079 0.0317
vt 0.5238 0.0317
vt 0.5397 0.0317
vt 0.5556 0.0317
vt 0.5714 0.0317
vt 0.5873 0.0317
vt 0.6032 0.0317
vt 0.6190 0.0317
vt 0.6349 0.0317
vt 0.6508 0.0317
vt 0.6667 0.0317
vt 0.6825 0.0317
vt 0.6984 0.0317
vt 0.7143 0.0317
vt 0.7302 0.0317
vt 0.7460 0.0317
vt 0.7619 0.0317
vt 0.7778 0.0317
vt 0.7937 0.0317
vt 0.8095 0.0317
vt 0.8254 0.0317
vt 0.8413 0.0317
vt 0.8571 0.0317
vt 0.8730 0.0317
vt 0.8889 0.0317
vt 0.9048 0.0317
vt 0.9206 0.0317
vt 0.9365 0.0317
vt 0.9524 0.0317
vt 0.9683 0.0317
vt 0.9841 0.0317
vt 1.0000 0.0317
vt 0.0000 0.0476
vt 0.0159 0.0476
vt 0.0317 0.0476
vt 0.0476 0.0476
vt 0.0635 0.0476
vt 0.0794 0.0476
vt 0.0952 0.0476
vt 0.1111 0.0476
vt 0.1270 0.0476
vt 0.1429 0.0476
vt 0.1587 0.0476
vt 0.1746 0.0476
vt 0.1905 0.0476
vt 0.2063 0.0476
vt 0.2222 0.0476
vt 0.2381 0.0476
vt 0.2540 0.0476
vt 0.2698 0.0476
vt 0.2857 0.0476
vt 0.3016 0.0476
vt 0.3175 0.0476
vt 0.3333 0.0476
vt 0.3492 0.0476
vt 0.3651 0.0476
vt 0.3810 0.0476
vt 0.3968 0.0476
vt 0.4127 0.0476
vt 0.4286 0.0476
vt 0.4444 0.0476
vt 0.4603 0.0476
vt 0.4762 0.0476
vt 0.4921 0.0476
vt 0.5079 0.0476
vt 0.5238 0.0476
vt 0.5397 0.0476
vt 0.5556 0.0476
vt 0.5714 0.0476
vt 0.5873 0.0476
vt 0.6032 0.0476
vt 0.6190 0.0476
vt 0.6349 0.0476
vt 0.6508 0.0476
vt 0.6667 0.0476
vt 0.6825 0.0476
vt 0.6984 0.0476
vt 0.7143 0.0476
vt 0.7302 0.0476
vt 0.7460 0.0476
vt 0.7619 0.0476
vt 0.7778 0.0476
vt 0.7937 0.0476
vt 0.8095 0.0476
vt 0.8254 0.0476
vt 0.8413 0.0476
vt 0.8571 0.0476
vt 0.8730 0.0476
vt 0.8889 0.0476
vt 0.9048 0.0476
vt 0.9206 0.0476
vt 0.9365 0.0476
vt 0.9524 0.0476
vt 0.9683 0.0476
vt 0.9841 0.0476
vt 1.0000 0.0476
vt 0.0000 0.0635
vt 0.0159 0.0635
vt 0.0317 0.0635
vt 0.0476 0.0635
vt 0.0635 0.0635
vt 0.0794 0.0635
vt 0.0952 0.0635
vt 0.1111 0.0635
vt 0.1270 0.0635
vt 0.1429 0.0635
vt 0.1587 0.0635
vt 0.1746 0.0635
vt 0.1905 0.0635
vt 0.2063 0.0635
vt 0.2222 0.0635
vt 0.2381 0.0635
vt 0.2540 0.0635
vt 0.2698 0.0635
vt 0.2857 0.0635
vt 0.3016 0.0635
vt 0.3175 0.0635
vt 0.3333 0.0635
vt 0.3492 0.0635
vt 0.3651 0.0635
vt 0.3810 0.0635
vt 0.3968 0.0635
vt 0.4127 0.0635
vt 0.4286 0.0635
vt 0.4444 0.0635
vt 0.4603 0.0635
vt 0.4762 0.0635
vt 0.4921 0.0635
vt 0.5079 0.0635
vt 0.5238 0.0635
vt 0.5397 0.0635
vt 0.5556 0.0635
vt 0.5714 0.0635
vt 0.5873 0.0635
vt 0.6032 0.0635
vt 0.6190 0.0635
vt 0.6349 0.0635
vt 0.6508 0.0635
vt 0.6667 0.0635
vt 0.6825 0.0635
vt 0.6984 0.0635
vt 0.7143 0.0635
vt 0.7302 0.0635
vt 0.7460 0.0635
vt 0.7619 0.0635
vt 0.7778 0.0635
vt 0.7937 0.0635
vt 0.8095 0.0635
vt 0.8254 0.0635
vt 0.8413 0.0635
vt 0.8571 0.0635
vt 0.8730 0.0635
vt 0.8889 0.0635
vt 0.9048 0.0635
vt 0.9206 0.0635
vt 0.9365 0.0635
vt 0.9524 0.0635
vt 0.9683 0.0635
vt 0.9841 0.0635
vt 1.0000 0.0635
vt 0.0000 0.0794
vt 0.0159 0.0794
vt 0.0317 0.0794
vt 0.0476 0.0794
vt 0.0635 0.0794
vt 0.0794 0.0794
vt 0.0952 0.0794
vt 0.1111 0.0794
vt 0.1270 0.0794
vt 0.1429 0.0794
vt 0.1587 0.0794
vt 0.1746 0.0794
vt 0.1905 0.0794
vt 0.2063 0.0794
vt 0.2222 0.0794
vt 0.2381 0.0794
vt 0.2540 0.0794
vt 0.2698 0.0794
vt 0.2857 0.0794
vt 0.3016 0.0794
vt 0.3175 0.0794
vt 0.3333 0.0794
vt 0.3492 0.0794
vt 0.3651 0.0794
vt 0.3810 0.0794
vt 0.3968 0.0794
vt 0.4127 0.0794
vt 0.4286 0.0794
vt 0.4444 0.0794
vt 0.4603 0.0794
vt 0.4762 0.0794
vt 0.4921 0.0794
vt 0.5079 0.0794
vt 0.5238 0.0794
vt 0.5397 0.0794
vt 0.5556 0.0794
vt 0.5714 0.0794
vt 0.5873 0.0794
vt 0.6032 0.0794
vt 0.6190 0.0794
vt 0.6349 0.0794
vt 0.6508 0.0794
vt 0.6667 0.0794
vt 0.6825 0.0794
vt 0.6984 0.0794
vt 0.7143 0.0794
vt 0.7302 0.0794
vt 0.7460 0.0794
vt 0.7619 0.0794
vt 0.7778 0.0794
vt 0.7937 0.0794
vt 0.8095 0.0794
vt 0.8254 0.0794
vt 0.8413 0.0794
vt 0.8571 0.0794
vt 0.8730 0.0794
vt 0.8889 0.0794
vt 0.9048 0.0794
vt 0.9206 0.0794
vt 0.9365 0.0794
vt 0.9524 0.0794
vt 0.9683 0.0794
vt 0.9841 0.0794
vt 1.0000 0.0794
vt 0.0000 0.0952
vt 0.0159 0.0952
vt 0.0317 0.0952
vt 0.0476 0.0952
vt 0.0635 0.0952
vt 0.0794 0.0952
vt 0.0952 0.0952
vt 0.1111 0.0952
vt 0.1270 0.0952
vt 0.1429 0.0952
vt 0.1587 0.0952
vt 0.1746 0.0952
vt 0.1905 0.0952
vt 0.2063 0.0952
vt 0.2222 0.0952
vt 0.2381 0.0952
vt 0.2540 0.0952
vt 0.2698 0.0952
vt 0.2857 0.0952
vt 0.3016 0.0952
vt 0.3175 0.0952
vt 0.3333 0.0952
vt 0.3492 0.0952
vt 0.3651 0.0952
vt 0.3810 0.0952
vt 0.3968 0.0952
vt 0.4127 0.0952
vt 0.4286 0.0952
vt 0.4444 0.0952
vt 0.4603 0.0952
vt 0.4762 0.0952
vt 0.4921 0.0952
vt 0.5079 0.0952
vt 0.5238 0.0952
vt 0.5397 0.0952
vt 0.5556 0.0952
vt 0.5714 0.0952
vt 0.5873 0.0952
vt 0.6032 0.0952
vt 0.6190 0.0952
vt 0.6349 0.0952
vt 0.6508 0.0952
vt 0.6667 0.0952
vt 0.6825 0.0952
vt 0.6984 0.0952
vt 0.7143 0.0952
vt 0.7302 0.0952
vt 0.7460 0.0952
vt 0.7619 0.0952
vt 0.7778 0.0952
vt 0.7937 0.0952
vt 0.8095 0.0952
vt 0.8254 0.0952
vt 0.8413 0.0952
vt 0.8571 0.0952
vt 0.8730 0.0952
vt 0.8889 0.0952
vt 0.9048 0.0952
vt 0.9206 0.0952
vt 0.9365 0.0952
vt 0.9524 0.0952
vt 0.9683 0.0952
vt 0.9841 0.0952
vt 1.0000 0.0952
vt 0.0000 0.1111
vt 0.0159 0.1111
vt 0.0317 0.1111
vt 0.0476 0.1111
vt 0.0635 0.1111
vt 0.0794 0.1111
vt 0.0952 0.1111
vt 0.1111 0.1111
vt 0.1270 0.1111
vt 0.1429 0.1111
vt 0.1587 0.1111
vt 0.1746 0.1111
vt 0.1905 0.1111
vt 0.2063 0.1111
vt 0.2222 0.1111
vt 0.2381 0.1111
vt 0.2540 0.1111
vt 0.2698 0.1111
vt 0.2857 0.1111
vt 0.3016 0.1111
vt 0.3175 0.1111
vt 0.3333 0.1111
vt 0.3492 0.1111
vt 0.3651 0.1111
vt 0.3810 0.1111
vt 0.3968 0.1111
vt 0.4127 0.1111
vt 0.4286 0.1111
vt 0.4444 0.1111
vt 0.4603 0.1111
vt 0.4762 0.1111
vt 0.4921 0.1111
vt 0.5079 0.1111
vt 0.5238 0.1111
vt 0.5397 0.1111
vt 0.5556 0.1111
vt 0.5714 0.1111
vt 0.5873 0.1111
vt 0.6032 0.1111
vt 0.6190 0.1111
vt 0.6349 0.1111
vt 0.6508 0.1111
vt 0.6667 0.1111
vt 0.6825 0.1111
vt 0.6984 0.1111
vt 0.7143 0.1111
vt 0.7302 0.1111
vt 0.7460 0.1111
vt 0.7619 0.1111
vt 0.7778 0.1111
vt 0.7937 0.1111
vt 0.8095 0.1111
vt 0.8254 0.1111
vt 0.8413 0.1111
vt 0.8571 0.1111
vt 0.8730 0.1111
vt 0.8889 0.1111
vt 0.9048 0.1111
vt 0.9206 0.1111
vt 0.9365 0.1111
vt 0.9524 0.1111
vt 0.9683 0.1111
vt 0.9841 0.1111
vt 1.0000 0.1111
vt 0.0000 0.1270
vt 0.0159 0.1270
vt 0.0317 0.1270
vt 0.0476 0.1270
vt 0.0635 0.1270
vt 0.0794 0.1270
vt 0.0952 0.1270
vt 0.1111 0.1270
vt 0.1270 0.1270
vt 0.1429 0.1270
vt 0.1587 0.1270
vt 0.1746 0.1270
vt 0.1905 0.1270
vt 0.2063 0.1270
vt 0.2222 0.1270
vt 0.2381 0.1270
vt 0.2540 0.1270
vt 0.2698 0.1270
vt 0.2857 0.1270
vt 0.3016 0.1270
vt 0.3175 0.1270
vt 0.3333 0.1270
vt 0.3492 0.1270
vt 0.3651 0.1270
vt 0.3810 0.1270
vt 0.3968 0.1270
vt 0.4127 0.1270
vt 0.4286 0.1270
vt 0.4444 0.1270
vt 0.4603 0.1270
vt 0.4762 0.1270
vt 0.4921 0.1270
vt 0.5079 0.1270
vt 0.5238 0.1270
vt 0.5397 0.1270
vt 0.5556 0.1270
vt 0.5714 0.1270
vt 0.5873 0.1270
vt 0.6032 0.1270
vt 0.6190 0.1270
vt 0.6349 0.1270
vt 0.6508 0.1270
vt 0.6667 0.1270
vt 0.6825 0.1270
vt 0.6984 0.1270
vt 0.7143 0.1270
vt 0.7302 0.1270
vt 0.7460 0.1270
vt 0.7619 0.1270
vt 0.7778 0.1270
vt 0.7937 0.1270
vt 0.8095 0.1270
vt 0.8254 0.1270
vt 0.8413 0.1270
vt 0.8571 0.1270
vt 0.8730 0.1270
vt 0.8889 0.1270
vt 0.9048 0.1270
vt 0.9206 0.1270
vt 0.9365 0.1270
vt 0.9524 0.1270
vt 0.9683 0.1270
vt 0.9841 0.1270
vt 1.0000 0.1270
vt 0.0000 0.1429
vt 0.0159 0.1429
vt 0.0317 0.1429
vt 0.0476 0.1429
vt 0.0635 0.1429
vt 0.0794 0.1429
vt 0.0952 0.1429
vt 0.1111 0.1429
vt 0.1270 0.1429
vt 0.1429 0.1429
vt 0.1587 0.1429
vt 0.1746 0.1429
vt 0.1905 0.1429
vt 0.2063 0.1429
vt 0.2222 0.1429
vt 0.2381 0.1429
vt 0.2540 0.1429
vt 0.2698 0.1429
vt 0.2857 0.1429
vt 0.3016 0.1429
vt 0.3175 0.1429
vt 0.3333 0.1429
vt 0.3492 0.1429
vt 0.3651 0.1429
vt 0.3810 0.1429
vt 0.3968 0.1429
vt 0.4127 0.1429
vt 0.4286 0.1429
vt 0.4444 0.1429
vt 0.4603 0.1429
vt 0.4762 0.1429
vt 0.4921 0.1429
vt 0.5079 0.1429
vt 0.5238 0.1429
vt 0.5397 0.1429
vt 0.5556 0.1429
vt 0.5714 0.1429
vt 0.5873 0.1429
vt 0.6032 0.1429
vt 0.6190 0.1429
vt 0.6349 0.1429
vt 0.6508 0.1429
vt 0.6667 0.1429
vt 0.6825 0.1429
vt 0.6984 0.1429
vt 0.7143 0.1429
vt 0.7302 0.1429
vt 0.7460 0.1429
vt 0.7619 0.1429
vt 0.7778 0.1429
vt 0.7937 0.1429
vt 0.8095 0.1429
vt 0.8254 0.1429
vt 0.8413 0.1429
vt 0.8571 0.1429
vt 0.8730 0.1429
vt 0.8889 0.1429
vt 0.9048 0.1429
vt 0.9206 0.1429
vt 0.9365 0.1429
vt 0.9524 0.1429
vt 0.9683 0.1429
vt 0.9841 0.1429
vt 1.0000 0.1429
vt 0.0000 0.1587
vt 0.0159 0.1587
vt 0.0317 0.1587
vt 0.0476 0.1587
vt 0.0635 0.1587
vt 0.0794 0.1587
vt 0.0952 0.1587
vt 0.1111 0.1587
vt 0.1270 0.1587
vt 0.1429 0.1587
vt 0.1587 0.1587
vt 0.1746 0.1587
vt 0.1905 0.1587
vt 0.2063 0.1587
vt 0.2222 0.1587
vt 0.2381 0.1587
vt 0.2540 0.1587
vt 0.2698 0.1587
vt 0.2857 0.1587
vt 0.3016 0.1587
vt 0.3175 0.1587
vt 0.3333 0.1587
vt 0.3492 0.1587
vt 0.3651 0.1587
vt 0.3810 0.1587
vt 0.3968 0.1587
vt 0.4127 0.1587
vt 0.4286 0.1587
vt 0.4444 0.1587
vt 0.4603 0.1587
vt 0.4762 0.1587
vt 0.4921 0.1587
vt 0.5079 0.1587
vt 0.5238 0.1587
vt 0.5397 0.1587
vt 0.5556 0.1587
vt 0.5714 0.1587
vt 0.5873 0.1587
vt 0.6032 0.1587
vt 0.6190 0.1587
vt 0.6349 0.1587
vt 0.6508 0.1587
vt 0.6667 0.1587
vt 0.6825 0.1587
vt 0.6984 0.1587
vt 0.7143 0.1587
vt 0.7302 0.1587
vt 0.7460 0.1587
vt 0.7619 0.1587
vt 0.7778 0.1587
vt 0.7937 0.1587
vt 0.8095 0.1587
vt 0.8254 0.1587
vt 0.8413 0.1587
vt 0.8571 0.1587
vt 0.8730 0.1587
vt 0.8889 0.1587
vt 0.9048 0.1587
vt 0.9206 0.1587
vt 0.9365 0.1587
vt 0.9524 0.1587
vt 0.9683 0.1587
vt 0.9841 0.1587
vt 1.0000 0.1587
vt 0.0000 0.1746
vt 0.0159 0.1746
vt 0.0317 0.1746
vt 0.0476 0.1746
vt 0.0635 0.1746
vt 0.0794 0.1746
vt 0.0952 0.1746
vt 0.1111 0.1746
vt 0.1270 0.1746
vt 0.1429 0.1746
vt 0.1587 0.1746
vt 0.1746 0.1746
vt 0.1905 0.1746
vt 0.2063 0.1746
vt 0.2222 0.1746
vt 0.2381 0.1746
vt 0.2540 0.1746
vt 0.2698 0.1746
vt 0.2857 0.1746
vt 0.3016 0.1746
vt 0.3175 0.1746
vt 0.3333 0.1746
vt 0.3492 0.1746
vt 0.3651 0.1746
vt 0.3810 0.1746
vt 0.3968 0.1746
vt 0.4127 0.1746
vt 0.4286 0.1746
vt 0.4444 0.1746
vt 0.4603 0.1746
vt 0.4762 0.1746
vt 0.4921 0.1746
vt 0.5079 0.1746
vt 0.5238 0.1746
vt 0.5397 0.1746
vt 0.5556 0.1746
vt 0.5714 0.1746
vt 0.5873 0.1746
vt 0.6032 0.1746
vt 0.6190 0.1746
vt 0.6349 0.1746
vt 0.6508 0.1746
vt 0.6667 0.1746
vt 0.6825 0.1746
vt 0.6984 0.1746
vt 0.7143 0.1746
vt 0.7302 0.1746
vt 0.7460 0.1746
vt 0.7619 0.1746
vt 0.7778 0.1746
vt 0.7937 0.1746
vt 0.8095 0.1746
vt 0.8254 0.1746
vt 0.8413 0.1746
vt 0.8571 0.1746
vt 0.8730 0.1746
vt 0.8889 0.1746
vt 0.9048 0.1746
vt 0.9206 0.1746
vt 0.9365 0.1746
vt 0.9524 0.1746
vt 0.9683 0.1746
vt 0.9841 0.1746
vt 1.0000 0.1746
vt 0.0000 0.1905
vt 0.0159 0.1905
vt 0.0317 0.1905
vt 0.0476 0.1905
vt 0.0635 0.1905
vt 0.0794 0.1905
vt 0.0952 0.1905
vt 0.1111 0.1905
vt 0.1270 0.1905
vt 0.1429 0.1905
vt 0.1587 0.1905
vt 0.1746 0.1905
vt 0.1905 0.1905
vt 0.2063 0.1905
vt 0.2222 0.1905
vt 0.2381 0.1905
vt 0.2540 0.1905
vt 0.2698 0.1905
vt 0.2857 0.1905
vt 0.3016 0.1905
vt 0.3175 0.1905
vt 0.3333 0.1905
vt 0.3492 0.1905
vt 0.3651 0.1905
vt 0.3810 0.1905
vt 0.3968 0.1905
vt 0.4127 0.1905
vt 0.4286 0.1905
vt 0.4444 0.1905
vt 0.4603 0.1905
vt 0.4762 0.1905
vt 0.4921 0.1905
vt 0.5079 0.1905
vt 0.5238 0.1905
vt 0.5397 0.1905
vt 0.5556 0.1905
vt 0.5714 0.1905
vt 0.5873 0.1905
vt 0.6032 0.1905
vt 0.6190 0.1905
vt 0.6349 0.1905
vt 0.6508 0.1905
vt 0.6667 0.1905
vt 0.6825 0.1905
vt 0.6984 0.1905
vt 0.7143 0.1905
vt 0.7302 0.1905
vt 0.7460 0.1905
vt 0.7619 0.1905
vt 0.7778 0.1905
vt 0.7937 0.1905
vt 0.8095 0.1905
vt 0.8254 0.1905
vt 0.8413 0.1905
vt 0.8571 0.1905
vt 0.8730 0.1905
vt 0.8889 0.1905
vt 0.9048 0.1905
vt 0.9206 0.1905
vt 0.9365 0.1905
vt 0.9524 0.1905
vt 0.9683 0.1905
vt 0.9841 0.1905
vt 1.0000 0.1905
vt 0.0000 0.2063
vt 0.0159 0.2063
vt 0.0317 0.2063
vt 0.0476 0.2063
vt 0.0635 0.2063
vt 0.0794 0.2063
vt 0.0952 0.2063
vt 0.1111 0.2063
vt 0.1270 0.2063
vt 0.1429 0.2063
vt 0.1587 0.2063
vt 0.1746 0.2063
vt 0.1905 0.2063
vt 0.2063 0.2063
vt 0.2222 0.2063
vt 0.2381 0.2063
vt 0.2540 0.2063
vt 0.2698 0.2063
vt 0.2857 0.2063
vt 0.3016 0.2063
vt 0.3175 0.2063
vt 0.3333 0.2063
vt 0.3492 0.2063
vt 0.3651 0.2063
vt 0.3810 0.2063
vt 0.3968 0.2063
vt 0.4127 0.2063
vt 0.4286 0.2063
vt 0.4444 0.2063
vt 0.4603 0.2063
vt 0.4762 0.2063
vt 0.4921 0.2063
vt 0.5079 0.2063
vt 0.5238 0.2063
vt 0.5397 0.2063
vt 0.5556 0.2063
vt 0.5714 0.2063
vt 0.5873 0.2063
vt 0.6032 0.2063
vt 0.6190 0.2063
vt 0.6349 0.2063
vt 0.6508 0.2063
vt 0.6667 0.2063
vt 0.6825 0.2063
vt 0.6984 0.2063
vt 0.7143 0.2063
vt 0.7302 0.2063
vt 0.7460 0.2063
vt 0.7619 0.2063
vt 0.7778 0.2063
vt 0.7937 0.2063
vt 0.8095 0.2063
vt 0.8254 0.2063
vt 0.8413 0.2063
vt 0.8571 0.2063
vt 0.8730 0.2063
vt 0.8889 0.2063
vt 0.9048 0.2063
vt 0.9206 0.2063
vt 0.9365 0.2063
vt 0.9524 0.2063
vt 0.9683 0.2063
vt 0.9841 0.2063
vt 1.0000 0.2063
vt 0.0000 0.2222
vt 0.0159 0.2222
vt 0.0317 0.2222
vt 0.0476 0.2222
vt 0.0635 0.2222
vt 0.0794 0.2222
vt 0.0952 0.2222
vt 0.1111 0.2222
vt 0.1270 0.2222
vt 0.1429 0.2222
vt 0.1587 0.2222
vt 0.1746 0.2222
vt 0.1905 0.2222
vt 0.2063 0.2222
vt 0.2222 0.2222
vt 0.2381 0.2222
vt 0.2540 0.2222
vt 0.2698 0.2222
vt 0.2857 0.2222
vt 0.3016 0.2222
vt 0.3175 0.2222
vt 0.3333 0.2222
vt 0.3492 0.2222
vt 0.3651 0.2222
vt 0.3810 0.2222
vt 0.3968 0.2222
vt 0.4127 0.2222
vt 0.4286 0.2222
vt 0.4444 0.2222
vt 0.4603 0.2222
vt 0.4762 0.2222
vt 0.4921 0.2222
vt 0.5079 0.2222
vt 0.5238 0.2222
vt 0.5397 0.2222
vt 0.5556 0.2222
vt 0.5714 0.2222
vt 0.5873 0.2222
vt 0.6032 0.2222
vt 0.6190 0.2222
vt 0.6349 0.2222
vt 0.6508 0.2222
vt 0.6667 0.2222
vt 0.6825 0.2222
vt 0.6984 0.2222
vt 0.7143 0.2222
vt 0.7302 0.2222
vt 0.7460 0.2222
vt 0.7619 0.2222
vt 0.7778 0.2222
vt 0.7937 0.2222
vt 0.8095 0.2222
vt 0.8254 0.2222
vt 0.8413 0.2222
vt 0.8571 0.2222
vt 0.8730 0.2222
vt 0.8889 0.2222
vt 0.9048 0.2222
vt 0.9206 0.2222
vt 0.9365 0.2222
vt 0.9524 0.2222
vt 0.9683 0.2222
vt 0.9841 0.2222
vt 1.0000 0.2222
vt 0.0000 0.2381
vt 0.0159 0.2381
vt 0.0317 0.2381
vt 0.0476 0.2381
vt 0.0635 0.2381
vt 0.0794 0.2381
vt 0.0952 0.2381
vt 0.1111 0.2381
vt 0.1270 0.2381
vt 0.1429 0.2381
vt 0.1587 0.2381
vt 0.1746 0.2381
vt 0.1905 0.2381
vt 0.2063 0.2381
vt 0.2222 0.2381
vt 0.2381 0.2381
vt 0.2540 0.2381
vt 0.2698 0.2381
vt 0.2857 0.2381
vt 0.3016 0.2381
vt 0.3175 0.2381
vt 0.3333 0.2381
vt 0.3492 0.2381
vt 0.3651 0.2381
vt 0.3810 0.2381
vt 0.3968 0.2381
vt 0.4127 0.2381
vt 0.4286 0.2381
vt 0.4444 0.2381
vt 0.4603 0.2381
vt 0.4762 0.2381
vt 0.4921 0.2381
vt 0.5079 0.2381
vt 0.5238 0.2381
vt 0.5397 0.2381
vt 0.5556 0.2381
vt 0.5714 0.2381
vt 0.5873 0.2381
vt 0.6032 0.2381
vt 0.6190 0.2381
vt 0.6349 0.2381
vt 0.6508 0.2381
vt 0.6667 0.2381
vt 0.6825 0.2381
vt 0.6984 0.2381
vt 0.7143 0.2381
vt 0.7302 0.2381
vt 0.7460 0.2381
vt 0.7619 0.2381
vt 0.7778 0.2381
vt 0.7937 0.2381
vt 0.8095 0.2381
vt 0.8254 0.2381
vt 0.8413 0.2381
vt 0.8571 0.2381
vt 0.8730 0.2381
vt 0.8889 0.2381
vt 0.9048 0.2381
vt 0.9206 0.2381
vt 0.9365 0.2381
vt 0.9524 0.2381
vt 0.9683 0.2381
vt 0.9841 0.2381
vt 1.0000 0.2381
vt 0.0000 0.2540
vt 0.0159 0.2540
vt 0.0317 0.2540
vt 0.0476 0.2540
vt 0.0635 0.2540
vt 0.0794 0.2540
vt 0.0952 0.2540
vt 0.1111 0.2540
vt 0.1270 0.2540
vt 0.1429 0.2540
vt 0.1587 0.2540
vt 0.1746 0.2540
vt 0.1905 0.2540
vt 0.2063 0.2540
vt 0.2222 0.2540
vt 0.2381 0.2540
vt 0.2540 0.2540
vt 0.2698 0.2540
vt 0.2857 0.2540
vt 0.3016 0.2540
vt 0.3175 0.2540
vt 0.3333 0.2540
vt 0.3492 0.2540
vt 0.3651 0.2540
vt 0.3810 0.2540
vt 0.3968 0.2540
vt 0.4127 0.2540
vt 0.4286 0.2540
vt 0.4444 0.2540
vt 0.4603 0.2540
vt 0.4762 0.2540
vt 0.4921 0.2540
vt 0.5079 0.2540
vt 0.5238 0.2540
vt 0.5397 0.2540
vt 0.5556 0.2540
vt 0.5714 0.2540
vt 0.5873 0.2540
vt 0.6032 0.2540
vt 0.6190 0.2540
vt 0.6349 0.2540
vt 0.6508 0.2540
vt 0.6667 0.2540
vt 0.6825 0.2540
vt 0.6984 0.2540
vt 0.7143 0.2540
vt 0.7302 0.2540
vt 0.7460 0.2540
vt 0.7619 0.2540
vt 0.7778 0.2540
vt 0.7937 0.2540
vt 0.8095 0.2540
vt 0.8254 0.2540
vt 0.8413 0.2540
vt 0.8571 0.2540
vt 0.8730 0.2540
vt 0.8889 0.2540
vt 0.9048 0.2540
vt 0.9206 0.2540
vt 0.9365 0.2540
vt 0.9524 0.2540
vt 0.9683 0.2540
vt 0.9841 0.2540
vt 1.0000 0.2540
vt 0.0000 0.2698
vt 0.0159 0.2698
vt 0.0317 0.2698
vt 0.0476 0.2698
vt 0.0635 0.2698
vt 0.0794 0.2698
vt 0.0952 0.2698
vt 0.1111 0.2698
vt 0.1270 0.2698
vt 0.1429 0.2698
vt 0.1587 0.2698
vt 0.1746 0.2698
vt 0.1905 0.2698
vt 0.2063 0.2698
vt 0.2222 0.2698
vt 0.2381 0.2698
vt 0.2540 0.2698
vt 0.2698 0.2698
vt 0.2857 0.2698
vt 0.3016 0.2698
vt 0.3175 0.2698
vt 0.3333 0.2698
vt 0.3492 0.2698
vt 0.3651 0.2698
vt 0.3810 0.2698
vt 0.3968 0.2698
vt 0.4127 0.2698
vt 0.4286 0.2698
vt 0.4444 0.2698
vt 0.4603 0.2698
vt 0.4762 0.2698
vt 0.4921 0.2698
vt 0.5079 0.2698
vt 0.5238 0.2698
vt 0.5397 0.2698
vt 0.5556 0.2698
vt 0.5714 0.2698
vt 0.5873 0.2698
vt 0.6032 0.2698
vt 0.6190 0.2698
vt 0.6349 0.2698
vt 0.6508 0.2698
vt 0.6667 0.2698
vt 0.6825 0.2698
vt 0.6984 0.2698
vt 0.7143 0.2698
vt 0.7302 0.2698
vt 0.7460 0.2698
vt 0.7619 0.2698
vt 0.7778 0.2698
vt 0.7937 0.2698
vt 0.8095 0.2698
vt 0.8254 0.2698
vt 0.8413 0.2698
vt 0.8571 0.2698
vt 0.8730 0.2698
vt 0.8889 0.2698
vt 0.9048 0.2698
vt 0.9206 0.2698
vt 0.9365 0.2698
vt 0.9524 0.2698
vt 0.9683 0.2698
vt 0.9841 0.2698
vt 1.0000 0.2698
vt 0.0000 0.2857
vt 0.0159 0.2857
vt 0.0317 0.2857
vt 0.0476 0.2857
vt 0.0635 0.2857
vt 0.0794 0.2857
vt 0.0952 0.2857
vt 0.1111 0.2857
vt 0.1270 0.2857
vt 0.1429 0.2857
vt 0.1587 0.2857
vt 0.1746 0.2857
vt 0.1905 0.2857
vt 0.2063 0.2857
vt 0.2222 0.2857
vt 0.2381 0.2857
vt 0.2540 0.2857
vt 0.2698 0.2857
vt 0.2857 0.2857
vt 0.3016 0.2857
vt 0.3175 0.2857
vt 0.3333 0.2857
vt 0.3492 0.2857
vt 0.3651 0.2857
vt 0.3810 0.2857
vt 0.3968 0.2857
vt 0.4127 0.2857
vt 0.4286 0.2857
vt 0.4444 0.2857
vt 0.4603 0.2857
vt 0.4762 0.2857
vt 0.4921 0.2857
vt 0.5079 0.2857
vt 0.5238 0.2857
vt 0.5397 0.2857
vt 0.5556 0.2857
vt 0.5714 0.2857
vt 0.5873 0.2857
vt 0.6032 0.2857
vt 0.6190 0.2857
vt 0.6349 0.2857
vt 0.6508 0.2857
vt 0.6667 0.2857
vt 0.6825 0.2857
vt 0.6984 0.2857
vt 0.7143 0.2857
vt 0.7302 0.2857
vt 0.7460 0.2857
vt 0.7619 0.2857
vt 0.7778 0.2857
vt 0.7937 0.2857
vt 0.8095 0.2857
vt 0.8254 0.2857
vt 0.8413 0.2857
vt 0.8571 0.2857
vt 0.8730 0.2857
vt 0.8889 0.2857
vt 0.9048 0.2857
vt 0.9206 0.2857
vt 0.9365 0.2857
vt 0.9524 0.2857
vt 0.9683 0.2857
vt 0.9841 0.2857
vt 1.0000 0.2857
vt 0.0000 0.3016
vt 0.0159 0.3016
vt 0.0317 0.3016
vt 0.0476 0.3016
vt 0.0635 0.3016
vt 0.0794 0.3016
vt 0.0952 0.3016
vt 0.1111 0.3016
vt 0.1270 0.3016
vt 0.1429 0.3016
vt 0.1587 0.3016
vt 0.1746 0.3016
vt 0.1905 0.3016
vt 0.2063 0.3016
vt 0.2222 0.3016
vt 0.2381 0.3016
vt 0.2540 0.3016
vt 0.2698 0.3016
vt 0.2857 0.3016
vt 0.3016 0.3016
vt 0.3175 0.3016
vt 0.3333 0.3016
vt 0.3492 0.3016
vt 0.3651 0.3016
vt 0.3810 0.3016
vt 0.3968 0.3016
vt 0.4127 0.3016
vt 0.4286 0.3016
vt 0.4444 0.3016
vt 0.4603 0.3016
vt 0.4762 0.3016
vt 0.4921 0.3016
vt 0.5079 0.3016
vt 0.5238 0.3016
vt 0.5397 0.3016
vt 0.5556 0.3016
vt 0.5714 0.3016
vt 0.5873 0.3016
vt 0.6032 0.3016
vt 0.6190 0.3016
vt 0.6349 0.3016
vt 0.6508 0.3016
vt 0.6667 0.3016
vt 0.6825 0.3016
vt 0.6984 0.3016
vt 0.7143 0.3016
vt 0.7302 0.3016
vt 0.7460 0.3016
vt 0.7619 0.3016
vt 0.7778 0.3016
vt 0.7937 0.3016
vt 0.8095 0.3016
vt 0.8254 0.3016
vt 0.8413 0.3016
vt 0.8571 0.3016
vt 0.8730 0.3016
vt 0.8889 0.3016
vt 0.9048 0.3016
vt 0.9206 0.3016
vt 0.9365 0.3016
vt 0.9524 0.3016
vt 0.9683 0.3016
vt 0.9841 0.3016
vt 1.0000 0.3016
vt 0.0000 0.3175
vt 0.0159 0.3175
vt 0.0317 0.3175
vt 0.0476 0.3175
vt 0.0635 0.3175
vt 0.0794 0.3175
vt 0.0952 0.3175
vt 0.1111 0.3175
vt 0.1270 0.3175
vt 0.1429 0.3175
vt 0.1587 0.3175
vt 0.1746 0.3175
vt 0.1905 0.3175
vt 0.2063 0.3175
vt 0.2222 0.3175
vt 0.2381 0.3175
vt 0.2540 0.3175
vt 0.2698 0.3175
vt 0.2857 0.3175
vt 0.3016 0.3175
vt 0.3175 0.3175
vt 0.3333 0.3175
vt 0.3492 0.3175
vt 0.3651 0.3175
vt 0.3810 0.3175
vt 0.3968 0.3175
vt 0.4127 0.3175
vt 0.4286 0.3175
vt 0.4444 0.3175
vt 0.4603 0.3175
vt 0.4762 0.3175
vt 0.4921 0.3175
vt 0.5079 0.3175
vt 0.5238 0.3175
vt 0.5397 0.3175
vt 0.5556 0.3175
vt 0.5714 0.3175
vt 0.5873 0.3175
vt 0.6032 0.3175
vt 0.6190 0.3175
vt 0.6349 0.3175
vt 0.6508 0.3175
vt 0.6667 0.3175
vt 0.6825 0.3175
vt 0.6984 0.3175
vt 0.7143 0.3175
vt 0.7302 0.3175
vt 0.7460 0.3175
vt 0.7619 0.3175
vt 0.7778 0.3175
vt 0.7937 0.3175
vt 0.8095 0.3175
vt 0.8254 0.3175
vt 0.8413 0.3175
vt 0.8571 0.3175
vt 0.8730 0.3175
vt 0.8889 0.3175
vt 0.9048 0.3175
vt 0.9206 0.3175
vt 0.9365 0.3175
vt 0.9524 0.3175
vt 0.9683 0.3175
vt 0.9841 0.3175
vt 1.0000 0.3175
vt 0.0000 0.3333
vt 0.0159 0.3333
vt 0.0317 0.3333
vt 0.0476 0.3333
vt 0.0635 0.3333
vt 0.0794 0.3333
vt 0.0952 0.3333
vt 0.1111 0.3333
vt 0.1270 0.3333
vt 0.1429 0.3333
vt 0.1587 0.3333
vt 0.1746 0.3333
vt 0.1905 0.3333
vt 0.2063 0.3333
vt 0.2222 0.3333
vt 0.2381 0.3333
vt 0.2540 0.3333
vt 0.2698 0.3333
vt 0.2857 0.3333
vt 0.3016 0.3333
vt 0.3175 0.3333
vt 0.3333 0.3333
vt 0.3492 0.3333
vt 0.3651 0.3333
vt 0.3810 0.3333
vt 0.3968 0.3333
vt 0.4127 0.3333
vt 0.4286 0.3333
vt 0.4444 0.3333
vt 0.4603 0.3333
vt 0.4762 0.3333
vt 0.4921 0.3333
vt 0.5079 0.3333
vt 0.5238 0.3333
vt 0.5397 0.3333
vt 0.5556 0.3333
vt 0.5714 0.3333
vt 0.5873 0.3333
vt 0.6032 0.3333
vt 0.6190 0.3333
vt 0.6349 0.3333
vt 0.6508 0.3333
vt 0.6667 0.3333
vt 0.6825 0.3333
vt 0.6984 0.3333
vt 0.7143 0.3333
vt 0.7302 0.3333
vt 0.7460 0.3333
vt 0.7619 0.3333
vt 0.7778 0.3333
vt 0.7937 0.3333
vt 0.8095 0.3333
vt 0.8254 0.3333
vt 0.8413 0.3333
vt 0.8571 0.3333
vt 0.8730 0.3333
vt 0.8889 0.3333
vt 0.9048 0.3333
vt 0.9206 0.3333
vt 0.9365 0.3333
vt 0.9524 0.3333
vt 0.9683 0.3333
vt 0.9841 0.3333
vt 1.0000 0.3333
vt 0.0000 0.3492
vt 0.0159 0.3492
vt 0.0317 0.3492
vt 0.0476 0.3492
vt 0.0635 0.3492
vt 0.0794 0.3492
vt 0.0952 0.3492
vt 0.1111 0.3492
vt 0.1270 0.3492
vt 0.1429 0.3492
vt 0.1587 0.3492
vt 0.1746 0.3492
vt 0.1905 0.3492
vt 0.2063 0.3492
vt 0.2222 0.3492
vt 0.2381 0.3492
vt 0.2540 0.3492
vt 0.2698 0.3492
vt 0.2857 0.3492
vt 0.3016 0.3492
vt 0.3175 0.3492
vt 0.3333 0.3492
vt 0.3492 0.3492
vt 0.3651 0.3492
vt 0.3810 0.3492
vt 0.3968 0.3492
vt 0.4127 0.3492
vt 0.4286 0.3492
vt 0.4444 0.3492
vt 0.4603 0.3492
vt 0.4762 0.3492
vt 0.4921 0.3492
vt 0.5079 0.3492
vt 0.5238 0.3492
vt 0.5397 0.3492
vt 0.5556 0.3492
vt 0.5714 0.3492
vt 0.5873 0.3492
vt 0.6032 0.3492
vt 0.6190 0.3492
vt 0.6349 0.3492
vt 0.6508 0.3492
vt 0.6667 0.3492
vt 0.6825 0.3492
vt 0.6984 0.3492
vt 0.7143 0.3492
vt 0.7302 0.3492
vt 0.7460 0.3492
vt 0.7619 0.3492
vt 0.7778 0.3492
vt 0.7937 0.3492
vt 0.8095 0.3492
vt 0.8254 0.3492
vt 0.8413 0.3492
vt 0.8571 0.3492
vt 0.8730 0.3492
vt 0.8889 0.3492
vt 0.9048 0.3492
vt 0.9206 0.3492
vt 0.9365 0.3492
vt 0.9524 0.3492
vt 0.9683 0.3492
vt 0.9841 0.3492
vt 1.0000 0.3492
vt 0.0000 0.3651
vt 0.0159 0.3651
vt 0.0317 0.3651
vt 0.0476 0.3651
vt 0.0635 0.3651
vt 0.0794 0.3651
vt 0.0952 0.3651
vt 0.1111 0.3651
vt 0.1270 0.3651
vt 0.1429 0.3651
vt 0.1587 0.3651
vt 0.1746 0.3651
vt 0.1905 0.3651
vt 0.2063 0.3651
vt 0.2222 0.3651
vt 0.2381 0.3651
vt 0.2540 0.3651
vt 0.2698 0.3651
vt 0.2857 0.3651
vt 0.3016 0.3651
vt 0.3175 0.3651
vt 0.3333 0.3651
vt 0.3492 0.3651
vt 0.3651 0.3651
vt 0.3810 0.3651
vt 0.3968 0.3651
vt 0.4127 0.3651
vt 0.4286 0.3651
vt 0.4444 0.3651
vt 0.4603 0.3651
vt 0.4762 0.3651
vt 0.4921 0.3651
vt 0.5079 0.3651
vt 0.5238 0.3651
vt 0.5397 0.3651
vt 0.5556 0.3651
vt 0.5714 0.3651
vt 0.5873 0.3651
vt 0.6032 0.3651
vt 0.6190 0.3651
vt 0.6349 0.3651
vt 0.6508 0.3651
vt 0.6667 0.3651
vt 0.6825 0.3651
vt 0.6984 0.3651
vt 0.7143 0.3651
vt 0.7302 0.3651
vt 0.7460 0.3651
vt 0.7619 0.3651
vt 0.7778 0.3651
vt 0.7937 0.3651
vt 0.8095 0.3651
vt 0.8254 0.3651
vt 0.8413 0.3651
vt 0.8571 0.3651
vt 0.8730 0.3651
vt 0.8889 0.3651
vt 0.9048 0.3651
vt 0.9206 0.3651
vt 0.9365 0.3651
vt 0.9524 0.3651
vt 0.9683 0.3651
vt 0.9841 0.3651
vt 1.0000 0.3651
vt 0.0000 0.3810
vt 0.0159 0.3810
vt 0.0317 0.3810
vt 0.0476 0.3810
vt 0.0635 0.3810
vt 0.0794 0.3810
vt 0.0952 0.3810
vt 0.1111 0.3810
vt 0.1270 0.3810
vt 0.1429 0.3810
vt 0.1587 0.3810
vt 0.1746 0.3810
vt 0.1905 0.3810
vt 0.2063 0.3810
vt 0.2222 0.3810
vt 0.2381 0.3810
vt 0.2540 0.3810
vt 0.2698 0.3810
vt 0.2857 0.3810
vt 0.3016 0.3810
vt 0.3175 0.3810
vt 0.3333 0.3810
vt 0.3492 0.3810
vt 0.3651 0.3810
vt 0.3810 0.3810
vt 0.3968 0.3810
vt 0.4127 0.3810
vt 0.4286 0.3810
vt 0.4444 0.3810
vt 0.4603 0.3810
vt 0.4762 0.3810
vt 0.4921 0.3810
vt 0.5079 0.3810
vt 0.5238 0.3810
vt 0.5397 0.3810
vt 0.5556 0.3810
vt 0.5714 0.3810
vt 0.5873 0.3810
vt 0.6032 0.3810
vt 0.6190 0.3810
vt 0.6349 0.3810
vt 0.6508 0.3810
vt 0.6667 0.3810
vt 0.6825 0.3810
vt 0.6984 0.3810
vt 0.7143 0.3810
vt 0.7302 0.3810
vt 0.7460 0.3810
vt 0.7619 0.3810
vt 0.7778 0.3810
vt 0.7937 0.3810
vt 0.8095 0.3810
vt 0.8254 0.3810
vt 0.8413 0.3810
vt 0.8571 0.3810
vt 0.8730 0.3810
vt 0.8889 0.3810
vt 0.9048 0.3810
vt 0.9206 0.3810
vt 0.9365 0.3810
vt 0.9524 0.3810
vt 0.9683 0.3810
vt 0.9841 0.3810
vt 1.0000 0.3810
vt 0.0000 0.3968
vt 0.0159 0.3968
vt 0.0317 0.3968
vt 0.0476 0.3968
vt 0.0635 0.3968
vt 0.0794 0.3968
vt 0.0952 0.3968
vt 0.1111 0.3968
vt 0.1270 0.3968
vt 0.1429 0.3968
vt 0.1587 0.3968
vt 0.1746 0.3968
vt 0.1905 0.3968
vt 0.2063 0.3968
vt 0.2222 0.3968
vt 0.2381 0.3968
vt 0.2540 0.3968
vt 0.2698 0.3968
vt 0.2857 0.3968
vt 0.3016 0.3968
vt 0.3175 0.3968
vt 0.3333 0.3968
vt 0.3492 0.3968
vt 0.3651 0.3968
vt 0.3810 0.3968
vt 0.3968 0.3968
vt 0.4127 0.3968
vt 0.4286 0.3968
vt 0.4444 0.3968
vt 0.4603 0.3968
vt 0.4762 0.3968
vt 0.4921 0.3968
vt 0.5079 0.3968
vt 0.5238 0.3968
vt 0.5397 0.3968
vt 0.5556 0.3968
vt 0.5714 0.3968
vt 0.5873 0.3968
vt 0.6032 0.3968
vt 0.6190 0.3968
vt 0.6349 0.3968
vt 0.6508 0.3968
vt 0.6667 0.3968
vt 0.6825 0.3968
vt 0.6984 0.3968
vt 0.7143 0.3968
vt 0.7302 0.3968
vt 0.7460 0.3968
vt 0.7619 0.3968
vt 0.7778 0.3968
vt 0.7937 0.3968
vt 0.8095 0.3968
vt 0.8254 0.3968
vt 0.8413 0.3968
vt 0.8571 0.3968
vt 0.8730 0.3968
vt 0.8889 0.3968
vt 0.9048 0.3968
vt 0.9206 0.3968
vt 0.9365 0.3968
vt 0.9524 0.3968
vt 0.9683 0.3968
vt 0.9841 0.3968
vt 1.0000 0.3968
vt 0.0000 0.4127
vt 0.0159 0.4127
vt 0.0317 0.4127
vt 0.0476 0.4127
vt 0.0635 0.4127
vt 0.0794 0.4127
vt 0.0952 0.4127
vt 0.1111 0.4127
vt 0.1270 0.4127
vt 0.1429 0.4127
vt 0.1587 0.4127
vt 0.1746 0.4127
vt 0.1905 0.4127
vt 0.2063 0.4127
vt 0.2222 0.4127
vt 0.2381 0.4127
vt 0.2540 0.4127
vt 0.2698 0.4127
vt 0.2857 0.4127
vt 0.3016 0.4127
vt 0.3175 0.4127
vt 0.3333 0.4127
vt 0.3492 0.4127
vt 0.3651 0.4127
vt 0.3810 0.4127
vt 0.3968 0.4127
vt 0.4127 0.4127
vt 0.4286 0.4127
vt 0.4444 0.4127
vt 0.4603 0.4127
vt 0.4762 0.4127
vt 0.4921 0.4127
vt 0.5079 0.4127
vt 0.5238 0.4127
vt 0.5397 0.4127
vt 0.5556 0.4127
vt 0.5714 0.4127
vt 0.5873 0.4127
vt 0.6032 0.4127
vt 0.6190 0.4127
vt 0.6349 0.4127
vt 0.6508 0.4127
vt 0.6667 0.4127
vt 0.6825 0.4127
vt 0.6984 0.4127
vt 0.7143 0.4127
vt 0.7302 0.4127
vt 0.7460 0.4127
vt 0.7619 0.4127
vt 0.7778 0.4127
vt 0.7937 0.4127
vt 0.8095 0.4127
vt 0.8254 0.4127
vt 0.8413 0.4127
vt 0.8571 0.4127
vt 0.8730 0.4127
vt 0.8889 0.4127
vt 0.9048 0.4127
vt 0.9206 0.4127
vt 0.9365 0.4127
vt 0.9524 0.4127
vt 0.9683 0.4127
vt 0.9841 0.4127
vt 1.0000 0.4127
vt 0.0000 0.4286
vt 0.0159 0.4286
vt 0.0317 0.4286
vt 0.0476 0.4286
vt 0.0635 0.4286
vt 0.0794 0.4286
vt 0.0952 0.4286
vt 0.1111 0.4286
vt 0.1270 0.4286
vt 0.1429 0.4286
vt 0.1587 0.4286
vt 0.1746 0.4286
vt 0.1905 0.4286
vt 0.2063 0.4286
vt 0.2222 0.4286
vt 0.2381 0.4286
vt 0.2540 0.4286
vt 0.2698 0.4286
vt 0.2857 0.4286
vt 0.3016 0.4286
vt 0.3175 0.4286
vt 0.3333 0.4286
vt 0.3492 0.4286
vt 0.3651 0.4286
vt 0.3810 0.4286
vt 0.3968 0.4286
vt 0.4127 0.4286
vt 0.4286 0.4286
vt 0.4444 0.4286
vt 0.4603 0.4286
vt 0.4762 0.4286
vt 0.4921 0.4286
vt 0.5079 0.4286
vt 0.5238 0.4286
vt 0.5397 0.4286
vt 0.5556 0.4286
vt 0.5714 0.4286
vt 0.5873 0.4286
vt 0.6032 0.4286
vt 0.6190 0.4286
vt 0.6349 0.4286
vt 0.6508 0.4286
vt 0.6667 0.4286
vt 0.6825 0.4286
vt 0.6984 0.4286
vt 0.7143 0.4286
vt 0.7302 0.4286
vt 0.7460 0.4286
vt 0.7619 0.4286
vt 0.7778 0.4286
vt 0.7937 0.4286
vt 0.8095 0.4286
vt 0.8254 0.4286
vt 0.8413 0.4286
vt 0.8571 0.4286
vt 0.8730 0.4286
vt 0.8889 0.4286
vt 0.9048 0.4286
vt 0.9206 0.4286
vt 0.9365 0.4286
vt 0.9524 0.4286
vt 0.9683 0.4286
vt 0.9841 0.4286
vt 1.0000 0.4286
vt 0.0000 0.4444
vt 0.0159 0.4444
vt 0.0317 0.4444
vt 0.0476 0.4444
vt 0.0635 0.4444
vt 0.0794 0.4444
vt 0.0952 0.4444
vt 0.1111 0.4444
vt 0.1270 0.4444
vt 0.1429 0.4444
vt 0.1587 0.4444
vt 0.1746 0.4444
vt 0.1905 0.4444
vt 0.2063 0.4444
vt 0.2222 0.4444
vt 0.2381 0.4444
vt 0.2540 0.4444
vt 0.2698 0.4444
vt 0.2857 0.4444
vt 0.3016 0.4444
vt 0.3175 0.4444
vt 0.3333 0.4444
vt 0.3492 0.4444
vt 0.3651 0.4444
vt 0.3810 0.4444
vt 0.3968 0.4444
vt 0.4127 0.4444
vt 0.4286 0.4444
vt 0.4444 0.4444
vt 0.4603 0.4444
vt 0.4762 0.4444
vt 0.4921 0.4444
vt 0.5079 0.4444
vt 0.5238 0.4444
vt 0.5397 0.4444
vt 0.5556 0.4444
vt 0.5714 0.4444
vt 0.5873 0.4444
vt 0.6032 0.4444
vt 0.6190 0.4444
vt 0.6349 0.4444
vt 0.6508 0.4444
vt 0.6667 0.4444
vt 0.6825 0.4444
vt 0.6984 0.4444
vt 0.7143 0.4444
vt 0.7302 0.4444
vt 0.7460 0.4444
vt 0.7619 0.4444
vt 0.7778 0.4444
vt 0.7937 0.4444
vt 0.8095 0.4444
vt 0.8254 0.4444
vt 0.8413 0.4444
vt 0.8571 0.4444
vt 0.8730 0.4444
vt 0.8889 0.4444
vt 0.9048 0.4444
vt 0.9206 0.4444
vt 0.9365 0.4444
vt 0.9524 0.4444
vt 0.9683 0.4444
vt 0.9841 0.4444
vt 1.0000 0.4444
vt 0.0000 0.4603
vt 0.0159 0.4603
vt 0.0317 0.4603
vt 0.0476 0.4603
vt 0.0635 0.4603
vt 0.0794 0.4603
vt 0.0952 0.4603
vt 0.1111 0.4603
vt 0.1270 0.4603
vt 0.1429 0.4603
vt 0.1587 0.4603
vt 0.1746 0.4603
vt 0.1905 0.4603
vt 0.2063 0.4603
vt 0.2222 0.4603
vt 0.2381 0.4603
vt 0.2540 0.4603
vt 0.2698 0.4603
vt 0.2857 0.4603
vt 0.3016 0.4603
vt 0.3175 0.4603
vt 0.3333 0.4603
vt 0.3492 0.4603
vt 0.3651 0.4603
vt 0.3810 0.4603
vt 0.3968 0.4603
vt 0.4127 0.4603
vt 0.4286 0.4603
vt 0.4444 0.4603
vt 0.4603 0.4603
vt 0.4762 0.4603
vt 0.4921 0.4603
vt 0.5079 0.4603
vt 0.5238 0.4603
vt 0.5397 0.4603
vt 0.5556 0.4603
vt 0.5714 0.4603
vt 0.5873 0.4603
vt 0.6032 0.4603
vt 0.6190 0.4603
vt 0.6349 0.4603
vt 0.6508 0.4603
vt 0.6667 0.4603
vt 0.6825 0.4603
vt 0.6984 0.4603
vt 0.7143 0.4603
vt 0.7302 0.4603
vt 0.7460 0.4603
vt 0.7619 0.4603
vt 0.7778 0.4603
vt 0.7937 0.4603
vt 0.8095 0.4603
vt 0.8254 0.4603
vt 0.8413 0.4603
vt 0.8571 0.4603
vt 0.8730 0.4603
vt 0.8889 0.4603
vt 0.9048 0.4603
vt 0.9206 0.4603
vt 0.9365 0.4603
vt 0.9524 0.4603
vt 0.9683 0.4603
vt 0.9841 0.4603
vt 1.0000 0.4603
vt 0.0000 0.4762
vt 0.0159 0.4762
vt 0.0317 0.4762
vt 0.0476 0.4762
vt 0.0635 0.4762
vt 0.0794 0.4762
vt 0.0952 0.4762
vt 0.1111 0.4762
vt 0.1270 0.4762
vt 0.1429 0.4762
vt 0.1587 0.4762
vt 0.1746 0.4762
vt 0.1905 0.4762
vt 0.2063 0.4762
vt 0.2222 0.4762
vt 0.2381 0.4762
vt 0.2540 0.4762
vt 0.2698 0.4762
vt 0.2857 0.4762
vt 0.3016 0.4762
vt 0.3175 0.4762
vt 0.3333 0.4762
vt 0.3492 0.4762
vt 0.3651 0.4762
vt 0.3810 0.4762
vt 0.3968 0.4762
vt 0.4127 0.4762
vt 0.4286 0.4762
vt 0.4444 0.4762
vt 0.4603 0.4762
vt 0.4762 0.4762
vt 0.4921 0.4762
vt 0.5079 0.4762
vt 0.5238 0.4762
vt 0.5397 0.4762
vt 0.5556 0.4762
vt 0.5714 0.4762
vt 0.5873 0.4762
vt 0.6032 0.4762
vt 0.6190 0.4762
vt 0.6349 0.4762
vt 0.6508 0.4762
vt 0.6667 0.4762
vt 0.6825 0.4762
vt 0.6984 0.4762
vt 0.7143 0.4762
vt 0.7302 0.4762
vt 0.7460 0.4762
vt 0.7619 0.4762
vt 0.7778 0.4762
vt 0.7937 0.4762
vt 0.8095 0.4762
vt 0.8254 0.4762
vt 0.8413 0.4762
vt 0.8571 0.4762
vt 0.8730 0.4762
vt 0.8889 0.4762
vt 0.9048 0.4762
vt 0.9206 0.4762
vt 0.9365 0.4762
vt 0.9524 0.4762
vt 0.9683 0.4762
vt 0.9841 0.4762
vt 1.0000 0.4762
vt 0.0000 0.4921
vt 0.0159 0.4921
vt 0.0317 0.4921
vt 0.0476 0.4921
vt 0.0635 0.4921
vt 0.0794 0.4921
vt 0.0952 0.4921
vt 0.1111 0.4921
vt 0.1270 0.4921
vt 0.1429 0.4921
vt 0.1587 0.4921
vt 0.1746 0.4921
vt 0.1905 0.4921
vt 0.2063 0.4921
vt 0.2222 0.4921
vt 0.2381 0.4921
vt 0.2540 0.4921
vt 0.2698 0.4921
vt 0.2857 0.4921
vt 0.3016 0.4921
vt 0.3175 0.4921
vt 0.3333 0.4921
vt 0.3492 0.4921
vt 0.3651 0.4921
vt 0.3810 0.4921
vt 0.3968 0.4921
vt 0.4127 0.4921
vt 0.4286 0.4921
vt 0.4444 0.4921
vt 0.4603 0.4921
vt 0.4762 0.4921
vt 0.4921 0.4921
vt 0.5079 0.4921
vt 0.5238 0.4921
vt 0.5397 0.4921
vt 0.5556 0.4921
vt 0.5714 0.4921
vt 0.5873 0.4921
vt 0.6032 0.4921
vt 0.6190 0.4921
vt 0.6349 0.4921
vt 0.6508 0.4921
vt 0.6667 0.4921
vt 0.6825 0.4921
vt 0.6984 0.4921
vt 0.7143 0.4921
vt 0.7302 0.4921
vt 0.7460 0.4921
vt 0.7619 0.4921
vt 0.7778 0.4921
vt 0.7937 0.4921
vt 0.8095 0.4921
vt 0.8254 0.4921
vt 0.8413 0.4921
vt 0.8571 0.4921
vt 0.8730 0.4921
vt 0.8889 0.4921
vt 0.9048 0.4921
vt 0.9206 0.4921
vt 0.9365 0.4921
vt 0.9524 0.4921
vt 0.9683 0.4921
vt 0.9841 0.4921
vt 1.0000 0.4921
vt 0.0000 0.5079
vt 0.0159 0.5079
vt 0.0317 0.5079
vt 0.0476 0.5079
vt 0.0635 0.5079
vt 0.0794 0.5079
vt 0.0952 0.5079
vt 0.1111 0.5079
vt 0.1270 0.5079
vt 0.1429 0.5079
vt 0.1587 0.5079
vt 0.1746 0.5079
vt 0.1905 0.5079
vt 0.2063 0.5079
vt 0.2222 0.5079
vt 0.2381 0.5079
vt 0.2540 0.5079
vt 0.2698 0.5079
vt 0.2857 0.5079
vt 0.3016 0.5079
vt 0.3175 0.5079
vt 0.3333 0.5079
vt 0.3492 0.5079
vt 0.3651 0.5079
vt 0.3810 0.5079
vt 0.3968 0.5079
vt 0.4127 0.5079
vt 0.4286 0.5079
vt 0.4444 0.5079
vt 0.4603 0.5079
vt 0.4762 0.5079
vt 0.4921 0.5079
vt 0.5079 0.5079
vt 0.5238 0.5079
vt 0.5397 0.5079
vt 0.5556 0.5079
vt 0.5714 0.5079
vt 0.5873 0.5079
vt 0.6032 0.5079
vt 0.6190 0.5079
vt 0.6349 0.5079
vt 0.6508 0.5079
vt 0.6667 0.5079
vt 0.6825 0.5079
vt 0.6984 0.5079
vt 0.7143 0.5079
vt 0.7302 0.5079
vt 0.7460 0.5079
vt 0.7619 0.5079
vt 0.7778 0.5079
vt 0.7937 0.5079
vt 0.8095 0.5079
vt 0.8254 0.5079
vt 0.8413 0.5079
vt 0.8571 0.5079
vt 0.8730 0.5079
vt 0.8889 0.5079
vt 0.9048 0.5079
vt 0.9206 0.5079
vt 0.9365 0.5079
vt 0.9524 0.5079
vt 0.9683 0.5079
vt 0.9841 0.5079
vt 1.0000 0.5079
vt 0.0000 0.5238
vt 0.0159 0.5238
vt 0.0317 0.5238
vt 0.0476 0.5238
vt 0.0635 0.5238
vt 0.0794 0.5238
vt 0.0952 0.5238
vt 0.1111 0.5238
vt 0.1270 0.5238
vt 0.1429 0.5238
vt 0.1587 0.5238
vt 0.1746 0.5238
vt 0.1905 0.5238
vt 0.2063 0.5238
vt 0.2222 0.5238
vt 0.2381 0.5238
vt 0.2540 0.5238
vt 0.2698 0.5238
vt 0.2857 0.5238
vt 0.3016 0.5238
vt 0.3175 0.5238
vt 0.3333 0.5238
vt 0.3492 0.5238
vt 0.3651 0.5238
vt 0.3810 0.5238
vt 0.3968 0.5238
vt 0.4127 0.5238
vt 0.4286 0.5238
vt 0.4444 0.5238
vt 0.4603 0.5238
vt 0.4762 0.5238
vt 0.4921 0.5238
vt 0.5079 0.5238
vt 0.5238 0.5238
vt 0.5397 0.5238
vt 0.5556 0.5238
vt 0.5714 0.5238
vt 0.5873 0.5238
vt 0.6032 0.5238
vt 0.6190 0.5238
vt 0.6349 0.5238
vt 0.6508 0.5238
vt 0.6667 0.5238
vt 0.6825 0.5238
vt 0.6984 0.5238
vt 0.7143 0.5238
vt 0.7302 0.5238
vt 0.7460 0.5238
vt 0.7619 0.5238
vt 0.7778 0.5238
vt 0.7937 0.5238
vt 0.8095 0.5238
vt 0.8254 0.5238
vt 0.8413 0.5238
vt 0.8571 0.5238
vt 0.8730 0.5238
vt 0.8889 0.5238
vt 0.9048 0.5238
vt 0.9206 0.5238
vt 0.9365 0.5238
vt 0.9524 0.5238
vt 0.9683 0.5238
vt 0.9841 0.5238
vt 1.0000 0.5238
vt 0.0000 0.5397
vt 0.0159 0.5397
vt 0.0317 0.5397
vt 0.0476 0.5397
vt 0.0635 0.5397
vt 0.0794 0.5397
vt 0.0952 0.5397
vt 0.1111 0.5397
vt 0.1270 0.5397
vt 0.1429 0.5397
vt 0.1587 0.5397
vt 0.1746 0.5397
vt 0.1905 0.5397
vt 0.2063 0.5397
vt 0.2222 0.5397
vt 0.2381 0.5397
vt 0.2540 0.5397
vt 0.2698 0.5397
vt 0.2857 0.5397
vt 0.3016 0.5397
vt 0.3175 0.5397
vt 0.3333 0.5397
vt 0.3492 0.5397
vt 0.3651 0.5397
vt 0.3810 0.5397
vt 0.3968 0.5397
vt 0.4127 0.5397
vt 0.4286 0.5397
vt 0.4444 0.5397
vt 0.4603 0.5397
vt 0.4762 0.5397
vt 0.4921 0.5397
vt 0.5079 0.5397
vt 0.5238 0.5397
vt 0.5397 0.5397
vt 0.5556 0.5397
vt 0.5714 0.5397
vt 0.5873 0.5397
vt 0.6032 0.5397
vt 0.6190 0.5397
vt 0.6349 0.5397
vt 0.6508 0.5397
vt 0.6667 0.5397
vt 0.6825 0.5397
vt 0.6984 0.5397
vt 0.7143 0.5397
vt 0.7302 0.5397
vt 0.7460 0.5397
vt 0.7619 0.5397
vt 0.7778 0.5397
vt 0.7937 0.5397
vt 0.8095 0.5397
vt 0.8254 0.5397
vt 0.8413 0.5397
vt 0.8571 0.5397
vt 0.8730 0.5397
vt 0.8889 0.5397
vt 0.9048 0.5397
vt 0.9206 0.5397
vt 0.9365 0.5397
vt 0.9524 0.5397
vt 0.9683 0.5397
vt 0.9841 0.5397
vt 1.0000 0.5397
vt 0.0000 0.5556
vt 0.0159 0.5556
vt 0.0317 0.5556
vt 0.0476 0.5556
vt 0.0635 0.5556
vt 0.0794 0.5556
vt 0.0952 0.5556
vt 0.1111 0.5556
vt 0.1270 0.5556
vt 0.1429 0.5556
vt 0.1587 0.5556
vt 0.1746 0.5556
vt 0.1905 0.5556
vt 0.2063 0.5556
vt 0.2222 0.5556
vt 0.2381 0.5556
vt 0.2540 0.5556
vt 0.2698 0.5556
vt 0.2857 0.5556
vt 0.3016 0.5556
vt 0.3175 0.5556
vt 0.3333 0.5556
vt 0.3492 0.5556
vt 0.3651 0.5556
vt 0.3810 0.5556
vt 0.3968 0.5556
vt 0.4127 0.5556
vt 0.4286 0.5556
vt 0.4444 0.5556
vt 0.4603 0.5556
vt 0.4762 0.5556
vt 0.4921 0.5556
vt 0.5079 0.5556
vt 0.5238 0.5556
vt 0.5397 0.5556
vt 0.5556 0.5556
vt 0.5714 0.5556
vt 0.5873 0.5556
vt 0.6032 0.5556
vt 0.6190 0.5556
vt 0.6349 0.5556
vt 0.6508 0.5556
vt 0.6667 0.5556
vt 0.6825 0.5556
vt 0.6984 0.5556
vt 0.7143 0.5556
vt 0.7302 0.5556
vt 0.7460 0.5556
vt 0.7619 0.5556
vt 0.7778 0.5556
vt 0.7937 0.5556
vt 0.8095 0.5556
vt 0.8254 0.5556
vt 0.8413 0.5556
vt 0.8571 0.5556
vt 0.8730 0.5556
vt 0.8889 0.5556
vt 0.9048 0.5556
vt 0.9206 0.5556
vt 0.9365 0.5556
vt 0.9524 0.5556
vt 0.9683 0.5556
vt 0.9841 0.5556
vt 1.0000 0.5556
vt 0.0000 0.5714
vt 0.0159 0.5714
vt 0.0317 0.5714
vt 0.0476 0.5714
vt 0.0635 0.5714
vt 0.0794 0.5714
vt 0.0952 0.5714
vt 0.1111 0.5714
vt 0.1270 0.5714
vt 0.1429 0.5714
vt 0.1587 0.5714
vt 0.1746 0.5714
vt 0.1905 0.5714
vt 0.2063 0.5714
vt 0.2222 0.5714
vt 0.2381 0.5714
vt 0.2540 0.5714
vt 0.2698 0.5714
vt 0.2857 0.5714
vt 0.3016 0.5714
vt 0.3175 0.5714
vt 0.3333 0.5714
vt 0.3492 0.5714
vt 0.3651 0.5714
vt 0.3810 0.5714
vt 0.3968 0.5714
vt 0.4127 0.5714
vt 0.4286 0.5714
vt 0.4444 0.5714
vt 0.4603 0.5714
vt 0.4762 0.5714
vt 0.4921 0.5714
vt 0.5079 0.5714
vt 0.5238 0.5714
vt 0.5397 0.5714
vt 0.5556 0.5714
vt 0.5714 0.5714
vt 0.5873 0.5714
vt 0.6032 0.5714
vt 0.6190 0.5714
vt 0.6349 0.5714
vt 0.6508 0.5714
vt 0.6667 0.5714
vt 0.6825 0.5714
vt 0.6984 0.5714
vt 0.7143 0.5714
vt 0.7302 0.5714
vt 0.7460 0.5714
vt 0.7619 0.5714
vt 0.7778 0.5714
vt 0.7937 0.5714
vt 0.8095 0.5714
vt 0.8254 0.5714
vt 0.8413 0.5714
vt 0.8571 0.5714
vt 0.8730 0.5714
vt 0.8889 0.5714
vt 0.9048 0.5714
vt 0.9206 0.5714
vt 0.9365 0.5714
vt 0.9524 0.5714
vt 0.9683 0.5714
vt 0.9841 0.5714
vt 1.0000 0.5714
vt 0.0000 0.5873
vt 0.0159 0.5873
vt 0.0317 0.5873
vt 0.0476 0.5873
vt 0.0635 0.5873
vt 0.0794 0.5873
vt 0.0952 0.5873
vt 0.1111 0.5873
vt 0.1270 0.5873
vt 0.1429 0.5873
vt 0.1587 0.5873
vt 0.1746 0.5873
vt 0.1905 0.5873
vt 0.2063 0.5873
vt 0.2222 0.5873
vt 0.2381 0.5873
vt 0.2540 0.5873
vt 0.2698 0.5873
vt 0.2857 0.5873
vt 0.3016 0.5873
vt 0.3175 0.5873
vt 0.3333 0.5873
vt 0.3492 0.5873
vt 0.3651 0.5873
vt 0.3810 0.5873
vt 0.3968 0.5873
vt 0.4127 0.5873
vt 0.4286 0.5873
vt 0.4444 0.5873
vt 0.4603 0.5873
vt 0.4762 0.5873
vt 0.4921 0.5873
vt 0.5079 0.5873
vt 0.5238 0.5873
vt 0.5397 0.5873
vt 0.5556 0.5873
vt 0.5714 0.5873
vt 0.5873 0.5873
vt 0.6032 0.5873
vt 0.6190 0.5873
vt 0.6349 0.5873
vt 0.6508 0.5873
vt 0.6667 0.5873
vt 0.6825 0.5873
vt 0.6984 0.5873
vt 0.7143 0.5873
vt 0.7302 0.5873
vt 0.7460 0.5873
vt 0.7619 0.5873
vt 0.7778 0.5873
vt 0.7937 0.5873
vt 0.8095 0.5873
vt 0.8254 0.5873
vt 0.8413 0.5873
vt 0.8571 0.5873
vt 0.8730 0.5873
vt 0.8889 0.5873
vt 0.9048 0.5873
vt 0.9206 0.5873
vt 0.9365 0.5873
vt 0.9524 0.5873
vt 0.9683 0.5873
vt 0.9841 0.5873
vt 1.0000 0.5873
vt 0.0000 0.6032
vt 0.0159 0.6032
vt 0.0317 0.6032
vt 0.0476 0.6032
vt 0.0635 0.6032
vt 0.0794 0.6032
vt 0.0952 0.6032
vt 0.1111 0.6032
vt 0.1270 0.6032
vt 0.1429 0.6032
vt 0.1587 0.6032
vt 0.1746 0.6032
vt 0.1905 0.6032
vt 0.2063 0.6032
vt 0.2222 0.6032
vt 0.2381 0.6032
vt 0.2540 0.6032
vt 0.2698 0.6032
vt 0.2857 0.6032
vt 0.3016 0.6032
vt 0.3175 0.6032
vt 0.3333 0.6032
vt 0.3492 0.6032
vt 0.3651 0.6032
vt 0.3810 0.6032
vt 0.3968 0.6032
vt 0.4127 0.6032
vt 0.4286 0.6032
vt 0.4444 0.6032
vt 0.4603 0.6032
vt 0.4762 0.6032
vt 0.4921 0.6032
vt 0.5079 0.6032
vt 0.5238 0.6032
vt 0.5397 0.6032
vt 0.5556 0.6032
vt 0.5714 0.6032
vt 0.5873 0.6032
vt 0.6032 0.6032
vt 0.6190 0.6032
vt 0.6349 0.6032
vt 0.6508 0.6032
vt 0.6667 0.6032
vt 0.6825 0.6032
vt 0.6984 0.6032
vt 0.7143 0.6032
vt 0.7302 0.6032
vt 0.7460 0.6032
vt 0.7619 0.6032
vt 0.7778 0.6032
vt 0.7937 0.6032
vt 0.8095 0.6032
vt 0.8254 0.6032
vt 0.8413 0.6032
vt 0.8571 0.6032
vt 0.8730 0.6032
vt 0.8889 0.6032
vt 0.9048 0.6032
vt 0.9206 0.6032
vt 0.9365 0.6032
vt 0.9524 0.6032
vt 0.9683 0.6032
vt 0.9841 0.6032
vt 1.0000 0.6032
vt 0.0000 0.6190
vt 0.0159 0.6190
vt 0.0317 0.6190
vt 0.0476 0.6190
vt 0.0635 0.6190
vt 0.0794 0.6190
vt 0.0952 0.6190
vt 0.1111 0.6190
vt 0.1270 0.6190
vt 0.1429 0.6190
vt 0.1587 0.6190
vt 0.1746 0.6190
vt 0.1905 0.6190
vt 0.2063 0.6190
vt 0.2222 0.6190
vt 0.2381 0.6190
vt 0.2540 0.6190
vt 0.2698 0.6190
vt 0.2857 0.6190
vt 0.3016 0.6190
vt 0.3175 0.6190
vt 0.3333 0.6190
vt 0.3492 0.6190
vt 0.3651 0.6190
vt 0.3810 0.6190
vt 0.3968 0.6190
vt 0.4127 0.6190
vt 0.4286 0.6190
vt 0.4444 0.6190
vt 0.4603 0.6190
vt 0.4762 0.6190
vt 0.4921 0.6190
vt 0.5079 0.6190
vt 0.5238 0.6190
vt 0.5397 0.6190
vt 0.5556 0.6190
vt 0.5714 0.6190
vt 0.5873 0.6190
vt 0.6032 0.6190
vt 0.6190 0.6190
vt 0.6349 0.6190
vt 0.6508 0.6190
vt 0.6667 0.6190
vt 0.6825 0.6190
vt 0.6984 0.6190
vt 0.7143 0.6190
vt 0.7302 0.6190
vt 0.7460 0.6190
vt 0.7619 0.6190
vt 0.7778 0.6190
vt 0.7937 0.6190
vt 0.8095 0.6190
vt 0.8254 0.6190
vt 0.8413 0.6190
vt 0.8571 0.6190
vt 0.8730 0.6190
vt 0.8889 0.6190
vt 0.9048 0.6190
vt 0.9206 0.6190
vt 0.9365 0.6190
vt 0.9524 0.6190
vt 0.9683 0.6190
vt 0.9841 0.6190
vt 1.0000 0.6190
vt 0.0000 0.6349
vt 0.0159 0.6349
vt 0.0317 0.6349
vt 0.0476 0.6349
vt 0.0635 0.6349
vt 0.0794 0.6349
vt 0.0952 0.6349
vt 0.1111 0.6349
vt 0.1270 0.6349
vt 0.1429 0.6349
vt 0.1587 0.6349
vt 0.1746 0.6349
vt 0.1905 0.6349
vt 0.2063 0.6349
vt 0.2222 0.6349
vt 0.2381 0.6349
vt 0.2540 0.6349
vt 0.2698 0.6349
vt 0.2857 0.6349
vt 0.3016 0.6349
vt 0.3175 0.6349
vt 0.3333 0.6349
vt 0.3492 0.6349
vt 0.3651 0.6349
vt 0.3810 0.6349
vt 0.3968 0.6349
vt 0.4127 0.6349
vt 0.4286 0.6349
vt 0.4444 0.6349
vt 0.4603 0.6349
vt 0.4762 0.6349
vt 0.4921 0.6349
vt 0.5079 0.6349
vt 0.5238 0.6349
vt 0.5397 0.6349
vt 0.5556 0.6349
vt 0.5714 0.6349
vt 0.5873 0.6349
vt 0.6032 0.6349
vt 0.6190 0.6349
vt 0.6349 0.6349
vt 0.6508 0.6349
vt 0.6667 0.6349
vt 0.6825 0.6349
vt 0.6984 0.6349
vt 0.7143 0.6349
vt 0.7302 0.6349
vt 0.7460 0.6349
vt 0.7619 0.6349
vt 0.7778 0.6349
vt 0.7937 0.6349
vt 0.8095 0.6349
vt 0.8254 0.6349
vt 0.8413 0.6349
vt 0.8571 0.6349
vt 0.8730 0.6349
vt 0.8889 0.6349
vt 0.9048 0.6349
vt 0.9206 0.6349
vt 0.9365 0.6349
vt 0.9524 0.6349
vt 0.9683 0.6349
vt 0.9841 0.6349
vt 1.0000 0.6349
vt 0.0000 0.6508
vt 0.0159 0.6508
vt 0.0317 0.6508
vt 0.0476 0.6508
vt 0.0635 0.6508
vt 0.0794 0.6508
vt 0.0952 0.6508
vt 0.1111 0.6508
vt 0.1270 0.6508
vt 0.1429 0.6508
vt 0.1587 0.6508
vt 0.1746 0.6508
vt 0.1905 0.6508
vt 0.2063 0.6508
vt 0.2222 0.6508
vt 0.2381 0.6508
vt 0.2540 0.6508
vt 0.2698 0.6508
vt 0.2857 0.6508
vt 0.3016 0.6508
vt 0.3175 0.6508
vt 0.3333 0.6508
vt 0.3492 0.6508
vt 0.3651 0.6508
vt 0.3810 0.6508
vt 0.3968 0.6508
vt 0.4127 0.6508
vt 0.4286 0.6508
vt 0.4444 0.6508
vt 0.4603 0.6508
vt 0.4762 0.6508
vt 0.4921 0.6508
vt 0.5079 0.6508
vt 0.5238 0.6508
vt 0.5397 0.6508
vt 0.5556 0.6508
vt 0.5714 0.6508
vt 0.5873 0.6508
vt 0.6032 0.6508
vt 0.6190 0.6508
vt 0.6349 0.6508
vt 0.6508 0.6508
vt 0.6667 0.6508
vt 0.6825 0.6508
vt 0.6984 0.6508
vt 0.7143 0.6508
vt 0.7302 0.6508
vt 0.7460 0.6508
vt 0.7619 0.6508
vt 0.7778 0.6508
vt 0.7937 0.6508
vt 0.8095 0.6508
vt 0.8254 0.6508
vt 0.8413 0.6508
vt 0.8571 0.6508
vt 0.8730 0.6508
vt 0.8889 0.6508
vt 0.9048 0.6508
vt 0.9206 0.6508
vt 0.9365 0.6508
vt 0.9524 0.6508
vt 0.9683 0.6508
vt 0.9841 0.6508
vt 1.0000 0.6508
vt 0.0000 0.6667
vt 0.0159 0.6667
vt 0.0317 0.6667
vt 0.0476 0.6667
vt 0.0635 0.6667
vt 0.0794 0.6667
vt 0.0952 0.6667
vt 0.1111 0.6667
vt 0.1270 0.6667
vt 0.1429 0.6667
vt 0.1587 0.6667
vt 0.1746 0.6667
vt 0.1905 0.6667
vt 0.2063 0.6667
vt 0.2222 0.6667
vt 0.2381 0.6667
vt 0.2540 0.6667
vt 0.2698 0.6667
vt 0.2857 0.6667
vt 0.3016 0.6667
vt 0.3175 0.6667
vt 0.3333 0.6667
vt 0.3492 0.6667
vt 0.3651 0.6667
vt 0.3810 0.6667
vt 0.3968 0.6667
vt 0.4127 0.6667
vt 0.4286 0.6667
vt 0.4444 0.6667
vt 0.4603 0.6667
vt 0.4762 0.6667
vt 0.4921 0.6667
vt 0.5079 0.6667
vt 0.5238 0.6667
vt 0.5397 0.6667
vt 0.5556 0.6667
vt 0.5714 0.6667
vt 0.5873 0.6667
vt 0.6032 0.6667
vt 0.6190 0.6667
vt 0.6349 0.6667
vt 0.6508 0.6667
vt 0.6667 0.6667
vt 0.6825 0.6667
vt 0.6984 0.6667
vt 0.7143 0.6667
vt 0.7302 0.6667
vt 0.7460 0.6667
vt 0.7619 0.6667
vt 0.7778 0.6667
vt 0.7937 0.6667
vt 0.8095 0.6667
vt 0.8254 0.6667
vt 0.8413 0.6667
vt 0.8571 0.6667
vt 0.8730 0.6667
vt 0.8889 0.6667
vt 0.9048 0.6667
vt 0.9206 0.6667
vt 0.9365 0.6667
vt 0.9524 0.6667
vt 0.9683 0.6667
vt 0.9841 0.6667
vt 1.0000 0.6667
vt 0.0000 0.6825
vt 0.0159 0.6825
vt 0.0317 0.6825
vt 0.0476 0.6825
vt 0.0635 0.6825
vt 0.0794 0.6825
vt 0.0952 0.6825
vt 0.1111 0.6825
vt 0.1270 0.6825
vt 0.1429 0.6825
vt 0.1587 0.6825
vt 0.1746 0.6825
vt 0.1905 0.6825
vt 0.2063 0.6825
vt 0.2222 0.6825
vt 0.2381 0.6825
vt 0.2540 0.6825
vt 0.2698 0.6825
vt 0.2857 0.6825
vt 0.3016 0.6825
vt 0.3175 0.6825
vt 0.3333 0.6825
vt 0.3492 0.6825
vt 0.3651 0.6825
vt 0.3810 0.6825
vt 0.3968 0.6825
vt 0.4127 0.6825
vt 0.4286 0.6825
vt 0.4444 0.6825
vt 0.4603 0.6825
vt 0.4762 0.6825
vt 0.4921 0.6825
vt 0.5079 0.6825
vt 0.5238 0.6825
vt 0.5397 0.6825
vt 0.5556 0.6825
vt 0.5714 0.6825
vt 0.5873 0.6825
vt 0.6032 0.6825
vt 0.6190 0.6825
vt 0.6349 0.6825
vt 0.6508 0.6825
vt 0.6667 0.6825
vt 0.6825 0.6825
vt 0.6984 0.6825
vt 0.7143 0.6825
vt 0.7302 0.6825
vt 0.7460 0.6825
vt 0.7619 0.6825
vt 0.7778 0.6825
vt 0.7937 0.6825
vt 0.8095 0.6825
vt 0.8254 0.6825
vt 0.8413 0.6825
vt 0.8571 0.6825
vt 0.8730 0.6825
vt 0.8889 0.6825
vt 0.9048 0.6825
vt 0.9206 0.6825
vt 0.9365 0.6825
vt 0.9524 0.6825
vt 0.9683 0.6825
vt 0.9841 0.6825
vt 1.0000 0.6825
vt 0.0000 0.6984
vt 0.0159 0.6984
vt 0.0317 0.6984
vt 0.0476 0.6984
vt 0.0635 0.6984
vt 0.0794 0.6984
vt 0.0952 0.6984
vt 0.1111 0.6984
vt 0.1270 0.6984
vt 0.1429 0.6984
vt 0.1587 0.6984
vt 0.1746 0.6984
vt 0.1905 0.6984
vt 0.2063 0.6984
vt 0.2222 0.6984
vt 0.2381 0.6984
vt 0.2540 0.6984
vt 0.2698 0.6984
vt 0.2857 0.6984
vt 0.3016 0.6984
vt 0.3175 0.6984
vt 0.3333 0.6984
vt 0.3492 0.6984
vt 0.3651 0.6984
vt 0.3810 0.6984
vt 0.3968 0.6984
vt 0.4127 0.6984
vt 0.4286 0.6984
vt 0.4444 0.6984
vt 0.4603 0.6984
vt 0.4762 0.6984
vt 0.4921 0.6984
vt 0.5079 0.6984
vt 0.5238 0.6984
vt 0.5397 0.6984
vt 0.5556 0.6984
vt 0.5714 0.6984
vt 0.5873 0.6984
vt 0.6032 0.6984
vt 0.6190 0.6984
vt 0.6349 0.6984
vt 0.6508 0.6984
vt 0.6667 0.6984
vt 0.6825 0.6984
vt 0.6984 0.6984
vt 0.7143 0.6984
vt 0.7302 0.6984
vt 0.7460 0.6984
vt 0.7619 0.6984
vt 0.7778 0.6984
vt 0.7937 0.6984
vt 0.8095 0.6984
vt 0.8254 0.6984
vt 0.8413 0.6984
vt 0.8571 0.6984
vt 0.8730 0.6984
vt 0.8889 0.6984
vt 0.9048 0.6984
vt 0.9206 0.6984
vt 0.9365 0.6984
vt 0.9524 0.6984
vt 0.9683 0.6984
vt 0.9841 0.6984
vt 1.0000 0.6984
vt 0.0000 0.7143
vt 0.0159 0.7143
vt 0.0317 0.7143
vt 0.0476 0.7143
vt 0.0635 0.7143
vt 0.0794 0.7143
vt 0.0952 0.7143
vt 0.1111 0.7143
vt 0.1270 0.7143
vt 0.1429 0.7143
vt 0.1587 0.7143
vt 0.1746 0.7143
vt 0.1905 0.7143
vt 0.2063 0.7143
vt 0.2222 0.7143
vt 0.2381 0.7143
vt 0.2540 0.7143
vt 0.2698 0.7143
vt 0.2857 0.7143
vt 0.3016 0.7143
vt 0.3175 0.7143
vt 0.3333 0.7143
vt 0.3492 0.7143
vt 0.3651 0.7143
vt 0.3810 0.7143
vt 0.3968 0.7143
vt 0.4127 0.7143
vt 0.4286 0.7143
vt 0.4444 0.7143
vt 0.4603 0.7143
vt 0.4762 0.7143
vt 0.4921 0.7143
vt 0.5079 0.7143
vt 0.5238 0.7143
vt 0.5397 0.7143
vt 0.5556 0.7143
vt 0.5714 0.7143
vt 0.5873 0.7143
vt 0.6032 0.7143
vt 0.6190 0.7143
vt 0.6349 0.7143
vt 0.6508 0.7143
vt 0.6667 0.7143
vt 0.6825 0.7143
vt 0.6984 0.7143
vt 0.7143 0.7143
vt 0.7302 0.7143
vt 0.7460 0.7143
vt 0.7619 0.7143
vt 0.7778 0.7143
vt 0.7937 0.7143
vt 0.8095 0.7143
vt 0.8254 0.7143
vt 0.8413 0.7143
vt 0.8571 0.7143
vt 0.8730 0.7143
vt 0.8889 0.7143
vt 0.9048 0.7143
vt 0.9206 0.7143
vt 0.9365 0.7143
vt 0.9524 0.7143
vt 0.9683 0.7143
vt 0.9841 0.7143
vt 1.0000 0.7143
vt 0.0000 0.7302
vt 0.0159 0.7302
vt 0.0317 0.7302
vt 0.0476 0.7302
vt 0.0635 0.7302
vt 0.0794 0.7302
vt 0.0952 0.7302
vt 0.1111 0.7302
vt 0.1270 0.7302
vt 0.1429 0.7302
vt 0.1587 0.7302
vt 0.1746 0.7302
vt 0.1905 0.7302
vt 0.2063 0.7302
vt 0.2222 0.7302
vt 0.2381 0.7302
vt 0.2540 0.7302
vt 0.2698 0.7302
vt 0.2857 0.7302
vt 0.3016 0.7302
vt 0.3175 0.7302
vt 0.3333 0.7302
vt 0.3492 0.7302
vt 0.3651 0.7302
vt 0.3810 0.7302
vt 0.3968 0.7302
vt 0.4127 0.7302
vt 0.4286 0.7302
vt 0.4444 0.7302
vt 0.4603 0.7302
vt 0.4762 0.7302
vt 0.4921 0.7302
vt 0.5079 0.7302
vt 0.5238 0.7302
vt 0.5397 0.7302
vt 0.5556 0.7302
vt 0.5714 0.7302
vt 0.5873 0.7302
vt 0.6032 0.7302
vt 0.6190 0.7302
vt 0.6349 0.7302
vt 0.6508 0.7302
vt 0.6667 0.7302
vt 0.6825 0.7302
vt 0.6984 0.7302
vt 0.7143 0.7302
vt 0.7302 0.7302
vt 0.7460 0.7302
vt 0.7619 0.7302
vt 0.7778 0.7302
vt 0.7937 0.7302
vt 0.8095 0.7302
vt 0.8254 0.7302
vt 0.8413 0.7302
vt 0.8571 0.7302
vt 0.8730 0.7302
vt 0.8889 0.7302
vt 0.9048 0.7302
vt 0.9206 0.7302
vt 0.9365 0.7302
vt 0.9524 0.7302
vt 0.9683 0.7302
vt 0.9841 0.7302
vt 1.0000 0.7302
vt 0.0000 0.7460
vt 0.0159 0.7460
vt 0.0317 0.7460
vt 0.0476 0.7460
vt 0.0635 0.7460
vt 0.0794 0.7460
vt 0.0952 0.7460
vt 0.1111 0.7460
vt 0.1270 0.7460
vt 0.1429 0.7460
vt 0.1587 0.7460
vt 0.1746 0.7460
vt 0.1905 0.7460
vt 0.2063 0.7460
vt 0.2222 0.7460
vt 0.2381 0.7460
vt 0.2540 0.7460
vt 0.2698 0.7460
vt 0.2857 0.7460
vt 0.3016 0.7460
vt 0.3175 0.7460
vt 0.3333 0.7460
vt 0.3492 0.7460
vt 0.3651 0.7460
vt 0.3810 0.7460
vt 0.3968 0.7460
vt 0.4127 0.7460
vt 0.4286 0.7460
vt 0.4444 0.7460
vt 0.4603 0.7460
vt 0.4762 0.7460
vt 0.4921 0.7460
vt 0.5079 0.7460
vt 0.5238 0.7460
vt 0.5397 0.7460
vt 0.5556 0.7460
vt 0.5714 0.7460
vt 0.5873 0.7460
vt 0.6032 0.7460
vt 0.6190 0.7460
vt 0.6349 0.7460
vt 0.6508 0.7460
vt 0.6667 0.7460
vt 0.6825 0.7460
vt 0.6984 0.7460
vt 0.7143 0.7460
vt 0.7302 0.7460
vt 0.7460 0.7460
vt 0.7619 0.7460
vt 0.7778 0.7460
vt 0.7937 0.7460
vt 0.8095 0.7460
vt 0.8254 0.7460
vt 0.8413 0.7460
vt 0.8571 0.7460
vt 0.8730 0.7460
vt 0.8889 0.7460
vt 0.9048 0.7460
vt 0.9206 0.7460
vt 0.9365 0.7460
vt 0.9524 0.7460
vt 0.9683 0.7460
vt 0.9841 0.7460
vt 1.0000 0.7460
vt 0.0000 0.7619
vt 0.0159 0.7619
vt 0.0317 0.7619
vt 0.0476 0.7619
vt 0.0635 0.7619
vt 0.0794 0.7619
vt 0.0952 0.7619
vt 0.1111 0.7619
vt 0.1270 0.7619
vt 0.1429 0.7619
vt 0.1587 0.7619
vt 0.1746 0.7619
vt 0.1905 0.7619
vt 0.2063 0.7619
vt 0.2222 0.7619
vt 0.2381 0.7619
vt 0.2540 0.7619
vt 0.2698 0.7619
vt 0.2857 0.7619
vt 0.3016 0.7619
vt 0.3175 0.7619
vt 0.3333 0.7619
vt 0.3492 0.7619
vt 0.3651 0.7619
vt 0.3810 0.7619
vt 0.3968 0.7619
vt 0.4127 0.7619
vt 0.4286 0.7619
vt 0.4444 0.7619
vt 0.4603 0.7619
vt 0.4762 0.7619
vt 0.4921 0.7619
vt 0.5079 0.7619
vt 0.5238 0.7619
vt 0.5397 0.7619
vt 0.5556 0.7619
vt 0.5714 0.7619
vt 0.5873 0.7619
vt 0.6032 0.7619
vt 0.6190 0.7619
vt 0.6349 0.7619
vt 0.6508 0.7619
vt 0.6667 0.7619
vt 0.6825 0.7619
vt 0.6984 0.7619
vt 0.7143 0.7619
vt 0.7302 0.7619
vt 0.7460 0.7619
vt 0.7619 0.7619
vt 0.7778 0.7619
vt 0.7937 0.7619
vt 0.8095 0.7619
vt 0.8254 0.7619
vt 0.8413 0.7619
vt 0.8571 0.7619
vt 0.8730 0.7619
vt 0.8889 0.7619
vt 0.9048 0.7619
vt 0.9206 0.7619
vt 0.9365 0.7619
vt 0.9524 0.7619
vt 0.9683 0.7619
vt 0.9841 0.7619
vt 1.0000 0.7619
vt 0.0000 0.7778
vt 0.0159 0.7778
vt 0.0317 0.7778
vt 0.0476 0.7778
vt 0.0635 0.7778
vt 0.0794 0.7778
vt 0.0952 0.7778
vt 0.1111 0.7778
vt 0.1270 0.7778
vt 0.1429 0.7778
vt 0.1587 0.7778
vt 0.1746 0.7778
vt 0.1905 0.7778
vt 0.2063 0.7778
vt 0.2222 0.7778
vt 0.2381 0.7778
vt 0.2540 0.7778
vt 0.2698 0.7778
vt 0.2857 0.7778
vt 0.3016 0.7778
vt 0.3175 0.7778
vt 0.3333 0.7778
vt 0.3492 0.7778
vt 0.3651 0.7778
vt 0.3810 0.7778
vt 0.3968 0.7778
vt 0.4127 0.7778
vt 0.4286 0.7778
vt 0.4444 0.7778
vt 0.4603 0.7778
vt 0.4762 0.7778
vt 0.4921 0.7778
vt 0.5079 0.7778
vt 0.5238 0.7778
vt 0.5397 0.7778
vt 0.5556 0.7778
vt 0.5714 0.7778
vt 0.5873 0.7778
vt 0.6032 0.7778
vt 0.6190 0.7778
vt 0.6349 0.7778
vt 0.6508 0.7778
vt 0.6667 0.7778
vt 0.6825 0.7778
vt 0.6984 0.7778
vt 0.7143 0.7778
vt 0.7302 0.7778
vt 0.7460 0.7778
vt 0.7619 0.7778
vt 0.7778 0.7778
vt 0.7937 0.7778
vt 0.8095 0.7778
vt 0.8254 0.7778
vt 0.8413 0.7778
vt 0.8571 0.7778
vt 0.8730 0.7778
vt 0.8889 0.7778
vt 0.9048 0.7778
vt 0.9206 0.7778
vt 0.9365 0.7778
vt 0.9524 0.7778
vt 0.9683 0.7778
vt 0.9841 0.7778
vt 1.0000 0.7778
vt 0.0000 0.7937
vt 0.0159 0.7937
vt 0.0317 0.7937
vt 0.0476 0.7937
vt 0.0635 0.7937
vt 0.0794 0.7937
vt 0.0952 0.7937
vt 0.1111 0.7937
vt 0.1270 0.7937
vt 0.1429 0.7937
vt 0.1587 0.7937
vt 0.1746 0.7937
vt 0.1905 0.7937
vt 0.2063 0.7937
vt 0.2222 0.7937
vt 0.2381 0.7937
vt 0.2540 0.7937
vt 0.2698 0.7937
vt 0.2857 0.7937
vt 0.3016 0.7937
vt 0.3175 0.7937
vt 0.3333 0.7937
vt 0.3492 0.7937
vt 0.3651 0.7937
vt 0.3810 0.7937
vt 0.3968 0.7937
vt 0.4127 0.7937
vt 0.4286 0.7937
vt 0.4444 0.7937
vt 0.4603 0.7937
vt 0.4762 0.7937
vt 0.4921 0.7937
vt 0.5079 0.7937
vt 0.5238 0.7937
vt 0.5397 0.7937
vt 0.5556 0.7937
vt 0.5714 0.7937
vt 0.5873 0.7937
vt 0.6032 0.7937
vt 0.6190 0.7937
vt 0.6349 0.7937
vt 0.6508 0.7937
vt 0.6667 0.7937
vt 0.6825 0.7937
vt 0.6984 0.7937
vt 0.7143 0.7937
vt 0.7302 0.7937
vt 0.7460 0.7937
vt 0.7619 0.7937
vt 0.7778 0.7937
vt 0.7937 0.7937
vt 0.8095 0.7937
vt 0.8254 0.7937
vt 0.8413 0.7937
vt 0.8571 0.7937
vt 0.8730 0.7937
vt 0.8889 0.7937
vt 0.9048 0.7937
vt 0.9206 0.7937
vt 0.9365 0.7937
vt 0.9524 0.7937
vt 0.9683 0.7937
vt 0.9841 0.7937
vt 1.0000 0.7937
vt 0.0000 0.8095
vt 0.0159 0.8095
vt 0.0317 0.8095
vt 0.0476 0.8095
vt 0.0635 0.8095
vt 0.0794 0.8095
vt 0.0952 0.8095
vt 0.1111 0.8095
vt 0.1270 0.8095
vt 0.1429 0.8095
vt 0.1587 0.8095
vt 0.1746 0.8095
vt 0.1905 0.8095
vt 0.2063 0.8095
vt 0.2222 0.8095
vt 0.2381 0.8095
vt 0.2540 0.8095
vt 0.2698 0.8095
vt 0.2857 0.8095
vt 0.3016 0.8095
vt 0.3175 0.8095
vt 0.3333 0.8095
vt 0.3492 0.8095
vt 0.3651 0.8095
vt 0.3810 0.8095
vt 0.3968 0.8095
vt 0.4127 0.8095
vt 0.4286 0.8095
vt 0.4444 0.8095
vt 0.4603 0.8095
vt 0.4762 0.8095
vt 0.4921 0.8095
vt 0.5079 0.8095
vt 0.5238 0.8095
vt 0.5397 0.8095
vt 0.5556 0.8095
vt 0.5714 0.8095
vt 0.5873 0.8095
vt 0.6032 0.8095
vt 0.6190 0.8095
vt 0.6349 0.8095
vt 0.6508 0.8095
vt 0.6667 0.8095
vt 0.6825 0.8095
vt 0.6984 0.8095
vt 0.7143 0.8095
vt 0.7302 0.8095
vt 0.7460 0.8095
vt 0.7619 0.8095
vt 0.7778 0.8095
vt 0.7937 0.8095
vt 0.8095 0.8095
vt 0.8254 0.8095
vt 0.8413 0.8095
vt 0.8571 0.8095
vt 0.8730 0.8095
vt 0.8889 0.8095
vt 0.9048 0.8095
vt 0.9206 0.8095
vt 0.9365 0.8095
vt 0.9524 0.8095
vt 0.9683 0.8095
vt 0.9841 0.8095
vt 1.0000 0.8095
vt 0.0000 0.8254
vt 0.0159 0.8254
vt 0.0317 0.8254
vt 0.0476 0.8254
vt 0.0635 0.8254
vt 0.0794 0.8254
vt 0.0952 0.8254
vt 0.1111 0.8254
vt 0.1270 0.8254
vt 0.1429 0.8254
vt 0.1587 0.8254
vt 0.1746 0.8254
vt 0.1905 0.8254
vt 0.2063 0.8254
vt 0.2222 0.8254
vt 0.2381 0.8254
vt 0.2540 0.8254
vt 0.2698 0.8254
vt 0.2857 0.8254
vt 0.3016 0.8254
vt 0.3175 0.8254
vt 0.3333 0.8254
vt 0.3492 0.8254
vt 0.3651 0.8254
vt 0.3810 0.8254
vt 0.3968 0.8254
vt 0.4127 0.8254
vt 0.4286 0.8254
vt 0.4444 0.8254
vt 0.4603 0.8254
vt 0.4762 0.8254
vt 0.4921 0.8254
vt 0.5079 0.8254
vt 0.5238 0.8254
vt 0.5397 0.8254
vt 0.5556 0.8254
vt 0.5714 0.8254
vt 0.5873 0.8254
vt 0.6032 0.8254
vt 0.6190 0.8254
vt 0.6349 0.8254
vt 0.6508 0.8254
vt 0.6667 0.8254
vt 0.6825 0.8254
vt 0.6984 0.8254
vt 0.7143 0.8254
vt 0.7302 0.8254
vt 0.7460 0.8254
vt 0.7619 0.8254
vt 0.7778 0.8254
vt 0.7937 0.8254
vt 0.8095 0.8254
vt 0.8254 0.8254
vt 0.8413 0.8254
vt 0.8571 0.8254
vt 0.8730 0.8254
vt 0.8889 0.8254
vt 0.9048 0.8254
vt 0.9206 0.8254
vt 0.9365 0.8254
vt 0.9524 0.8254
vt 0.9683 0.8254
vt 0.9841 0.8254
vt 1.0000 0.8254
vt 0.0000 0.8413
vt 0.0159 0.8413
vt 0.0317 0.8413
vt 0.0476 0.8413
vt 0.0635 0.8413
vt 0.0794 0.8413
vt 0.0952 0.8413
vt 0.1111 0.8413
vt 0.1270 0.8413
vt 0.1429 0.8413
vt 0.1587 0.8413
vt 0.1746 0.8413
vt 0.1905 0.8413
vt 0.2063 0.8413
vt 0.2222 0.8413
vt 0.2381 0.8413
vt 0.2540 0.8413
vt 0.2698 0.8413
vt 0.2857 0.8413
vt 0.3016 0.8413
vt 0.3175 0.8413
vt 0.3333 0.8413
vt 0.3492 0.8413
vt 0.3651 0.8413
vt 0.3810 0.8413
vt 0.3968 0.8413
vt 0.4127 0.8413
vt 0.4286 0.8413
vt 0.4444 0.8413
vt 0.4603 0.8413
vt 0.4762 0.8413
vt 0.4921 0.8413
vt 0.5079 0.8413
vt 0.5238 0.8413
vt 0.5397 0.8413
vt 0.5556 0.8413
vt 0.5714 0.8413
vt 0.5873 0.8413
vt 0.6032 0.8413
vt 0.6190 0.8413
vt 0.6349 0.8413
vt 0.6508 0.8413
vt 0.6667 0.8413
vt 0.6825 0.8413
vt 0.6984 0.8413
vt 0.7143 0.8413
vt 0.7302 0.8413
vt 0.7460 0.8413
vt 0.7619 0.8413
vt 0.7778 0.8413
vt 0.7937 0.8413
vt 0.8095 0.8413
vt 0.8254 0.8413
vt 0.8413 0.8413
vt 0.8571 0.8413
vt 0.8730 0.8413
vt 0.8889 0.8413
vt 0.9048 0.8413
vt 0.9206 0.8413
vt 0.9365 0.8413
vt 0.9524 0.8413
vt 0.9683 0.8413
vt 0.9841 0.8413
vt 1.0000 0.8413
vt 0.0000 0.8571
vt 0.0159 0.8571
vt 0.0317 0.8571
vt 0.0476 0.8571
vt 0.0635 0.8571
vt 0.0794 0.8571
vt 0.0952 0.8571
vt 0.1111 0.8571
vt 0.1270 0.8571
vt 0.1429 0.8571
vt 0.1587 0.8571
vt 0.1746 0.8571
vt 0.1905 0.8571
vt 0.2063 0.8571
vt 0.2222 0.8571
vt 0.2381 0.8571
vt 0.2540 0.8571
vt 0.2698 0.8571
vt 0.2857 0.8571
vt 0.3016 0.8571
vt 0.3175 0.8571
vt 0.3333 0.8571
vt 0.3492 0.8571
vt 0.3651 0.8571
vt 0.3810 0.8571
vt 0.3968 0.8571
vt 0.4127 0.8571
vt 0.4286 0.8571
vt 0.4444 0.8571
vt 0.4603 0.8571
vt 0.4762 0.8571
vt 0.4921 0.8571
vt 0.5079 0.8571
vt 0.5238 0.8571
vt 0.5397 0.8571
vt 0.5556 0.8571
vt 0.5714 0.8571
vt 0.5873 0.8571
vt 0.6032 0.8571
vt 0.6190 0.8571
vt 0.6349 0.8571
vt 0.6508 0.8571
vt 0.6667 0.8571
vt 0.6825 0.8571
vt 0.6984 0.8571
vt 0.7143 0.8571
vt 0.7302 0.8571
vt 0.7460 0.8571
vt 0.7619 0.8571
vt 0.7778 0.8571
vt 0.7937 0.8571
vt 0.8095 0.8571
vt 0.8254 0.8571
vt 0.8413 0.8571
vt 0.8571 0.8571
vt 0.8730 0.8571
vt 0.8889 0.8571
vt 0.9048 0.8571
vt 0.9206 0.8571
vt 0.9365 0.8571
vt 0.9524 0.8571
vt 0.9683 0.8571
vt 0.9841 0.8571
vt 1.0000 0.8571
vt 0.0000 0.8730
vt 0.0159 0.8730
vt 0.0317 0.8730
vt 0.0476 0.8730
vt 0.0635 0.8730
vt 0.0794 0.8730
vt 0.0952 0.8730
vt 0.1111 0.8730
vt 0.1270 0.8730
vt 0.1429 0.8730
vt 0.1587 0.8730
vt 0.1746 0.8730
vt 0.1905 0.8730
vt 0.2063 0.8730
vt 0.2222 0.8730
vt 0.2381 0.8730
vt 0.2540 0.8730
vt 0.2698 0.8730
vt 0.2857 0.8730
vt 0.3016 0.8730
vt 0.3175 0.8730
vt 0.3333 0.8730
vt 0.3492 0.8730
vt 0.3651 0.8730
vt 0.3810 0.8730
vt 0.3968 0.8730
vt 0.4127 0.8730
vt 0.4286 0.8730
vt 0.4444 0.8730
vt 0.4603 0.8730
vt 0.4762 0.8730
vt 0.4921 0.8730
vt 0.5079 0.8730
vt 0.5238 0.8730
vt 0.5397 0.8730
vt 0.5556 0.8730
vt 0.5714 0.8730
vt 0.5873 0.8730
vt 0.6032 0.8730
vt 0.6190 0.8730
vt 0.6349 0.8730
vt 0.6508 0.8730
vt 0.6667 0.8730
vt 0.6825 0.8730
vt 0.6984 0.8730
vt 0.7143 0.8730
vt 0.7302 0.8730
vt 0.7460 0.8730
vt 0.7619 0.8730
vt 0.7778 0.8730
vt 0.7937 0.8730
vt 0.8095 0.8730
vt 0.8254 0.8730
vt 0.8413 0.8730
vt 0.8571 0.8730
vt 0.8730 0.8730
vt 0.8889 0.8730
vt 0.9048 0.8730
vt 0.9206 0.8730
vt 0.9365 0.8730
vt 0.9524 0.8730
vt 0.9683 0.8730
vt 0.9841 0.8730
vt 1.0000 0.8730
vt 0.0000 0.8889
vt 0.0159 0.8889
vt 0.0317 0.8889
vt 0.0476 0.8889
vt 0.0635 0.8889
vt 0.0794 0.8889
vt 0.0952 0.8889
vt 0.1111 0.8889
vt 0.1270 0.8889
vt 0.1429 0.8889
vt 0.1587 0.8889
vt 0.1746 0.8889
vt 0.1905 0.8889
vt 0.2063 0.8889
vt 0.2222 0.8889
vt 0.2381 0.8889
vt 0.2540 0.8889
vt 0.2698 0.8889
vt 0.2857 0.8889
vt 0.3016 0.8889
vt 0.3175 0.8889
vt 0.3333 0.8889
vt 0.3492 0.8889
vt 0.3651 0.8889
vt 0.3810 0.8889
vt 0.3968 0.8889
vt 0.4127 0.8889
vt 0.4286 0.8889
vt 0.4444 0.8889
vt 0.4603 0.8889
vt 0.4762 0.8889
vt 0.4921 0.8889
vt 0.5079 0.8889
vt 0.5238 0.8889
vt 0.5397 0.8889
vt 0.5556 0.8889
vt 0.5714 0.8889
vt 0.5873 0.8889
vt 0.6032 0.8889
vt 0.6190 0.8889
vt 0.6349 0.8889
vt 0.6508 0.8889
vt 0.6667 0.8889
vt 0.6825 0.8889
vt 0.6984 0.8889
vt 0.7143 0.8889
vt 0.7302 0.8889
vt 0.7460 0.8889
vt 0.7619 0.8889
vt 0.7778 0.8889
vt 0.7937 0.8889
vt 0.8095 0.8889
vt 0.8254 0.8889
vt 0.8413 0.8889
vt 0.8571 0.8889
vt 0.8730 0.8889
vt 0.8889 0.8889
vt 0.9048 0.8889
vt 0.9206 0.8889
vt 0.9365 0.8889
vt 0.9524 0.8889
vt 0.9683 0.8889
vt 0.9841 0.8889
vt 1.0000 0.8889
vt 0.0000 0.9048
vt 0.0159 0.9048
vt 0.0317 0.9048
vt 0.0476 0.9048
vt 0.0635 0.9048
vt 0.0794 0.9048
vt 0.0952 0.9048
vt 0.1111 0.9048
vt 0.1270 0.9048
vt 0.1429 0.9048
vt 0.1587 0.9048
vt 0.1746 0.9048
vt 0.1905 0.9048
vt 0.2063 0.9048
vt 0.2222 0.9048
vt 0.2381 0.9048
vt 0.2540 0.9048
vt 0.2698 0.9048
vt 0.2857 0.9048
vt 0.3016 0.9048
vt 0.3175 0.9048
vt 0.3333 0.9048
vt 0.3492 0.9048
vt 0.3651 0.9048
vt 0.3810 0.9048
vt 0.3968 0.9048
vt 0.4127 0.9048
vt 0.4286 0.9048
vt 0.4444 0.9048
vt 0.4603 0.9048
vt 0.4762 0.9048
vt 0.4921 0.9048
vt 0.5079 0.9048
vt 0.5238 0.9048
vt 0.5397 0.9048
vt 0.5556 0.9048
vt 0.5714 0.9048
vt 0.5873 0.9048
vt 0.6032 0.9048
vt 0.6190 0.9048
vt 0.6349 0.9048
vt 0.6508 0.9048
vt 0.6667 0.9048
vt 0.6825 0.9048
vt 0.6984 0.9048
vt 0.7143 0.9048
vt 0.7302 0.9048
vt 0.7460 0.9048
vt 0.7619 0.9048
vt 0.7778 0.9048
vt 0.7937 0.9048
vt 0.8095 0.9048
vt 0.8254 0.9048
vt 0.8413 0.9048
vt 0.8571 0.9048
vt 0.8730 0.9048
vt 0.8889 0.9048
vt 0.9048 0.9048
vt 0.9206 0.9048
vt 0.9365 0.9048
vt 0.9524 0.9048
vt 0.9683 0.9048
vt 0.9841 0.9048
vt 1.0000 0.9048
vt 0.0000 0.9206
vt 0.0159 0.9206
vt 0.0317 0.9206
vt 0.0476 0.9206
vt 0.0635 0.9206
vt 0.0794 0.9206
vt 0.0952 0.9206
vt 0.1111 0.9206
vt 0.1270 0.9206
vt 0.1429 0.9206
vt 0.1587 0.9206
vt 0.1746 0.9206
vt 0.1905 0.9206
vt 0.2063 0.9206
vt 0.2222 0.9206
vt 0.2381 0.9206
vt 0.2540 0.9206
vt 0.2698 0.9206
vt 0.2857 0.9206
vt 0.3016 0.9206
vt 0.3175 0.9206
vt 0.3333 0.9206
vt 0.3492 0.9206
vt 0.3651 0.9206
vt 0.3810 0.9206
vt 0.3968 0.9206
vt 0.4127 0.9206
vt 0.4286 0.9206
vt 0.4444 0.9206
vt 0.4603 0.9206
vt 0.4762 0.9206
vt 0.4921 0.9206
vt 0.5079 0.9206
vt 0.5238 0.9206
vt 0.5397 0.9206
vt 0.5556 0.9206
vt 0.5714 0.9206
vt 0.5873 0.9206
vt 0.6032 0.9206
vt 0.6190 0.9206
vt 0.6349 0.9206
vt 0.6508 0.9206
vt 0.6667 0.9206
vt 0.6825 0.9206
vt 0.6984 0.9206
vt 0.7143 0.9206
vt 0.7302 0.9206
vt 0.7460 0.9206
vt 0.7619 0.9206
vt 0.7778 0.9206
vt 0.7937 0.9206
vt 0.8095 0.9206
vt 0.8254 0.9206
vt 0.8413 0.9206
vt 0.8571 0.9206
vt 0.8730 0.9206
vt 0.8889 0.9206
vt 0.9048 0.9206
vt 0.9206 0.9206
vt 0.9365 0.9206
vt 0.9524 0.9206
vt 0.9683 0.9206
vt 0.9841 0.9206
vt 1.0000 0.9206
vt 0.0000 0.9365
vt 0.0159 0.9365
vt 0.0317 0.9365
vt 0.0476 0.9365
vt 0.0635 0.9365
vt 0.0794 0.9365
vt 0.0952 0.9365
vt 0.1111 0.9365
vt 0.1270 0.9365
vt 0.1429 0.9365
vt 0.1587 0.9365
vt 0.1746 0.9365
vt 0.1905 0.9365
vt 0.2063 0.9365
vt 0.2222 0.9365
vt 0.2381 0.9365
vt 0.2540 0.9365
vt 0.2698 0.9365
vt 0.2857 0.9365
vt 0.3016 0.9365
vt 0.3175 0.9365
vt 0.3333 0.9365
vt 0.3492 0.9365
vt 0.3651 0.9365
vt 0.3810 0.9365
vt 0.3968 0.9365
vt 0.4127 0.9365
vt 0.4286 0.9365
vt 0.4444 0.9365
vt 0.4603 0.9365
vt 0.4762 0.9365
vt 0.4921 0.9365
vt 0.5079 0.9365
vt 0.5238 0.9365
vt 0.5397 0.9365
vt 0.5556 0.9365
vt 0.5714 0.9365
vt 0.5873 0.9365
vt 0.6032 0.9365
vt 0.6190 0.9365
vt 0.6349 0.9365
vt 0.6508 0.9365
vt 0.6667 0.9365
vt 0.6825 0.9365
vt 0.6984 0.9365
vt 0.7143 0.9365
vt 0.7302 0.9365
vt 0.7460 0.9365
vt 0.7619 0.9365
vt 0.7778 0.9365
vt 0.7937 0.9365
vt 0.8095 0.9365
vt 0.8254 0.9365
vt 0.8413 0.9365
vt 0.8571 0.9365
vt 0.8730 0.9365
vt 0.8889 0.9365
vt 0.9048 0.9365
vt 0.9206 0.9365
vt 0.9365 0.9365
vt 0.9524 0.9365
vt 0.9683 0.9365
vt 0.9841 0.9365
vt 1.0000 0.9365
vt 0.0000 0.9524
vt 0.0159 0.9524
vt 0.0317 0.9524
vt 0.0476 0.9524
vt 0.0635 0.9524
vt 0.0794 0.9524
vt 0.0952 0.9524
vt 0.1111 0.9524
vt 0.1270 0.9524
vt 0.1429 0.9524
vt 0.1587 0.9524
vt 0.1746 0.9524
vt 0.1905 0.9524
vt 0.2063 0.9524
vt 0.2222 0.9524
vt 0.2381 0.9524
vt 0.2540 0.9524
vt 0.2698 0.9524
vt 0.2857 0.9524
vt 0.3016 0.9524
vt 0.3175 0.9524
vt 0.3333 0.9524
vt 0.3492 0.9524
vt 0.3651 0.9524
vt 0.3810 0.9524
vt 0.3968 0.9524
vt 0.4127 0.9524
vt 0.4286 0.9524
vt 0.4444 0.9524
vt 0.4603 0.9524
vt 0.4762 0.9524
vt 0.4921 0.9524
vt 0.5079 0.9524
vt 0.5238 0.9524
vt 0.5397 0.9524
vt 0.5556 0.9524
vt 0.5714 0.9524
vt 0.5873 0.9524
vt 0.6032 0.9524
vt 0.6190 0.9524
vt 0.6349 0.9524
vt 0.6508 0.9524
vt 0.6667 0.9524
vt 0.6825 0.9524
vt 0.6984 0.9524
vt 0.7143 0.9524
vt 0.7302 0.9524
vt 0.7460 0.9524
vt 0.7619 0.9524
vt 0.7778 0.9524
vt 0.7937 0.9524
vt 0.8095 0.9524
vt 0.8254 0.9524
vt 0.8413 0.9524
vt 0.8571 0.9524
vt 0.8730 0.9524
vt 0.8889 0.9524
vt 0.9048 0.9524
vt 0.9206 0.9524
vt 0.9365 0.9524
vt 0.9524 0.9524
vt 0.9683 0.9524
vt 0.9841 0.9524
vt 1.0000 0.9524
vt 0.0000 0.9683
vt 0.0159 0.9683
vt 0.0317 0.9683
vt 0.0476 0.9683
vt 0.0635 0.9683
vt 0.0794 0.9683
vt 0.0952 0.9683
vt 0.1111 0.9683
vt 0.1270 0.9683
vt 0.1429 0.9683
vt 0.1587 0.9683
vt 0.1746 0.9683
vt 0.1905 0.9683
vt 0.2063 0.9683
vt 0.2222 0.9683
vt 0.2381 0.9683
vt 0.2540 0.9683
vt 0.2698 0.9683
vt 0.2857 0.9683
vt 0.3016 0.9683
vt 0.3175 0.9683
vt 0.3333 0.9683
vt 0.3492 0.9683
vt 0.3651 0.9683
vt 0.3810 0.9683
vt 0.3968 0.9683
vt 0.4127 0.9683
vt 0.4286 0.9683
vt 0.4444 0.9683
vt 0.4603 0.9683
vt 0.4762 0.9683
vt 0.4921 0.9683
vt 0.5079 0.9683
vt 0.5238 0.9683
vt 0.5397 0.9683
vt 0.5556 0.9683
vt 0.5714 0.9683
vt 0.5873 0.9683
vt 0.6032 0.9683
vt 0.6190 0.9683
vt 0.6349 0.9683
vt 0.6508 0.9683
vt 0.6667 0.9683
vt 0.6825 0.9683
vt 0.6984 0.9683
vt 0.7143 0.9683
vt 0.7302 0.9683
vt 0.7460 0.9683
vt 0.7619 0.9683
vt 0.7778 0.9683
vt 0.7937 0.9683
vt 0.8095 0.9683
vt 0.8254 0.9683
vt 0.8413 0.9683
vt 0.8571 0.9683
vt 0.8730 0.9683
vt 0.8889 0.9683
vt 0.9048 0.9683
vt 0.9206 0.9683
vt 0.9365 0.9683
vt 0.9524 0.9683
vt 0.9683 0.9683
vt 0.9841 0.9683
vt 1.0000 0.9683
vt 0.0000 0.9841
vt 0.0159 0.9841
vt 0.0317 0.9841
vt 0.0476 0.9841
vt 0.0635 0.9841
vt 0.0794 0.9841
vt 0.0952 0.9841
vt 0.1111 0.9841
vt 0.1270 0.9841
vt 0.1429 0.9841
vt 0.1587 0.9841
vt 0.1746 0.9841
vt 0.1905 0.9841
vt 0.2063 0.9841
vt 0.2222 0.9841
vt 0.2381 0.9841
vt 0.2540 0.9841
vt 0.2698 0.9841
vt 0.2857 0.9841
vt 0.3016 0.9841
vt 0.3175 0.9841
vt 0.3333 0.9841
vt 0.3492 0.9841
vt 0.3651 0.9841
vt 0.3810 0.9841
vt 0.3968 0.9841
vt 0.4127 0.9841
vt 0.4286 0.9841
vt 0.4444 0.9841
vt 0.4603 0.9841
vt 0.4762 0.9841
vt 0.4921 0.9841
vt 0.5079 0.9841
vt 0.5238 0.9841
vt 0.5397 0.9841
vt 0.5556 0.9841
vt 0.5714 0.9841
vt 0.5873 0.9841
vt 0.6032 0.9841
vt 0.6190 0.9841
vt 0.6349 0.9841
vt 0.6508 0.9841
vt 0.6667 0.9841
vt 0.6825 0.9841
vt 0.6984 0.9841
vt 0.7143 0.9841
vt 0.7302 0.9841
vt 0.7460 0.9841
vt 0.7619 0.9841
vt 0.7778 0.9841
vt 0.7937 0.9841
vt 0.8095 0.9841
vt 0.8254 0.9841
vt 0.8413 0.9841
vt 0.8571 0.9841
vt 0.8730 0.9841
vt 0.8889 0.9841
vt 0.9048 0.9841
vt 0.9206 0.9841
vt 0.9365 0.9841
vt 0.9524 0.9841
vt 0.9683 0.9841
vt 0.9841 0.9841
vt 1.0000 0.9841
vt 0.0000 1.0000
vt 0.0159 1.0000
vt 0.0317 1.0000
vt 0.0476 1.0000
vt 0.0635 1.0000
vt 0.0794 1.0000
vt 0.0952 1.0000
vt 0.1111 1.0000
vt 0.1270 1.0000
vt 0.1429 1.0000
vt 0.1587 1.0000
vt 0.1746 1.0000
vt 0.1905 1.0000
vt 0.2063 1.0000
vt 0.2222 1.0000
vt 0.2381 1.0000
vt 0.2540 1.0000
vt 0.2698 1.0000
vt 0.2857 1.0000
vt 0.3016 1.0000
vt 0.3175 1.0000
vt 0.3333 1.0000
vt 0.3492 1.0000
vt 0.3651 1.0000
vt 0.3810 1.0000
vt 0.3968 1.0000
vt 0.4127 1.0000
vt 0.4286 1.0000
vt 0.4444 1.0000
vt 0.4603 1.0000
vt 0.4762 1.0000
vt 0.4921 1.0000
vt 0.5079 1.0000
vt 0.5238 1.0000
vt 0.5397 1.0000
vt 0.5556 1.0000
vt 0.5714 1.0000
vt 0.5873 1.0000
vt 0.6032 1.0000
vt 0.6190 1.0000
vt 0.6349 1.0000
vt 0.6508 1.0000
vt 0.6667 1.0000
vt 0.6825 1.0000
vt 0.6984 1.0000
vt 0.7143 1.0000
vt 0.7302 1.0000
vt 0.7460 1.0000
vt 0.7619 1.0000
vt 0.7778 1.0000
vt 0.7937 1.0000
vt 0.8095 1.0000
vt 0.8254 1.0000
vt 0.8413 1.0000
vt 0.8571 1.0000
vt 0.8730 1.0000
vt 0.8889 1.0000
vt 0.9048 1.0000
vt 0.9206 1.0000
vt 0.9365 1.0000
vt 0.9524 1.0000
vt 0.9683 1.0000
vt 0.9841 1.0000
vt 1.0000 1.0000
f 1/1 65/65 2/2
f 2/2 65/65 66/66
f 2/2 66/66 3/3
f 3/3 66/66 67/67
f 3/3 67/67 4/4
f 4/4 67/67 68/68
f 4/4 68/68 5/5
f 5/5 68/68 69/69
f 5/5 69/69 6/6
f 6/6 69/69 70/70
f 6/6 70/70 7/7
f 7/7 70/70 71/71
f 7/7 71/71 8/8
f 8/8 71/71 72/72
f 8/8 72/72 9/9
f 9/9 72/72 73/73
f 9/9 73/73 10/10
f 10/10 73/73 74/74
f 10/10 74/74 11/11
f 11/11 74/74 75/75
f 11/11 75/75 12/12
f 12/12 75/75 76/76
f 12/12 76/76 13/13
f 13/13 76/76 77/77
f 13/13 77/77 14/14
f 14/14 77/77 78/78
f 14/14 78/78 15/15
f 15/15 78/78 79/79
f 15/15 79/79 16/16
f 16/16 79/79 80/80
f 16/16 80/80 17/17
f 17/17 80/80 81/81
f 17/17 81/81 18/18
f 18/18 81/81 82/82
f 18/18 82/82 19/19
f 19/19 82/82 83/83
f 19/19 83/83 20/20
f 20/20 83/83 84/84
f 20/20 84/84 21/21
f 21/21 84/84 85/85
f 21/21 85/85 22/22
f 22/22 85/85 86/86
f 22/22 86/86 23/23
f 23/23 86/86 87/87
f 23/23 87/87 24/24
f 24/24 87/87 88/88
f 24/24 88/88 25/25
f 25/25 88/88 89/89
f 25/25 89/89 26/26
f 26/26 89/89 90/90
f 26/26 90/90 27/27
f 27/27 90/90 91/91
f 27/27 91/91 28/28
f 28/28 91/91 92/92
f 28/28 92/92 29/29
f 29/29 92/92 93/93
f 29/29 93/93 30/30
f 30/30 93/93 94/94
f 30/30 94/94 31/31
f 31/31 94/94 95/95
f 31/31 95/95 32/32
f 32/32 95/95 96/96
f 32/32 96/96 33/33
f 33/33 96/96 97/97
f 33/33 97/97 34/34
f 34/34 97/97 98/98
f 34/34 98/98 35/35
f 35/35 98/98 99/99
f 35/35 99/99 36/36
f 36/36 99/99 100/100
f 36/36 100/100 37/37
f 37/37 100/100 101/101
f 37/37 101/101 38/38
f 38/38 101/101 102/102
f 38/38 102/102 39/39
f 39/39 102/102 103/103
f 39/39 103/103 40/40
f 40/40 103/103 104/104
f 40/40 104/104 41/41
f 41/41 104/104 105/105
f 41/41 105/105 42/42
f 42/42 105/105 106/106
f 42/42 106/106 43/43
f 43/43 106/106 107/107
f 43/43 107/107 44/44
f 44/44 107/107 108/108
f 44/44 108/108 45/45
f 45/45 108/108 109/109
f 45/45 109/109 46/46
f 46/46 109/109 110/110
f 46/46 110/110 47/47
f 47/47 110/110 111/111
f 47/47 111/111 48/48
f 48/48 111/111 112/112
f 48/48 112/112 49/49
f 49/49 112/112 113/113
f 49/49 113/113 50/50
f 50/50 113/113 114/114
f 50/50 114/114 51/51
f 51/51 114/114 115/115
f 51/51 115/115 52/52
f 52/52 115/115 116/116
f 52/52 116/116 53/53
f 53/53 116/116 117/117
f 53/53 117/117 54/54
f 54/54 117/117 118/118
f 54/54 118/118 55/55
f 55/55 118/118 119/119
f 55/55 119/119 56/56
f 56/56 119/119 120/120
f 56/56 120/120 57/57
f 57/57 120/120 121/121
f 57/57 121/121 58/58
f 58/58 121/121 122/122
f 58/58 122/122 59/59
f 59/59 122/122 123/123
f 59/59 123/123 60/60
f 60/60 123/123 124/124
f 60/60 124/124 61/61
f 61/61 124/124 125/125
f 61/61 125/125 62/62
f 62/62 125/125 126/126
f 62/62 126/126 63/63
f 63/63 126/126 127/127
f 63/63 127/127 64/64
f 64/64 127/127 128/128
f 65/65 129/129 66/66
f 66/66 129/129 130/130
f 66/66 130/130 67/67
f 67/67 130/130 131/131
f 67/67 131/131 68/68
f 68/68 131/131 132/132
f 68/68 132/132 69/69
f 69/69 132/132 133/133
f 69/69 133/133 70/70
f 70/70 133/133 134/134
f 70/70 134/134 71/71
f 71/71 134/134 135/135
f 71/71 135/135 72/72
f 72/72 135/135 136/136
f 72/72 136/136 73/73
f 73/73 136/136 137/137
f 73/73 137/137 74/74
f 74/74 137/137 138/138
f 74/74 138/138 75/75
f 75/75 138/138 139/139
f 75/75 139/139 76/76
f 76/76 139/139 140/140
f 76/76 140/140 77/77
f 77/77 140/140 141/141
f 77/77 141/141 78/78
f 78/78 141/141 142/142
f 78/78 142/142 79/79
f 79/79 142/142 143/143
f 79/79 143/143 80/80
f 80/80 143/143 144/144
f 80/80 144/144 81/81
f 81/81 144/144 145/145
f 81/81 145/145 82/82
f 82/82 145/145 146/146
f 82/82 146/146 83/83
f 83/83 146/146 147/147
f 83/83 147/147 84/84
f 84/84 147/147 148/148
f 84/84 148/148 85/85
f 85/85 148/148 149/149
f 85/85 149/149 86/86
f 86/86 149/149 150/150
f 86/86 150/150 87/87
f 87/87 150/150 151/151
f 87/87 151/151 88/88
f 88/88 151/151 152/152
f 88/88 152/152 89/89
f 89/89 152/152 153/153
f 89/89 153/153 90/90
f 90/90 153/153 154/154
f 90/90 154/154 91/91
f 91/91 154/154 155/155
f 91/91 155/155 92/92
f 92/92 155/155 156/156
f 92/92 156/156 93/93
f 93/93 156/156 157/157
f 93/93 157/157 94/94
f 94/94 157/157 158/158
f 94/94 158/158 95/95
f 95/95 158/158 159/159
f 95/95 159/159 96/96
f 96/96 159/159 160/160
f 96/96 160/160 97/97
f 97/97 160/160 161/161
f 97/97 161/161 98/98
f 98/98 161/161 162/162
f 98/98 162/162 99/99
f 99/99 162/162 163/163
f 99/99 163/163 100/100
f 100/100 163/163 164/164
f 100/100 164/164 101/101
f 101/101 164/164 165/165
f 101/101 165/165 102/102
f 102/102 165/165 166/166
f 102/102 166/166 103/103
f 103/103 166/166 167/167
f 103/103 167/167 104/104
f 104/104 167/167 168/168
f 104/104 168/168 105/105
f 105/105 168/168 169/169
f 105/105 169/169 106/106
f 106/106 169/169 170/170
f 106/106 170/170 107/107
f 107/107 170/170 171/171
f 107/107 171/171 108/108
f 108/108 171/171 172/172
f 108/108 172/172 109/109
f 109/109 172/172 173/173
f 109/109 173/173 110/110
f 110/110 173/173 174/174
f 110/110 174/174 111/111
f 111/111 174/174 175/175
f 111/111 175/175 112/112
f 112/112 175/175 176/176
f 112/112 176/176 113/113
f 113/113 176/176 177/177
f 113/113 177/177 114/114
f 114/114 177/177 178/178
f 114/114 178/178 115/115
f 115/115 178/178 179/179
f 115/115 179/179 116/116
f 116/116 179/179 180/180
f 116/116 180/180 117/117
f 117/117 180/180 181/181
f 117/117 181/181 118/118
f 118/118 181/181 182/182
f 118/118 182/182 119/119
f 119/119 182/182 183/183
f 119/119 183/183 120/120
f 120/120 183/183 184/184
f 120/120 184/184 121/121
f 121/121 184/184 185/185
f 121/121 185/185 122/122
f 122/122 185/185 186/186
f 122/122 186/186 123/123
f 123/123 186/186 187/187
f 123/123 187/187 124/124
f 124/124 187/187 188/188
f 124/124 188/188 125/125
f 125/125 188/188 189/189
f 125/125 189/189 126/126
f 126/126 189/189 190/190
f 126/126 190/190 127/127
f 127/127 190/190 191/191
f 127/127 191/191 128/128
f 128/128 191/191 192/192
f 129/129 193/193 130/130
f 130/130 193/193 194/194
f 130/130 194/194 131/131
f 131/131 194/194 195/195
f 131/131 195/195 132/132
f 132/132 195/195 196/196
f 132/132 196/196 133/133
f 133/133 196/196 197/197
f 133/133 197/197 134/134
f 134/134 197/197 198/198
f 134/134 198/198 135/135
f 135/135 198/198 199/199
f 135/135 199/199 136/136
f 136/136 199/199 200/200
f 136/136 200/200 137/137
f 137/137 200/200 201/201
f 137/137 201/201 138/138
f 138/138 201/201 202/202
f 138/138 202/202 139/139
f 139/139 202/202 203/203
f 139/139 203/203 140/140
f 140/140 203/203 204/204
f 140/140 204/204 141/141
f 141/141 204/204 205/205
f 141/141 205/205 142/142
f 142/142 205/205 206/206
f 142/142 206/206 143/143
f 143/143 206/206 207/207
f 143/143 207/207 144/144
f 144/144 207/207 208/208
f 144/144 208/208 145/145
f 145/145 208/208 209/209
f 145/145 209/209 146/146
f 146/146 209/209 210/210
f 146/146 210/210 147/147
f 147/147 210/210 211/211
f 147/147 211/211 148/148
f 148/148 211/211 212/212
f 148/148 212/212 149/149
f 149/149 212/212 213/213
f 149/149 213/213 150/150
f 150/150 213/213 214/214
f 150/150 214/214 151/151
f 151/151 214/214 215/215
f 151/151 215/215 152/152
f 152/152 215/215 216/216
f 152/152 216/216 153/153
f 153/153 216/216 217/217
f 153/153 217/217 154/154
f 154/154 217/217 218/218
f 154/154 218/218 155/155
f 155/155 218/218 219/219
f 155/155 219/219 156/156
f 156/156 219/219 220/220
f 156/156 220/220 157/157
f 157/157 220/220 221/221
f 157/157 221/221 158/158
f 158/158 221/221 222/222
f 158/158 222/222 159/159
f 159/159 222/222 223/223
f 159/159 223/223 160/160
f 160/160 223/223 224/224
f 160/160 224/224 161/161
f 161/161 224/224 225/225
f 161/161 225/225 162/162
f 162/162 225/225 226/226
f 162/162 226/226 163/163
f 163/163 226/226 227/227
f 163/163 227/227 164/164
f 164/164 227/227 228/228
f 164/164 228/228 165/165
f 165/165 228/228 229/229
f 165/165 229/229 166/166
f 166/166 229/229 230/230
f 166/166 230/230 167/167
f 167/167 230/230 231/231
f 167/167 231/231 168/168
f 168/168 231/231 232/232
f 168/168 232/232 169/169
f 169/169 232/232 233/233
f 169/169 233/233 170/170
f 170/170 233/233 234/234
f 170/170 234/234 171/171
f 171/171 234/234 235/235
f 171/171 235/235 172/172
f 172/172 235/235 236/236
f 172/172 236/236 173/173
f 173/173 236/236 237/237
f 173/173 237/237 174/174
f 174/174 237/237 238/238
f 174/174 238/238 175/175
f 175/175 238/238 239/239
f 175/175 239/239 176/176
f 176/176 239/239 240/240
f 176/176 240/240 177/177
f 177/177 240/240 241/241
f 177/177 241/241 178/178
f 178/178 241/241 242/242
f 178/178 242/242 179/179
f 179/179 242/242 243/243
f 179/179 243/243 180/180
f 180/180 243/243 244/244
f 180/180 244/244 181/181
f 181/181 244/244 245/245
f 181/181 245/245 182/182
f 182/182 245/245 246/246
f 182/182 246/246 183/183
f 183/183 246/246 247/247
f 183/183 247/247 184/184
f 184/184 247/247 248/248
f 184/184 248/248 185/185
f 185/185 248/248 249/249
f 185/185 249/249 186/186
f 186/186 249/249 250/250
f 186/186 250/250 187/187
f 187/187 250/250 251/251
f 187/187 251/251 188/188
f 188/188 251/251 252/252
f 188/188 252/252 189/189
f 189/189 252/252 253/253
f 189/189 253/253 190/190
f 190/190 253/253 254/254
f 190/190 254/254 191/191
f 191/191 254/254 255/255
f 191/191 255/255 192/192
f 192/192 255/255 256/256
f 193/193 257/257 194/194
f 194/194 257/257 258/258
f 194/194 258/258 195/195
f 195/195 258/258 259/259
f 195/195 259/259 196/196
f 196/196 259/259 260/260
f 196/196 260/260 197/197
f 197/197 260/260 261/261
f 197/197 261/261 198/198
f 198/198 261/261 262/262
f 198/198 262/262 199/199
f 199/199 262/262 263/263
f 199/199 263/263 200/200
f 200/200 263/263 264/264
f 200/200 264/264 201/201
f 201/201 264/264 265/265
f 201/201 265/265 202/202
f 202/202 265/265 266/266
f 202/202 266/266 203/203
f 203/203 266/266 267/267
f 203/203 267/267 204/204
f 204/204 267/267 268/268
f 204/204 268/268 205/205
f 205/205 268/268 269/269
f 205/205 269/269 206/206
f 206/206 269/269 270/270
f 206/206 270/270 207/207
f 207/207 270/270 271/271
f 207/207 271/271 208/208
f 208/208 271/271 272/272
f 208/208 272/272 209/209
f 209/209 272/272 273/273
f 209/209 273/273 210/210
f 210/210 273/273 274/274
f 210/210 274/274 211/211
f 211/211 274/274 275/275
f 211/211 275/275 212/212
f 212/212 275/275 276/276
f 212/212 276/276 213/213
f 213/213 276/276 277/277
f 213/213 277/277 214/214
f 214/214 277/277 278/278
f 214/214 278/278 215/215
f 215/215 278/278 279/279
f 215/215 279/279 216/216
f 216/216 279/279 280/280
f 216/216 280/280 217/217
f 217/217 280/280 281/281
f 217/217 281/281 218/218
f 218/218 281/281 282/282
f 218/218 282/282 219/219
f 219/219 282/282 283/283
f 219/219 283/283 220/220
f 220/220 283/283 284/284
f 220/220 284/284 221/221
f 221/221 284/284 285/285
f 221/221 285/285 222/222
f 222/222 285/285 286/286
f 222/222 286/286 223/223
f 223/223 286/286 287/287
f 223/223 287/287 224/224
f 224/224 287/287 288/288
f 224/224 288/288 225/225
f 225/225 288/288 289/289
f 225/225 289/289 226/226
f 226/226 289/289 290/290
f 226/226 290/290 227/227
f 227/227 290/290 291/291
f 227/227 291/291 228/228
f 228/228 291/291 292/292
f 228/228 292/292 229/229
f 229/229 292/292 293/293
f 229/229 293/293 230/230
f 230/230 293/293 294/294
f 230/230 294/294 231/231
f 231/231 294/294 295/295
f 231/231 295/295 232/232
f 232/232 295/295 296/296
f 232/232 296/296 233/233
f 233/233 296/296 297/297
f 233/233 297/297 234/234
f 234/234 297/297 298/298
f 234/234 298/298 235/235
f 235/235 298/298 299/299
f 235/235 299/299 236/236
f 236/236 299/299 300/300
f 236/236 300/300 237/237
f 237/237 300/300 301/301
f 237/237 301/301 238/238
f 238/238 301/301 302/302
f 238/238 302/302 239/239
f 239/239 302/302 303/303
f 239/239 303/303 240/240
f 240/240 303/303 304/304
f 240/240 304/304 241/241
f 241/241 304/304 305/305
f 241/241 305/305 242/242
f 242/242 305/305 306/306
f 242/242 306/306 243/243
f 243/243 306/306 307/307
f 243/243 307/307 244/244
f 244/244 307/307 308/308
f 244/244 308/308 245/245
f 245/245 308/308 309/309
f 245/245 309/309 246/246
f 246/246 309/309 310/310
f 246/246 310/310 247/247
f 247/247 310/310 311/311
f 247/247 311/311 248/248
f 248/248 311/311 312/312
f 248/248 312/312 249/249
f 249/249 312/312 313/313
f 249/249 313/313 250/250
f 250/250 313/313 314/314
f 250/250 314/314 251/251
f 251/251 314/314 315/315
f 251/251 315/315 252/252
f 252/252 315/315 316/316
f 252/252 316/316 253/253
f 253/253 316/316 317/317
f 253/253 317/317 254/254
f 254/254 317/317 318/318
f 254/254 318/318 255/255
f 255/255 318/318 319/319
f 255/255 319/319 256/256
f 256/256 319/319 320/320
f 257/257 321/321 258/258
f 258/258 321/321 322/322
f 258/258 322/322 259/259
f 259/259 322/322 323/323
f 259/259 323/323 260/260
f 260/260 323/323 324/324
f 260/260 324/324 261/261
f 261/261 324/324 325/325
f 261/261 325/325 262/262
f 262/262 325/325 326/326
f 262/262 326/326 263/263
f 263/263 326/326 327/327
f 263/263 327/327 264/264
f 264/264 327/327 328/328
f 264/264 328/328 265/265
f 265/265 328/328 329/329
f 265/265 329/329 266/266
f 266/266 329/329 330/330
f 266/266 330/330 267/267
f 267/267 330/330 331/331
f 267/267 331/331 268/268
f 268/268 331/331 332/332
f 268/268 332/332 269/269
f 269/269 332/332 333/333
f 269/269 333/333 270/270
f 270/270 333/333 334/334
f 270/270 334/334 271/271
f 271/271 334/334 335/335
f 271/271 335/335 272/272
f 272/272 335/335 336/336
f 272/272 336/336 273/273
f 273/273 336/336 337/337
f 273/273 337/337 274/274
f 274/274 337/337 338/338
f 274/274 338/338 275/275
f 275/275 338/338 339/339
f 275/275 339/339 276/276
f 276/276 339/339 340/340
f 276/276 340/340 277/277
f 277/277 340/340 341/341
f 277/277 341/341 278/278
f 278/278 341/341 342/342
f 278/278 342/342 279/279
f 279/279 342/342 343/343
f 279/279 343/343 280/280
f 280/280 343/343 344/344
f 280/280 344/344 281/281
f 281/281 344/344 345/345
f 281/281 345/345 282/282
f 282/282 345/345 346/346
f 282/282 346/346 283/283
f 283/283 346/346 347/347
f 283/283 347/347 284/284
f 284/284 347/347 348/348
f 284/284 348/348 285/285
f 285/285 348/348 349/349
f 285/285 349/349 286/286
f 286/286 349/349 350/350
f 286/286 350/350 287/287
f 287/287 350/350 351/351
f 287/287 351/351 288/288
f 288/288 351/351 352/352
f 288/288 352/352 289/289
f 289/289 352/352 353/353
f 289/289 353/353 290/290
f 290/290 353/353 354/354
f 290/290 354/354 291/291
f 291/291 354/354 355/355
f 291/291 355/355 292/292
f 292/292 355/355 356/356
f 292/292 356/356 293/293
f 293/293 356/356 357/357
f 293/293 357/357 294/294
f 294/294 357/357 358/358
f 294/294 358/358 295/295
f 295/295 358/358 359/359
f 295/295 359/359 296/296
f 296/296 359/359 360/360
f 296/296 360/360 297/297
f 297/297 360/360 361/361
f 297/297 361/361 298/298
f 298/298 361/361 362/362
f 298/298 362/362 299/299
f 299/299 362/362 363/363
f 299/299 363/363 300/300
f 300/300 363/363 364/364
f 300/300 364/364 301/301
f 301/301 364/364 365/365
f 301/301 365/365 302/302
f 302/302 365/365 366/366
f 302/302 366/366 303/303
f 303/303 366/366 367/367
f 303/303 367/367 304/304
f 304/304 367/367 368/368
f 304/304 368/368 305/305
f 305/305 368/368 369/369
f 305/305 369/369 306/306
f 306/306 369/369 370/370
f 306/306 370/370 307/307
f 307/307 370/370 371/371
f 307/307 371/371 308/308
f 308/308 371/371 372/372
f 308/308 372/372 309/309
f 309/309 372/372 373/373
f 309/309 373/373 310/310
f 310/310 373/373 374/374
f 310/310 374/374 311/311
f 311/311 374/374 375/375
f 311/311 375/375 312/312
f 312/312 375/375 376/376
f 312/312 376/376 313/313
f 313/313 376/376 377/377
f 313/313 377/377 314/314
f 314/314 377/377 378/378
f 314/314 378/378 315/315
f 315/315 378/378 379/379
f 315/315 379/379 316/316
f 316/316 379/379 380/380
f 316/316 380/380 317/317
f 317/317 380/380 381/381
f 317/317 381/381 318/318
f 318/318 381/381 382/382
f 318/318 382/382 319/319
f 319/319 382/382 383/383
f 319/319 383/383 320/320
f 320/320 383/383 384/384
f 321/321 385/385 322/322
f 322/322 385/385 386/386
f 322/322 386/386 323/323
f 323/323 386/386 387/387
f 323/323 387/387 324/324
f 324/324 387/387 388/388
f 324/324 388/388 325/325
f 325/325 388/388 389/389
f 325/325 389/389 326/326
f 326/326 389/389 390/390
f 326/326 390/390 327/327
f 327/327 390/390 391/391
f 327/327 391/391 328/328
f 328/328 391/391 392/392
f 328/328 392/392 329/329
f 329/329 392/392 393/393
f 329/329 393/393 330/330
f 330/330 393/393 394/394
f 330/330 394/394 331/331
f 331/331 394/394 395/395
f 331/331 395/395 332/332
f 332/332 395/395 396/396
f 332/332 396/396 333/333
f 333/333 396/396 397/397
f 333/333 397/397 334/334
f 334/334 397/397 398/398
f 334/334 398/398 335/335
f 335/335 398/398 399/399
f 335/335 399/399 336/336
f 336/336 399/399 400/400
f 336/336 400/400 337/337
f 337/337 400/400 401/401
f 337/337 401/401 338/338
f 338/338 401/401 402/402
f 338/338 402/402 339/339
f 339/339 402/402 403/403
f 339/339 403/403 340/340
f 340/340 403/403 404/404
f 340/340 404/404 341/341
f 341/341 404/404 405/405
f 341/341 405/405 342/342
f 342/342 405/405 406/406
f 342/342 406/406 343/343
f 343/343 406/406 407/407
f 343/343 407/407 344/344
f 344/344 407/407 408/408
f 344/344 408/408 345/345
f 345/345 408/408 409/409
f 345/345 409/409 346/346
f 346/346 409/409 410/410
f 346/346 410/410 347/347
f 347/347 410/410 411/411
f 347/347 411/411 348/348
f 348/348 411/411 412/412
f 348/348 412/412 349/349
f 349/349 412/412 413/413
f 349/349 413/413 350/350
f 350/350 413/413 414/414
f 350/350 414/414 351/351
f 351/351 414/414 415/415
f 351/351 415/415 352/352
f 352/352 415/415 416/416
f 352/352 416/416 353/353
f 353/353 416/416 417/417
f 353/353 417/417 354/354
f 354/354 417/417 418/418
f 354/354 418/418 355/355
f 355/355 418/418 419/419
f 355/355 419/419 356/356
f 356/356 419/419 420/420
f 356/356 420/420 357/357
f 357/357 420/420 421/421
f 357/357 421/421 358/358
f 358/358 421/421 422/422
f 358/358 422/422 359/359
f 359/359 422/422 423/423
f 359/359 423/423 360/360
f 360/360 423/423 424/424
f 360/360 424/424 361/361
f 361/361 424/424 425/425
f 361/361 425/425 362/362
f 362/362 425/425 426/426
f 362/362 426/426 363/363
f 363/363 426/426 427/427
f 363/363 427/427 364/364
f 364/364 427/427 428/428
f 364/364 428/428 365/365
f 365/365 428/428 429/429
f 365/365 429/429 366/366
f 366/366 429/429 430/430
f 366/366 430/430 367/367
f 367/367 430/430 431/431
f 367/367 431/431 368/368
f 368/368 431/431 432/432
f 368/368 432/432 369/369
f 369/369 432/432 433/433
f 369/369 433/433 370/370
f 370/370 433/433 434/434
f 370/370 434/434 371/371
f 371/371 434/434 435/435
f 371/371 435/435 372/372
f 372/372 435/435 436/436
f 372/372 436/436 373/373
f 373/373 436/436 437/437
f 373/373 437/437 374/374
f 374/374 437/437 438/438
f 374/374 438/438 375/375
f 375/375 438/438 439/439
f 375/375 439/439 376/376
f 376/376 439/439 440/440
f 376/376 440/440 377/377
f 377/377 440/440 441/441
f 377/377 441/441 378/378
f 378/378 441/441 442/442
f 378/378 442/442 379/379
f 379/379 442/442 443/443
f 379/379 443/443 380/380
f 380/380 443/443 444/444
f 380/380 444/444 381/381
f 381/381 444/444 445/445
f 381/381 445/445 382/382
f 382/382 445/445 446/446
f 382/382 446/446 383/383
f 383/383 446/446 447/447
f 383/383 447/447 384/384
f 384/384 447/447 448/448
f 385/385 449/449 386/386
f 386/386 449/449 450/450
f 386/386 450/450 387/387
f 387/387 450/450 451/451
f 387/387 451/451 388/388
f 388/388 451/451 452/452
f 388/388 452/452 389/389
f 389/389 452/452 453/453
f 389/389 453/453 390/390
f 390/390 453/453 454/454
f 390/390 454/454 391/391
f 391/391 454/454 455/455
f 391/391 455/455 392/392
f 392/392 455/455 456/456
f 392/392 456/456 393/393
f 393/393 456/456 457/457
f 393/393 457/457 394/394
f 394/394 457/457 458/458
f 394/394 458/458 395/395
f 395/395 458/458 459/459
f 395/395 459/459 396/396
f 396/396 459/459 460/460
f 396/396 460/460 397/397
f 397/397 460/460 461/461
f 397/397 461/461 398/398
f 398/398 461/461 462/462
f 398/398 462/462 399/399
f 399/399 462/462 463/463
f 399/399 463/463 400/400
f 400/400 463/463 464/464
f 400/400 464/464 401/401
f 401/401 464/464 465/465
f 401/401 465/465 402/402
f 402/402 465/465 466/466
f 402/402 466/466 403/403
f 403/403 466/466 467/467
f 403/403 467/467 404/404
f 404/404 467/467 468/468
f 404/404 468/468 405/405
f 405/405 468/468 469/469
f 405/405 469/469 406/406
f 406/406 469/469 470/470
f 406/406 470/470 407/407
f 407/407 470/470 471/471
f 407/407 471/471 408/408
f 408/408 471/471 472/472
f 408/408 472/472 409/409
f 409/409 472/472 473/473
f 409/409 473/473 410/410
f 410/410 473/473 474/474
f 410/410 474/474 411/411
f 411/411 474/474 475/475
f 411/411 475/475 412/412
f 412/412 475/475 476/476
f 412/412 476/476 413/413
f 413/413 476/476 477/477
f 413/413 477/477 414/414
f 414/414 477/477 478/478
f 414/414 478/478 415/415
f 415/415 478/478 479/479
f 415/415 479/479 416/416
f 416/416 479/479 480/480
f 416/416 480/480 417/417
f 417/417 480/480 481/481
f 417/417 481/481 418/418
f 418/418 481/481 482/482
f 418/418 482/482 419/419
f 419/419 482/482 483/483
f 419/419 483/483 420/420
f 420/420 483/483 484/484
f 420/420 484/484 421/421
f 421/421 484/484 485/485
f 421/421 485/485 422/422
f 422/422 485/485 486/486
f 422/422 486/486 423/423
f 423/423 486/486 487/487
f 423/423 487/487 424/424
f 424/424 487/487 488/488
f 424/424 488/488 425/425
f 425/425 488/488 489/489
f 425/425 489/489 426/426
f 426/426 489/489 490/490
f 426/426 490/490 427/427
f 427/427 490/490 491/491
f 427/427 491/491 428/428
f 428/428 491/491 492/492
f 428/428 492/492 429/429
f 429/429 492/492 493/493
f 429/429 493/493 430/430
f 430/430 493/493 494/494
f 430/430 494/494 431/431
f 431/431 494/494 495/495
f 431/431 495/495 432/432
f 432/432 495/495 496/496
f 432/432 496/496 433/433
f 433/433 496/496 497/497
f 433/433 497/497 434/434
f 434/434 497/497 498/498
f 434/434 498/498 435/435
f 435/435 498/498 499/499
f 435/435 499/499 436/436
f 436/436 499/499 500/500
f 436/436 500/500 437/437
f 437/437 500/500 501/501
f 437/437 501/501 438/438
f 438/438 501/501 502/502
f 438/438 502/502 439/439
f 439/439 502/502 503/503
f 439/439 503/503 440/440
f 440/440 503/503 504/504
f 440/440 504/504 441/441
f 441/441 504/504 505/505
f 441/441 505/505 442/442
f 442/442 505/505 506/506
f 442/442 506/506 443/443
f 443/443 506/506 507/507
f 443/443 507/507 444/444
f 444/444 507/507 508/508
f 444/444 508/508 445/445
f 445/445 508/508 509/509
f 445/445 509/509 446/446
f 446/446 509/509 510/510
f 446/446 510/510 447/447
f 447/447 510/510 511/511
f 447/447 511/511 448/448
f 448/448 511/511 512/512
f 449/449 513/513 450/450
f 450/450 513/513 514/514
f 450/450 514/514 451/451
f 451/451 514/514 515/515
f 451/451 515/515 452/452
f 452/452 515/515 516/516
f 452/452 516/516 453/453
f 453/453 516/516 517/517
f 453/453 517/517 454/454
f 454/454 517/517 518/518
f 454/454 518/518 455/455
f 455/455 518/518 519/519
f 455/455 519/519 456/456
f 456/456 519/519 520/520
f 456/456 520/520 457/457
f 457/457 520/520 521/521
f 457/457 521/521 458/458
f 458/458 521/521 522/522
f 458/458 522/522 459/459
f 459/459 522/522 523/523
f 459/459 523/523 460/460
f 460/460 523/523 524/524
f 460/460 524/524 461/461
f 461/461 524/524 525/525
f 461/461 525/525 462/462
f 462/462 525/525 526/526
f 462/462 526/526 463/463
f 463/463 526/526 527/527
f 463/463 527/527 464/464
f 464/464 527/527 528/528
f 464/464 528/528 465/465
f 465/465 528/528 529/529
f 465/465 529/529 466/466
f 466/466 529/529 530/530
f 466/466 530/530 467/467
f 467/467 530/530 531/531
f 467/467 531/531 468/468
f 468/468 531/531 532/532
f 468/468 532/532 469/469
f 469/469 532/532 533/533
f 469/469 533/533 470/470
f 470/470 533/533 534/534
f 470/470 534/534 471/471
f 471/471 534/534 535/535
f 471/471 535/535 472/472
f 472/472 535/535 536/536
f 472/472 536/536 473/473
f 473/473 536/536 537/537
f 473/473 537/537 474/474
f 474/474 537/537 538/538
f 474/474 538/538 475/475
f 475/475 538/538 539/539
f 475/475 539/539 476/476
f 476/476 539/539 540/540
f 476/476 540/540 477/477
f 477/477 540/540 541/541
f 477/477 541/541 478/478
f 478/478 541/541 542/542
f 478/478 542/542 479/479
f 479/479 542/542 543/543
f 479/479 543/543 480/480
f 480/480 543/543 544/544
f 480/480 544/544 481/481
f 481/481 544/544 545/545
f 481/481 545/545 482/482
f 482/482 545/545 546/546
f 482/482 546/546 483/483
f 483/483 546/546 547/547
f 483/483 547/547 484/484
f 484/484 547/547 548/548
f 484/484 548/548 485/485
f 485/485 548/548 549/549
f 485/485 549/549 486/486
f 486/486 549/549 550/550
f 486/486 550/550 487/487
f 487/487 550/550 551/551
f 487/487 551/551 488/488
f 488/488 551/551 552/552
f 488/488 552/552 489/489
f 489/489 552/552 553/553
f 489/489 553/553 490/490
f 490/490 553/553 554/554
f 490/490 554/554 491/491
f 491/491 554/554 555/555
f 491/491 555/555 492/492
f 492/492 555/555 556/556
f 492/492 556/556 493/493
f 493/493 556/556 557/557
f 493/493 557/557 494/494
f 494/494 557/557 558/558
f 494/494 558/558 495/495
f 495/495 558/558 559/559
f 495/495 559/559 496/496
f 496/496 559/559 560/560
f 496/496 560/560 497/497
f 497/497 560/560 561/561
f 497/497 561/561 498/498
f 498/498 561/561 562/562
f 498/498 562/562 499/499
f 499/499 562/562 563/563
f 499/499 563/563 500/500
f 500/500 563/563 564/564
f 500/500 564/564 501/501
f 501/501 564/564 565/565
f 501/501 565/565 502/502
f 502/502 565/565 566/566
f 502/502 566/566 503/503
f 503/503 566/566 567/567
f 503/503 567/567 504/504
f 504/504 567/567 568/568
f 504/504 568/568 505/505
f 505/505 568/568 569/569
f 505/505 569/569 506/506
f 506/506 569/569 570/570
f 506/506 570/570 507/507
f 507/507 570/570 571/571
f 507/507 571/571 508/508
f 508/508 571/571 572/572
f 508/508 572/572 509/509
f 509/509 572/572 573/573
f 509/509 573/573 510/510
f 510/510 573/573 574/574
f 510/510 574/574 511/511
f 511/511 574/574 575/575
f 511/511 575/575 512/512
f 512/512 575/575 576/576
f 513/513 577/577 514/514
f 514/514 577/577 578/578
f 514/514 578/578 515/515
f 515/515 578/578 579/579
f 515/515 579/579 516/516
f 516/516 579/579 580/580
f 516/516 580/580 517/517
f 517/517 580/580 581/581
f 517/517 581/581 518/518
f 518/518 581/581 582/582
f 518/518 582/582 519/519
f 519/519 582/582 583/583
f 519/519 583/583 520/520
f 520/520 583/583 584/584
f 520/520 584/584 521/521
f 521/521 584/584 585/585
f 521/521 585/585 522/522
f 522/522 585/585 586/586
f 522/522 586/586 523/523
f 523/523 586/586 587/587
f 523/523 587/587 524/524
f 524/524 587/587 588/588
f 524/524 588/588 525/525
f 525/525 588/588 589/589
f 525/525 589/589 526/526
f 526/526 589/589 590/590
f 526/526 590/590 527/527
f 527/527 590/590 591/591
f 527/527 591/591 528/528
f 528/528 591/591 592/592
f 528/528 592/592 529/529
f 529/529 592/592 593/593
f 529/529 593/593 530/530
f 530/530 593/593 594/594
f 530/530 594/594 531/531
f 531/531 594/594 595/595
f 531/531 595/595 532/532
f 532/532 595/595 596/596
f 532/532 596/596 533/533
f 533/533 596/596 597/597
f 533/533 597/597 534/534
f 534/534 597/597 598/598
f 534/534 598/598 535/535
f 535/535 598/598 599/599
f 535/535 599/599 536/536
f 536/536 599/599 600/600
f 536/536 600/600 537/537
f 537/537 600/600 601/601
f 537/537 601/601 538/538
f 538/538 601/601 602/602
f 538/538 602/602 539/539
f 539/539 602/602 603/603
f 539/539 603/603 540/540
f 540/540 603/603 604/604
f 540/540 604/604 541/541
f 541/541 604/604 605/605
f 541/541 605/605 542/542
f 542/542 605/605 606/606
f 542/542 606/606 543/543
f 543/543 606/606 607/607
f 543/543 607/607 544/544
f 544/544 607/607 608/608
f 544/544 608/608 545/545
f 545/545 608/608 609/609
f 545/545 609/609 546/546
f 546/546 609/609 610/610
f 546/546 610/610 547/547
f 547/547 610/610 611/611
f 547/547 611/611 548/548
f 548/548 611/611 612/612
f 548/548 612/612 549/549
f 549/549 612/612 613/613
f 549/549 613/613 550/550
f 550/550 613/613 614/614
f 550/550 614/614 551/551
f 551/551 614/614 615/615
f 551/551 615/615 552/552
f 552/552 615/615 616/616
f 552/552 616/616 553/553
f 553/553 616/616 617/617
f 553/553 617/617 554/554
f 554/554 617/617 618/618
f 554/554 618/618 555/555
f 555/555 618/618 619/619
f 555/555 619/619 556/556
f 556/556 619/619 620/620
f 556/556 620/620 557/557
f 557/557 620/620 621/621
f 557/557 621/621 558/558
f 558/558 621/621 622/622
f 558/558 622/622 559/559
f 559/559 622/622 623/623
f 559/559 623/623 560/560
f 560/560 623/623 624/624
f 560/560 624/624 561/561
f 561/561 624/624 625/625
f 561/561 625/625 562/562
f 562/562 625/625 626/626
f 562/562 626/626 563/563
f 563/563 626/626 627/627
f 563/563 627/627 564/564
f 564/564 627/627 628/628
f 564/564 628/628 565/565
f 565/565 628/628 629/629
f 565/565 629/629 566/566
f 566/566 629/629 630/630
f 566/566 630/630 567/567
f 567/567 630/630 631/631
f 567/567 631/631 568/568
f 568/568 631/631 632/632
f 568/568 632/632 569/569
f 569/569 632/632 633/633
f 569/569 633/633 570/570
f 570/570 633/633 634/634
f 570/570 634/634 571/571
f 571/571 634/634 635/635
f 571/571 635/635 572/572
f 572/572 635/635 636/636
f 572/572 636/636 573/573
f 573/573 636/636 637/637
f 573/573 637/637 574/574
f 574/574 637/637 638/638
f 574/574 638/638 575/575
f 575/575 638/638 639/639
f 575/575 639/639 576/576
f 576/576 639/639 640/640
f 577/577 641/641 578/578
f 578/578 641/641 642/642
f 578/578 642/642 579/579
f 579/579 642/642 643/643
f 579/579 643/643 580/580
f 580/580 643/643 644/644
f 580/580 644/644 581/581
f 581/581 644/644 645/645
f 581/581 645/645 582/582
f 582/582 645/645 646/646
f 582/582 646/646 583/583
f 583/583 646/646 647/647
f 583/583 647/647 584/584
f 584/584 647/647 648/648
f 584/584 648/648 585/585
f 585/585 648/648 649/649
f 585/585 649/649 586/586
f 586/586 649/649 650/650
f 586/586 650/650 587/587
f 587/587 650/650 651/651
f 587/587 651/651 588/588
f 588/588 651/651 652/652
f 588/588 652/652 589/589
f 589/589 652/652 653/653
f 589/589 653/653 590/590
f 590/590 653/653 654/654
f 590/590 654/654 591/591
f 591/591 654/654 655/655
f 591/591 655/655 592/592
f 592/592 655/655 656/656
f 592/592 656/656 593/593
f 593/593 656/656 657/657
f 593/593 657/657 594/594
f 594/594 657/657 658/658
f 594/594 658/658 595/595
f 595/595 658/658 659/659
f 595/595 659/659 596/596
f 596/596 659/659 660/660
f 596/596 660/660 597/597
f 597/597 660/660 661/661
f 597/597 661/661 598/598
f 598/598 661/661 662/662
f 598/598 662/662 599/599
f 599/599 662/662 663/663
f 599/599 663/663 600/600
f 600/600 663/663 664/664
f 600/600 664/664 601/601
f 601/601 664/664 665/665
f 601/601 665/665 602/602
f 602/602 665/665 666/666
f 602/602 666/666 603/603
f 603/603 666/666 667/667
f 603/603 667/667 604/604
f 604/604 667/667 668/668
f 604/604 668/668 605/605
f 605/605 668/668 669/669
f 605/605 669/669 606/606
f 606/606 669/669 670/670
f 606/606 670/670 607/607
f 607/607 670/670 671/671
f 607/607 671/671 608/608
f 608/608 671/671 672/672
f 608/608 672/672 609/609
f 609/609 672/672 673/673
f 609/609 673/673 610/610
f 610/610 673/673 674/674
f 610/610 674/674 611/611
f 611/611 674/674 675/675
f 611/611 675/675 612/612
f 612/612 675/675 676/676
f 612/612 676/676 613/613
f 613/613 676/676 677/677
f 613/613 677/677 614/614
f 614/614 677/677 678/678
f 614/614 678/678 615/615
f 615/615 678/678 679/679
f 615/615 679/679 616/616
f 616/616 679/679 680/680
f 616/616 680/680 617/617
f 617/617 680/680 681/681
f 617/617 681/681 618/618
f 618/618 681/681 682/682
f 618/618 682/682 619/619
f 619/619 682/682 683/683
f 619/619 683/683 620/620
f 620/620 683/683 684/684
f 620/620 684/684 621/621
f 621/621 684/684 685/685
f 621/621 685/685 622/622
f 622/622 685/685 686/686
f 622/622 686/686 623/623
f 623/623 686/686 687/687
f 623/623 687/687 624/624
f 624/624 687/687 688/688
f 624/624 688/688 625/625
f 625/625 688/688 689/689
f 625/625 689/689 626/626
f 626/626 689/689 690/690
f 626/626 690/690 627/627
f 627/627 690/690 691/691
f 627/627 691/691 628/628
f 628/628 691/691 692/692
f 628/628 692/692 629/629
f 629/629 692/692 693/693
f 629/629 693/693 630/630
f 630/630 693/693 694/694
f 630/630 694/694 631/631
f 631/631 694/694 695/695
f 631/631 695/695 632/632
f 632/632 695/695 696/696
f 632/632 696/696 633/633
f 633/633 696/696 697/697
f 633/633 697/697 634/634
f 634/634 697/697 698/698
f 634/634 698/698 635/635
f 635/635 698/698 699/699
f 635/635 699/699 636/636
f 636/636 699/699 700/700
f 636/636 700/700 637/637
f 637/637 700/700 701/701
f 637/637 701/701 638/638
f 638/638 701/701 702/702
f 638/638 702/702 639/639
f 639/639 702/702 703/703
f 639/639 703/703 640/640
f 640/640 703/703 704/704
f 641/641 705/705 642/642
f 642/642 705/705 706/706
f 642/642 706/706 643/643
f 643/643 706/706 707/707
f 643/643 707/707 644/644
f 644/644 707/707 708/708
f 644/644 708/708 645/645
f 645/645 708/708 709/709
f 645/645 709/709 646/646
f 646/646 709/709 710/710
f 646/646 710/710 647/647
f 647/647 710/710 711/711
f 647/647 711/711 648/648
f 648/648 711/711 712/712
f 648/648 712/712 649/649
f 649/649 712/712 713/713
f 649/649 713/713 650/650
f 650/650 713/713 714/714
f 650/650 714/714 651/651
f 651/651 714/714 715/715
f 651/651 715/715 652/652
f 652/652 715/715 716/716
f 652/652 716/716 653/653
f 653/653 716/716 717/717
f 653/653 717/717 654/654
f 654/654 717/717 718/718
f 654/654 718/718 655/655
f 655/655 718/718 719/719
f 655/655 719/719 656/656
f 656/656 719/719 720/720
f 656/656 720/720 657/657
f 657/657 720/720 721/721
f 657/657 721/721 658/658
f 658/658 721/721 722/722
f 658/658 722/722 659/659
f 659/659 722/722 723/723
f 659/659 723/723 660/660
f 660/660 723/723 724/724
f 660/660 724/724 661/661
f 661/661 724/724 725/725
f 661/661 725/725 662/662
f 662/662 725/725 726/726
f 662/662 726/726 663/663
f 663/663 726/726 727/727
f 663/663 727/727 664/664
f 664/664 727/727 728/728
f 664/664 728/728 665/665
f 665/665 728/728 729/729
f 665/665 729/729 666/666
f 666/666 729/729 730/730
f 666/666 730/730 667/667
f 667/667 730/730 731/731
f 667/667 731/731 668/668
f 668/668 731/731 732/732
f 668/668 732/732 669/669
f 669/669 732/732 733/733
f 669/669 733/733 670/670
f 670/670 733/733 734/734
f 670/670 734/734 671/671
f 671/671 734/734 735/735
f 671/671 735/735 672/672
f 672/672 735/735 736/736
f 672/672 736/736 673/673
f 673/673 736/736 737/737
f 673/673 737/737 674/674
f 674/674 737/737 738/738
f 674/674 738/738 675/675
f 675/675 738/738 739/739
f 675/675 739/739 676/676
f 676/676 739/739 740/740
f 676/676 740/740 677/677
f 677/677 740/740 741/741
f 677/677 741/741 678/678
f 678/678 741/741 742/742
f 678/678 742/742 679/679
f 679/679 742/742 743/743
f 679/679 743/743 680/680
f 680/680 743/743 744/744
f 680/680 744/744 681/681
f 681/681 744/744 745/745
f 681/681 745/745 682/682
f 682/682 745/745 746/746
f 682/682 746/746 683/683
f 683/683 746/746 747/747
f 683/683 747/747 684/684
f 684/684 747/747 748/748
f 684/684 748/748 685/685
f 685/685 748/748 749/749
f 685/685 749/749 686/686
f 686/686 749/749 750/750
f 686/686 750/750 687/687
f 687/687 750/750 751/751
f 687/687 751/751 688/688
f 688/688 751/751 752/752
f 688/688 752/752 689/689
f 689/689 752/752 753/753
f 689/689 753/753 690/690
f 690/690 753/753 754/754
f 690/690 754/754 691/691
f 691/691 754/754 755/755
f 691/691 755/755 692/692
f 692/692 755/755 756/756
f 692/692 756/756 693/693
f 693/693 756/756 757/757
f 693/693 757/757 694/694
f 694/694 757/757 758/758
f 694/694 758/758 695/695
f 695/695 758/758 759/759
f 695/695 759/759 696/696
f 696/696 759/759 760/760
f 696/696 760/760 697/697
f 697/697 760/760 761/761
f 697/697 761/761 698/698
f 698/698 761/761 762/762
f 698/698 762/762 699/699
f 699/699 762/762 763/763
f 699/699 763/763 700/700
f 700/700 763/763 764/764
f 700/700 764/764 701/701
f 701/701 764/764 765/765
f 701/701 765/765 702/702
f 702/702 765/765 766/766
f 702/702 766/766 703/703
f 703/703 766/766 767/767
f 703/703 767/767 704/704
f 704/704 767/767 768/768
f 705/705 769/769 706/706
f 706/706 769/769 770/770
f 706/706 770/770 707/707
f 707/707 770/770 771/771
f 707/707 771/771 708/708
f 708/708 771/771 772/772
f 708/708 772/772 709/709
f 709/709 772/772 773/773
f 709/709 773/773 710/710
f 710/710 773/773 774/774
f 710/710 774/774 711/711
f 711/711 774/774 775/775
f 711/711 775/775 712/712
f 712/712 775/775 776/776
f 712/712 776/776 713/713
f 713/713 776/776 777/777
f 713/713 777/777 714/714
f 714/714 777/777 778/778
f 714/714 778/778 715/715
f 715/715 778/778 779/779
f 715/715 779/779 716/716
f 716/716 779/779 780/780
f 716/716 780/780 717/717
f 717/717 780/780 781/781
f 717/717 781/781 718/718
f 718/718 781/781 782/782
f 718/718 782/782 719/719
f 719/719 782/782 783/783
f 719/719 783/783 720/720
f 720/720 783/783 784/784
f 720/720 784/784 721/721
f 721/721 784/784 785/785
f 721/721 785/785 722/722
f 722/722 785/785 786/786
f 722/722 786/786 723/723
f 723/723 786/786 787/787
f 723/723 787/787 724/724
f 724/724 787/787 788/788
f 724/724 788/788 725/725
f 725/725 788/788 789/789
f 725/725 789/789 726/726
f 726/726 789/789 790/790
f 726/726 790/790 727/727
f 727/727 790/790 791/791
f 727/727 791/791 728/728
f 728/728 791/791 792/792
f 728/728 792/792 729/729
f 729/729 792/792 793/793
f 729/729 793/793 730/730
f 730/730 793/793 794/794
f 730/730 794/794 731/731
f 731/731 794/794 795/795
f 731/731 795/795 732/732
f 732/732 795/795 796/796
f 732/732 796/796 733/733
f 733/733 796/796 797/797
f 733/733 797/797 734/734
f 734/734 797/797 798/798
f 734/734 798/798 735/735
f 735/735 798/798 799/799
f 735/735 799/799 736/736
f 736/736 799/799 800/800
f 736/736 800/800 737/737
f 737/737 800/800 801/801
f 737/737 801/801 738/738
f 738/738 801/801 802/802
f 738/738 802/802 739/739
f 739/739 802/802 803/803
f 739/739 803/803 740/740
f 740/740 803/803 804/804
f 740/740 804/804 741/741
f 741/741 804/804 805/805
f 741/741 805/805 742/742
f 742/742 805/805 806/806
f 742/742 806/806 743/743
f 743/743 806/806 807/807
f 743/743 807/807 744/744
f 744/744 807/807 808/808
f 744/744 808/808 745/745
f 745/745 808/808 809/809
f 745/745 809/809 746/746
f 746/746 809/809 810/810
f 746/746 810/810 747/747
f 747/747 810/810 811/811
f 747/747 811/811 748/748
f 748/748 811/811 812/812
f 748/748 812/812 749/749
f 749/749 812/812 813/813
f 749/749 813/813 750/750
f 750/750 813/813 814/814
f 750/750 814/814 751/751
f 751/751 814/814 815/815
f 751/751 815/815 752/752
f 752/752 815/815 816/816
f 752/752 816/816 753/753
f 753/753 816/816 817/817
f 753/753 817/817 754/754
f 754/754 817/817 818/818
f 754/754 818/818 755/755
f 755/755 818/818 819/819
f 755/755 819/819 756/756
f 756/756 819/819 820/820
f 756/756 820/820 757/757
f 757/757 820/820 821/821
f 757/757 821/821 758/758
f 758/758 821/821 822/822
f 758/758 822/822 759/759
f 759/759 822/822 823/823
f 759/759 823/823 760/760
f 760/760 823/823 824/824
f 760/760 824/824 761/761
f 761/761 824/824 825/825
f 761/761 825/825 762/762
f 762/762 825/825 826/826
f 762/762 826/826 763/763
f 763/763 826/826 827/827
f 763/763 827/827 764/764
f 764/764 827/827 828/828
f 764/764 828/828 765/765
f 765/765 828/828 829/829
f 765/765 829/829 766/766
f 766/766 829/829 830/830
f 766/766 830/830 767/767
f 767/767 830/830 831/831
f 767/767 831/831 768/768
f 768/768 831/831 832/832
f 769/769 833/833 770/770
f 770/770 833/833 834/834
f 770/770 834/834 771/771
f 771/771 834/834 835/835
f 771/771 835/835 772/772
f 772/772 835/835 836/836
f 772/772 836/836 773/773
f 773/773 836/836 837/837
f 773/773 837/837 774/774
f 774/774 837/837 838/838
f 774/774 838/838 775/775
f 775/775 838/838 839/839
f 775/775 839/839 776/776
f 776/776 839/839 840/840
f 776/776 840/840 777/777
f 777/777 840/840 841/841
f 777/777 841/841 778/778
f 778/778 841/841 842/842
f 778/778 842/842 779/779
f 779/779 842/842 843/843
f 779/779 843/843 780/780
f 780/780 843/843 844/844
f 780/780 844/844 781/781
f 781/781 844/844 845/845
f 781/781 845/845 782/782
f 782/782 845/845 846/846
f 782/782 846/846 783/783
f 783/783 846/846 847/847
f 783/783 847/847 784/784
f 784/784 847/847 848/848
f 784/784 848/848 785/785
f 785/785 848/848 849/849
f 785/785 849/849 786/786
f 786/786 849/849 850/850
f 786/786 850/850 787/787
f 787/787 850/850 851/851
f 787/787 851/851 788/788
f 788/788 851/851 852/852
f 788/788 852/852 789/789
f 789/789 852/852 853/853
f 789/789 853/853 790/790
f 790/790 853/853 854/854
f 790/790 854/854 791/791
f 791/791 854/854 855/855
f 791/791 855/855 792/792
f 792/792 855/855 856/856
f 792/792 856/856 793/793
f 793/793 856/856 857/857
f 793/793 857/857 794/794
f 794/794 857/857 858/858
f 794/794 858/858 795/795
f 795/795 858/858 859/859
f 795/795 859/859 796/796
f 796/796 859/859 860/860
f 796/796 860/860 797/797
f 797/797 860/860 861/861
f 797/797 861/861 798/798
f 798/798 861/861 862/862
f 798/798 862/862 799/799
f 799/799 862/862 863/863
f 799/799 863/863 800/800
f 800/800 863/863 864/864
f 800/800 864/864 801/801
f 801/801 864/864 865/865
f 801/801 865/865 802/802
f 802/802 865/865 866/866
f 802/802 866/866 803/803
f 803/803 866/866 867/867
f 803/803 867/867 804/804
f 804/804 867/867 868/868
f 804/804 868/868 805/805
f 805/805 868/868 869/869
f 805/805 869/869 806/806
f 806/806 869/869 870/870
f 806/806 870/870 807/807
f 807/807 870/870 871/871
f 807/807 871/871 808/808
f 808/808 871/871 872/872
f 808/808 872/872 809/809
f 809/809 872/872 873/873
f 809/809 873/873 810/810
f 810/810 873/873 874/874
f 810/810 874/874 811/811
f 811/811 874/874 875/875
f 811/811 875/875 812/812
f 812/812 875/875 876/876
f 812/812 876/876 813/813
f 813/813 876/876 877/877
f 813/813 877/877 814/814
f 814/814 877/877 878/878
f 814/814 878/878 815/815
f 815/815 878/878 879/879
f 815/815 879/879 816/816
f 816/816 879/879 880/880
f 816/816 880/880 817/817
f 817/817 880/880 881/881
f 817/817 881/881 818/818
f 818/818 881/881 882/882
f 818/818 882/882 819/819
f 819/819 882/882 883/883
f 819/819 883/883 820/820
f 820/820 883/883 884/884
f 820/820 884/884 821/821
f 821/821 884/884 885/885
f 821/821 885/885 822/822
f 822/822 885/885 886/886
f 822/822 886/886 823/823
f 823/823 886/886 887/887
f 823/823 887/887 824/824
f 824/824 887/887 888/888
f 824/824 888/888 825/825
f 825/825 888/888 889/889
f 825/825 889/889 826/826
f 826/826 889/889 890/890
f 826/826 890/890 827/827
f 827/827 890/890 891/891
f 827/827 891/891 828/828
f 828/828 891/891 892/892
f 828/828 892/892 829/829
f 829/829 892/892 893/893
f 829/829 893/893 830/830
f 830/830 893/893 894/894
f 830/830 894/894 831/831
f 831/831 894/894 895/895
f 831/831 895/895 832/832
f 832/832 895/895 896/896
f 833/833 897/897 834/834
f 834/834 897/897 898/898
f 834/834 898/898 835/835
f 835/835 898/898 899/899
f 835/835 899/899 836/836
f 836/836 899/899 900/900
f 836/836 900/900 837/837
f 837/837 900/900 901/901
f 837/837 901/901 838/838
f 838/838 901/901 902/902
f 838/838 902/902 839/839
f 839/839 902/902 903/903
f 839/839 903/903 840/840
f 840/840 903/903 904/904
f 840/840 904/904 841/841
f 841/841 904/904 905/905
f 841/841 905/905 842/842
f 842/842 905/905 906/906
f 842/842 906/906 843/843
f 843/843 906/906 907/907
f 843/843 907/907 844/844
f 844/844 907/907 908/908
f 844/844 908/908 845/845
f 845/845 908/908 909/909
f 845/845 909/909 846/846
f 846/846 909/909 910/910
f 846/846 910/910 847/847
f 847/847 910/910 911/911
f 847/847 911/911 848/848
f 848/848 911/911 912/912
f 848/848 912/912 849/849
f 849/849 912/912 913/913
f 849/849 913/913 850/850
f 850/850 913/913 914/914
f 850/850 914/914 851/851
f 851/851 914/914 915/915
f 851/851 915/915 852/852
f 852/852 915/915 916/916
f 852/852 916/916 853/853
f 853/853 916/916 917/917
f 853/853 917/917 854/854
f 854/854 917/917 918/918
f 854/854 918/918 855/855
f 855/855 918/918 919/919
f 855/855 919/919 856/856
f 856/856 919/919 920/920
f 856/856 920/920 857/857
f 857/857 920/920 921/921
f 857/857 921/921 858/858
f 858/858 921/921 922/922
f 858/858 922/922 859/859
f 859/859 922/922 923/923
f 859/859 923/923 860/860
f 860/860 923/923 924/924
f 860/860 924/924 861/861
f 861/861 924/924 925/925
f 861/861 925/925 862/862
f 862/862 925/925 926/926
f 862/862 926/926 863/863
f 863/863 926/926 927/927
f 863/863 927/927 864/864
f 864/864 927/927 928/928
f 864/864 928/928 865/865
f 865/865 928/928 929/929
f 865/865 929/929 866/866
f 866/866 929/929 930/930
f 866/866 930/930 867/867
f 867/867 930/930 931/931
f 867/867 931/931 868/868
f 868/868 931/931 932/932
f 868/868 932/932 869/869
f 869/869 932/932 933/933
f 869/869 933/933 870/870
f 870/870 933/933 934/934
f 870/870 934/934 871/871
f 871/871 934/934 935/935
f 871/871 935/935 872/872
f 872/872 935/935 936/936
f 872/872 936/936 873/873
f 873/873 936/936 937/937
f 873/873 937/937 874/874
f 874/874 937/937 938/938
f 874/874 938/938 875/875
f 875/875 938/938 939/939
f 875/875 939/939 876/876
f 876/876 939/939 940/940
f 876/876 940/940 877/877
f 877/877 940/940 941/941
f 877/877 941/941 878/878
f 878/878 941/941 942/942
f 878/878 942/942 879/879
f 879/879 942/942 943/943
f 879/879 943/943 880/880
f 880/880 943/943 944/944
f 880/880 944/944 881/881
f 881/881 944/944 945/945
f 881/881 945/945 882/882
f 882/882 945/945 946/946
f 882/882 946/946 883/883
f 883/883 946/946 947/947
f 883/883 947/947 884/884
f 884/884 947/947 948/948
f 884/884 948/948 885/885
f 885/885 948/948 949/949
f 885/885 949/949 886/886
f 886/886 949/949 950/950
f 886/886 950/950 887/887
f 887/887 950/950 951/951
f 887/887 951/951 888/888
f 888/888 951/951 952/952
f 888/888 952/952 889/889
f 889/889 952/952 953/953
f 889/889 953/953 890/890
f 890/890 953/953 954/954
f 890/890 954/954 891/891
f 891/891 954/954 955/955
f 891/891 955/955 892/892
f 892/892 955/955 956/956
f 892/892 956/956 893/893
f 893/893 956/956 957/957
f 893/893 957/957 894/894
f 894/894 957/957 958/958
f 894/894 958/958 895/895
f 895/895 958/958 959/959
f 895/895 959/959 896/896
f 896/896 959/959 960/960
f 897/897 961/961 898/898
f 898/898 961/961 962/962
f 898/898 962/962 899/899
f 899/899 962/962 963/963
f 899/899 963/963 900/900
f 900/900 963/963 964/964
f 900/900 964/964 901/901
f 901/901 964/964 965/965
f 901/901 965/965 902/902
f 902/902 965/965 966/966
f 902/902 966/966 903/903
f 903/903 966/966 967/967
f 903/903 967/967 904/904
f 904/904 967/967 968/968
f 904/904 968/968 905/905
f 905/905 968/968 969/969
f 905/905 969/969 906/906
f 906/906 969/969 970/970
f 906/906 970/970 907/907
f 907/907 970/970 971/971
f 907/907 971/971 908/908
f 908/908 971/971 972/972
f 908/908 972/972 909/909
f 909/909 972/972 973/973
f 909/909 973/973 910/910
f 910/910 973/973 974/974
f 910/910 974/974 911/911
f 911/911 974/974 975/975
f 911/911 975/975 912/912
f 912/912 975/975 976/976
f 912/912 976/976 913/913
f 913/913 976/976 977/977
f 913/913 977/977 914/914
f 914/914 977/977 978/978
f 914/914 978/978 915/915
f 915/915 978/978 979/979
f 915/915 979/979 916/916
f 916/916 979/979 980/980
f 916/916 980/980 917/917
f 917/917 980/980 981/981
f 917/917 981/981 918/918
f 918/918 981/981 982/982
f 918/918 982/982 919/919
f 919/919 982/982 983/983
f 919/919 983/983 920/920
f 920/920 983/983 984/984
f 920/920 984/984 921/921
f 921/921 984/984 985/985
f 921/921 985/985 922/922
f 922/922 985/985 986/986
f 922/922 986/986 923/923
f 923/923 986/986 987/987
f 923/923 987/987 924/924
f 924/924 987/987 988/988
f 924/924 988/988 925/925
f 925/925 988/988 989/989
f 925/925 989/989 926/926
f 926/926 989/989 990/990
f 926/926 990/990 927/927
f 927/927 990/990 991/991
f 927/927 991/991 928/928
f 928/928 991/991 992/992
f 928/928 992/992 929/929
f 929/929 992/992 993/993
f 929/929 993/993 930/930
f 930/930 993/993 994/994
f 930/930 994/994 931/931
f 931/931 994/994 995/995
f 931/931 995/995 932/932
f 932/932 995/995 996/996
f 932/932 996/996 933/933
f 933/933 996/996 997/997
f 933/933 997/997 934/934
f 934/934 997/997 998/998
f 934/934 998/998 935/935
f 935/935 998/998 999/999
f 935/935 999/999 936/936
f 936/936 999/999 1000/1000
f 936/936 1000/1000 937/937
f 937/937 1000/1000 1001/1001
f 937/937 1001/1001 938/938
f 938/938 1001/1001 1002/1002
f 938/938 1002/1002 939/939
f 939/939 1002/1002 1003/1003
f 939/939 1003/1003 940/940
f 940/940 1003/1003 1004/1004
f 940/940 1004/1004 941/941
f 941/941 1004/1004 1005/1005
f 941/941 1005/1005 942/942
f 942/942 1005/1005 1006/1006
f 942/942 1006/1006 943/943
f 943/943 1006/1006 1007/1007
f 943/943 1007/1007 944/944
f 944/944 1007/1007 1008/1008
f 944/944 1008/1008 945/945
f 945/945 1008/1008 1009/1009
f 945/945 1009/1009 946/946
f 946/946 1009/1009 1010/1010
f 946/946 1010/1010 947/947
f 947/947 1010/1010 1011/1011
f 947/947 1011/1011 948/948
f 948/948 1011/1011 1012/1012
f 948/948 1012/1012 949/949
f 949/949 1012/1012 1013/1013
f 949/949 1013/1013 950/950
f 950/950 1013/1013 1014/1014
f 950/950 1014/1014 951/951
f 951/951 1014/1014 1015/1015
f 951/951 1015/1015 952/952
f 952/952 1015/1015 1016/1016
f 952/952 1016/1016 953/953
f 953/953 1016/1016 1017/1017
f 953/953 1017/1017 954/954
f 954/954 1017/1017 1018/1018
f 954/954 1018/1018 955/955
f 955/955 1018/1018 1019/1019
f 955/955 1019/1019 956/956
f 956/956 1019/1019 1020/1020
f 956/956 1020/1020 957/957
f 957/957 1020/1020 1021/1021
f 957/957 1021/1021 958/958
f 958/958 1021/1021 1022/1022
f 958/958 1022/1022 959/959
f 959/959 1022/1022 1023/1023
f 959/959 1023/1023 960/960
f 960/960 1023/1023 1024/1024
f 961/961 1025/1025 962/962
f 962/962 1025/1025 1026/1026
f 962/962 1026/1026 963/963
f 963/963 1026/1026 1027/1027
f 963/963 1027/1027 964/964
f 964/964 1027/1027 1028/1028
f 964/964 1028/1028 965/965
f 965/965 1028/1028 1029/1029
f 965/965 1029/1029 966/966
f 966/966 1029/1029 1030/1030
f 966/966 1030/1030 967/967
f 967/967 1030/1030 1031/1031
f 967/967 1031/1031 968/968
f 968/968 1031/1031 1032/1032
f 968/968 1032/1032 969/969
f 969/969 1032/1032 1033/1033
f 969/969 1033/1033 970/970
f 970/970 1033/1033 1034/1034
f 970/970 1034/1034 971/971
f 971/971 1034/1034 1035/1035
f 971/971 1035/1035 972/972
f 972/972 1035/1035 1036/1036
f 972/972 1036/1036 973/973
f 973/973 1036/1036 1037/1037
f 973/973 1037/1037 974/974
f 974/974 1037/1037 1038/1038
f 974/974 1038/1038 975/975
f 975/975 1038/1038 1039/1039
f 975/975 1039/1039 976/976
f 976/976 1039/1039 1040/1040
f 976/976 1040/1040 977/977
f 977/977 1040/1040 1041/1041
f 977/977 1041/1041 978/978
f 978/978 1041/1041 1042/1042
f 978/978 1042/1042 979/979
f 979/979 1042/1042 1043/1043
f 979/979 1043/1043 980/980
f 980/980 1043/1043 1044/1044
f 980/980 1044/1044 981/981
f 981/981 1044/1044 1045/1045
f 981/981 1045/1045 982/982
f 982/982 1045/1045 1046/1046
f 982/982 1046/1046 983/983
f 983/983 1046/1046 1047/1047
f 983/983 1047/1047 984/984
f 984/984 1047/1047 1048/1048
f 984/984 1048/1048 985/985
f 985/985 1048/1048 1049/1049
f 985/985 1049/1049 986/986
f 986/986 1049/1049 1050/1050
f 986/986 1050/1050 987/987
f 987/987 1050/1050 1051/1051
f 987/987 1051/1051 988/988
f 988/988 1051/1051 1052/1052
f 988/988 1052/1052 989/989
f 989/989 1052/1052 1053/1053
f 989/989 1053/1053 990/990
f 990/990 1053/1053 1054/1054
f 990/990 1054/1054 991/991
f 991/991 1054/1054 1055/1055
f 991/991 1055/1055 992/992
f 992/992 1055/1055 1056/1056
f 992/992 1056/1056 993/993
f 993/993 1056/1056 1057/1057
f 993/993 1057/1057 994/994
f 994/994 1057/1057 1058/1058
f 994/994 1058/1058 995/995
f 995/995 1058/1058 1059/1059
f 995/995 1059/1059 996/996
f 996/996 1059/1059 1060/1060
f 996/996 1060/1060 997/997
f 997/997 1060/1060 1061/1061
f 997/997 1061/1061 998/998
f 998/998 1061/1061 1062/1062
f 998/998 1062/1062 999/999
f 999/999 1062/1062 1063/1063
f 999/999 1063/1063 1000/1000
f 1000/1000 1063/1063 1064/1064
f 1000/1000 1064/1064 1001/1001
f 1001/1001 1064/1064 1065/1065
f 1001/1001 1065/1065 1002/1002
f 1002/1002 1065/1065 1066/1066
f 1002/1002 1066/1066 1003/1003
f 1003/1003 1066/1066 1067/1067
f 1003/1003 1067/1067 1004/1004
f 1004/1004 1067/1067 1068/1068
f 1004/1004 1068/1068 1005/1005
f 1005/1005 1068/1068 1069/1069
f 1005/1005 1069/1069 1006/1006
f 1006/1006 1069/1069 1070/1070
f 1006/1006 1070/1070 1007/1007
f 1007/1007 1070/1070 1071/1071
f 1007/1007 1071/1071 1008/1008
f 1008/1008 1071/1071 1072/1072
f 1008/1008 1072/1072 1009/1009
f 1009/1009 1072/1072 1073/1073
f 1009/1009 1073/1073 1010/1010
f 1010/1010 1073/1073 1074/1074
f 1010/1010 1074/1074 1011/1011
f 1011/1011 1074/1074 1075/1075
f 1011/1011 1075/1075 1012/1012
f 1012/1012 1075/1075 1076/1076
f 1012/1012 1076/1076 1013/1013
f 1013/1013 1076/1076 1077/1077
f 1013/1013 1077/1077 1014/1014
f 1014/1014 1077/1077 1078/1078
f 1014/1014 1078/1078 1015/1015
f 1015/1015 1078/1078 1079/1079
f 1015/1015 1079/1079 1016/1016
f 1016/1016 1079/1079 1080/1080
f 1016/1016 1080/1080 1017/1017
f 1017/1017 1080/1080 1081/1081
f 1017/1017 1081/1081 1018/1018
f 1018/1018 1081/1081 1082/1082
f 1018/1018 1082/1082 1019/1019
f 1019/1019 1082/1082 1083/1083
f 1019/1019 1083/1083 1020/1020
f 1020/1020 1083/1083 1084/1084
f 1020/1020 1084/1084 1021/1021
f 1021/1021 1084/1084 1085/1085
f 1021/1021 1085/1085 1022/1022
f 1022/1022 1085/1085 1086/1086
f 1022/1022 1086/1086 1023/1023
f 1023/1023 1086/1086 1087/1087
f 1023/1023 1087/1087 1024/1024
f 1024/1024 1087/1087 1088/1088
f 1025/1025 1089/1089 1026/1026
f 1026/1026 1089/1089 1090/1090
f 1026/1026 1090/1090 1027/1027
f 1027/1027 1090/1090 1091/1091
f 1027/1027 1091/1091 1028/1028
f 1028/1028 1091/1091 1092/1092
f 1028/1028 1092/1092 1029/1029
f 1029/1029 1092/1092 1093/1093
f 1029/1029 1093/1093 1030/1030
f 1030/1030 1093/1093 1094/1094
f 1030/1030 1094/1094 1031/1031
f 1031/1031 1094/1094 1095/1095
f 1031/1031 1095/1095 1032/1032
f 1032/1032 1095/1095 1096/1096
f 1032/1032 1096/1096 1033/1033
f 1033/1033 1096/1096 1097/1097
f 1033/1033 1097/1097 1034/1034
f 1034/1034 1097/1097 1098/1098
f 1034/1034 1098/1098 1035/1035
f 1035/1035 1098/1098 1099/1099
f 1035/1035 1099/1099 1036/1036
f 1036/1036 1099/1099 1100/1100
f 1036/1036 1100/1100 1037/1037
f 1037/1037 1100/1100 1101/1101
f 1037/1037 1101/1101 1038/1038
f 1038/1038 1101/1101 1102/1102
f 1038/1038 1102/1102 1039/1039
f 1039/1039 1102/1102 1103/1103
f 1039/1039 1103/1103 1040/1040
f 1040/1040 1103/1103 1104/1104
f 1040/1040 1104/1104 1041/1041
f 1041/1041 1104/1104 1105/1105
f 1041/1041 1105/1105 1042/1042
f 1042/1042 1105/1105 1106/1106
f 1042/1042 1106/1106 1043/1043
f 1043/1043 1106/1106 1107/1107
f 1043/1043 1107/1107 1044/1044
f 1044/1044 1107/1107 1108/1108
f 1044/1044 1108/1108 1045/1045
f 1045/1045 1108/1108 1109/1109
f 1045/1045 1109/1109 1046/1046
f 1046/1046 1109/1109 1110/1110
f 1046/1046 1110/1110 1047/1047
f 1047/1047 1110/1110 1111/1111
f 1047/1047 1111/1111 1048/1048
f 1048/1048 1111/1111 1112/1112
f 1048/1048 1112/1112 1049/1049
f 1049/1049 1112/1112 1113/1113
f 1049/1049 1113/1113 1050/1050
f 1050/1050 1113/1113 1114/1114
f 1050/1050 1114/1114 1051/1051
f 1051/1051 1114/1114 1115/1115
f 1051/1051 1115/1115 1052/1052
f 1052/1052 1115/1115 1116/1116
f 1052/1052 1116/1116 1053/1053
f 1053/1053 1116/1116 1117/1117
f 1053/1053 1117/1117 1054/1054
f 1054/1054 1117/1117 1118/1118
f 1054/1054 1118/1118 1055/1055
f 1055/1055 1118/1118 1119/1119
f 1055/1055 1119/1119 1056/1056
f 1056/1056 1119/1119 1120/1120
f 1056/1056 1120/1120 1057/1057
f 1057/1057 1120/1120 1121/1121
f 1057/1057 1121/1121 1058/1058
f 1058/1058 1121/1121 1122/1122
f 1058/1058 1122/1122 1059/1059
f 1059/1059 1122/1122 1123/1123
f 1059/1059 1123/1123 1060/1060
f 1060/1060 1123/1123 1124/1124
f 1060/1060 1124/1124 1061/1061
f 1061/1061 1124/1124 1125/1125
f 1061/1061 1125/1125 1062/1062
f 1062/1062 1125/1125 1126/1126
f 1062/1062 1126/1126 1063/1063
f 1063/1063 1126/1126 1127/1127
f 1063/1063 1127/1127 1064/1064
f 1064/1064 1127/1127 1128/1128
f 1064/1064 1128/1128 1065/1065
f 1065/1065 1128/1128 1129/1129
f 1065/1065 1129/1129 1066/1066
f 1066/1066 1129/1129 1130/1130
f 1066/1066 1130/1130 1067/1067
f 1067/1067 1130/1130 1131/1131
f 1067/1067 1131/1131 1068/1068
f 1068/1068 1131/1131 1132/1132
f 1068/1068 1132/1132 1069/1069
f 1069/1069 1132/1132 1133/1133
f 1069/1069 1133/1133 1070/1070
f 1070/1070 1133/1133 1134/1134
f 1070/1070 1134/1134 1071/1071
f 1071/1071 1134/1134 1135/1135
f 1071/1071 1135/1135 1072/1072
f 1072/1072 1135/1135 1136/1136
f 1072/1072 1136/1136 1073/1073
f 1073/1073 1136/1136 1137/1137
f 1073/1073 1137/1137 1074/1074
f 1074/1074 1137/1137 1138/1138
f 1074/1074 1138/1138 1075/1075
f 1075/1075 1138/1138 1139/1139
f 1075/1075 1139/1139 1076/1076
f 1076/1076 1139/1139 1140/1140
f 1076/1076 1140/1140 1077/1077
f 1077/1077 1140/1140 1141/1141
f 1077/1077 1141/1141 1078/1078
f 1078/1078 1141/1141 1142/1142
f 1078/1078 1142/1142 1079/1079
f 1079/1079 1142/1142 1143/1143
f 1079/1079 1143/1143 1080/1080
f 1080/1080 1143/1143 1144/1144
f 1080/1080 1144/1144 1081/1081
f 1081/1081 1144/1144 1145/1145
f 1081/1081 1145/1145 1082/1082
f 1082/1082 1145/1145 1146/1146
f 1082/1082 1146/1146 1083/1083
f 1083/1083 1146/1146 1147/1147
f 1083/1083 1147/1147 1084/1084
f 1084/1084 1147/1147 1148/1148
f 1084/1084 1148/1148 1085/1085
f 1085/1085 1148/1148 1149/1149
f 1085/1085 1149/1149 1086/1086
f 1086/1086 1149/1149 1150/1150
f 1086/1086 1150/1150 1087/1087
f 1087/1087 1150/1150 1151/1151
f 1087/1087 1151/1151 1088/1088
f 1088/1088 1151/1151 1152/1152
f 1089/1089 1153/1153 1090/1090
f 1090/1090 1153/1153 1154/1154
f 1090/1090 1154/1154 1091/1091
f 1091/1091 1154/1154 1155/1155
f 1091/1091 1155/1155 1092/1092
f 1092/1092 1155/1155 1156/1156
f 1092/1092 1156/1156 1093/1093
f 1093/1093 1156/1156 1157/1157
f 1093/1093 1157/1157 1094/1094
f 1094/1094 1157/1157 1158/1158
f 1094/1094 1158/1158 1095/1095
f 1095/1095 1158/1158 1159/1159
f 1095/1095 1159/1159 1096/1096
f 1096/1096 1159/1159 1160/1160
f 1096/1096 1160/1160 1097/1097
f 1097/1097 1160/1160 1161/1161
f 1097/1097 1161/1161 1098/1098
f 1098/1098 1161/1161 1162/1162
f 1098/1098 1162/1162 1099/1099
f 1099/1099 1162/1162 1163/1163
f 1099/1099 1163/1163 1100/1100
f 1100/1100 1163/1163 1164/1164
f 1100/1100 1164/1164 1101/1101
f 1101/1101 1164/1164 1165/1165
f 1101/1101 1165/1165 1102/1102
f 1102/1102 1165/1165 1166/1166
f 1102/1102 1166/1166 1103/1103
f 1103/1103 1166/1166 1167/1167
f 1103/1103 1167/1167 1104/1104
f 1104/1104 1167/1167 1168/1168
f 1104/1104 1168/1168 1105/1105
f 1105/1105 1168/1168 1169/1169
f 1105/1105 1169/1169 1106/1106
f 1106/1106 1169/1169 1170/1170
f 1106/1106 1170/1170 1107/1107
f 1107/1107 1170/1170 1171/1171
f 1107/1107 1171/1171 1108/1108
f 1108/1108 1171/1171 1172/1172
f 1108/1108 1172/1172 1109/1109
f 1109/1109 1172/1172 1173/1173
f 1109/1109 1173/1173 1110/1110
f 1110/1110 1173/1173 1174/1174
f 1110/1110 1174/1174 1111/1111
f 1111/1111 1174/1174 1175/1175
f 1111/1111 1175/1175 1112/1112
f 1112/1112 1175/1175 1176/1176
f 1112/1112 1176/1176 1113/1113
f 1113/1113 1176/1176 1177/1177
f 1113/1113 1177/1177 1114/1114
f 1114/1114 1177/1177 1178/1178
f 1114/1114 1178/1178 1115/1115
f 1115/1115 1178/1178 1179/1179
f 1115/1115 1179/1179 1116/1116
f 1116/1116 1179/1179 1180/1180
f 1116/1116 1180/1180 1117/1117
f 1117/1117 1180/1180 1181/1181
f 1117/1117 1181/1181 1118/1118
f 1118/1118 1181/1181 1182/1182
f 1118/1118 1182/1182 1119/1119
f 1119/1119 1182/1182 1183/1183
f 1119/1119 1183/1183 1120/1120
f 1120/1120 1183/1183 1184/1184
f 1120/1120 1184/1184 1121/1121
f 1121/1121 1184/1184 1185/1185
f 1121/1121 1185/1185 1122/1122
f 1122/1122 1185/1185 1186/1186
f 1122/1122 1186/1186 1123/1123
f 1123/1123 1186/1186 1187/1187
f 1123/1123 1187/1187 1124/1124
f 1124/1124 1187/1187 1188/1188
f 1124/1124 1188/1188 1125/1125
f 1125/1125 1188/1188 1189/1189
f 1125/1125 1189/1189 1126/1126
f 1126/1126 1189/1189 1190/1190
f 1126/1126 1190/1190 1127/1127
f 1127/1127 1190/1190 1191/1191
f 1127/1127 1191/1191 1128/1128
f 1128/1128 1191/1191 1192/1192
f 1128/1128 1192/1192 1129/1129
f 1129/1129 1192/1192 1193/1193
f 1129/1129 1193/1193 1130/1130
f 1130/1130 1193/1193 1194/1194
f 1130/1130 1194/1194 1131/1131
f 1131/1131 1194/1194 1195/1195
f 1131/1131 1195/1195 1132/1132
f 1132/1132 1195/1195 1196/1196
f 1132/1132 1196/1196 1133/1133
f 1133/1133 1196/1196 1197/1197
f 1133/1133 1197/1197 1134/1134
f 1134/1134 1197/1197 1198/1198
f 1134/1134 1198/1198 1135/1135
f 1135/1135 1198/1198 1199/1199
f 1135/1135 1199/1199 1136/1136
f 1136/1136 1199/1199 1200/1200
f 1136/1136 1200/1200 1137/1137
f 1137/1137 1200/1200 1201/1201
f 1137/1137 1201/1201 1138/1138
f 1138/1138 1201/1201 1202/1202
f 1138/1138 1202/1202 1139/1139
f 1139/1139 1202/1202 1203/1203
f 1139/1139 1203/1203 1140/1140
f 1140/1140 1203/1203 1204/1204
f 1140/1140 1204/1204 1141/1141
f 1141/1141 1204/1204 1205/1205
f 1141/1141 1205/1205 1142/1142
f 1142/1142 1205/1205 1206/1206
f 1142/1142 1206/1206 1143/1143
f 1143/1143 1206/1206 1207/1207
f 1143/1143 1207/1207 1144/1144
f 1144/1144 1207/1207 1208/1208
f 1144/1144 1208/1208 1145/1145
f 1145/1145 1208/1208 1209/1209
f 1145/1145 1209/1209 1146/1146
f 1146/1146 1209/1209 1210/1210
f 1146/1146 1210/1210 1147/1147
f 1147/1147 1210/1210 1211/1211
f 1147/1147 1211/1211 1148/1148
f 1148/1148 1211/1211 1212/1212
f 1148/1148 1212/1212 1149/1149
f 1149/1149 1212/1212 1213/1213
f 1149/1149 1213/1213 1150/1150
f 1150/1150 1213/1213 1214/1214
f 1150/1150 1214/1214 1151/1151
f 1151/1151 1214/1214 1215/1215
f 1151/1151 1215/1215 1152/1152
f 1152/1152 1215/1215 1216/1216
f 1153/1153 1217/1217 1154/1154
f 1154/1154 1217/1217 1218/1218
f 1154/1154 1218/1218 1155/1155
f 1155/1155 1218/1218 1219/1219
f 1155/1155 1219/1219 1156/1156
f 1156/1156 1219/1219 1220/1220
f 1156/1156 1220/1220 1157/1157
f 1157/1157 1220/1220 1221/1221
f 1157/1157 1221/1221 1158/1158
f 1158/1158 1221/1221 1222/1222
f 1158/1158 1222/1222 1159/1159
f 1159/1159 1222/1222 1223/1223
f 1159/1159 1223/1223 1160/1160
f 1160/1160 1223/1223 1224/1224
f 1160/1160 1224/1224 1161/1161
f 1161/1161 1224/1224 1225/1225
f 1161/1161 1225/1225 1162/1162
f 1162/1162 1225/1225 1226/1226
f 1162/1162 1226/1226 1163/1163
f 1163/1163 1226/1226 1227/1227
f 1163/1163 1227/1227 1164/1164
f 1164/1164 1227/1227 1228/1228
f 1164/1164 1228/1228 1165/1165
f 1165/1165 1228/1228 1229/1229
f 1165/1165 1229/1229 1166/1166
f 1166/1166 1229/1229 1230/1230
f 1166/1166 1230/1230 1167/1167
f 1167/1167 1230/1230 1231/1231
f 1167/1167 1231/1231 1168/1168
f 1168/1168 1231/1231 1232/1232
f 1168/1168 1232/1232 1169/1169
f 1169/1169 1232/1232 1233/1233
f 1169/1169 1233/1233 1170/1170
f 1170/1170 1233/1233 1234/1234
f 1170/1170 1234/1234 1171/1171
f 1171/1171 1234/1234 1235/1235
f 1171/1171 1235/1235 1172/1172
f 1172/1172 1235/1235 1236/1236
f 1172/1172 1236/1236 1173/1173
f 1173/1173 1236/1236 1237/1237
f 1173/1173 1237/1237 1174/1174
f 1174/1174 1237/1237 1238/1238
f 1174/1174 1238/1238 1175/1175
f 1175/1175 1238/1238 1239/1239
f 1175/1175 1239/1239 1176/1176
f 1176/1176 1239/1239 1240/1240
f 1176/1176 1240/1240 1177/1177
f 1177/1177 1240/1240 1241/1241
f 1177/1177 1241/1241 1178/1178
f 1178/1178 1241/1241 1242/1242
f 1178/1178 1242/1242 1179/1179
f 1179/1179 1242/1242 1243/1243
f 1179/1179 1243/1243 1180/1180
f 1180/1180 1243/1243 1244/1244
f 1180/1180 1244/1244 1181/1181
f 1181/1181 1244/1244 1245/1245
f 1181/1181 1245/1245 1182/1182
f 1182/1182 1245/1245 1246/1246
f 1182/1182 1246/1246 1183/1183
f 1183/1183 1246/1246 1247/1247
f 1183/1183 1247/1247 1184/1184
f 1184/1184 1247/1247 1248/1248
f 1184/1184 1248/1248 1185/1185
f 1185/1185 1248/1248 1249/1249
f 1185/1185 1249/1249 1186/1186
f 1186/1186 1249/1249 1250/1250
f 1186/1186 1250/1250 1187/1187
f 1187/1187 1250/1250 1251/1251
f 1187/1187 1251/1251 1188/1188
f 1188/1188 1251/1251 1252/1252
f 1188/1188 1252/1252 1189/1189
f 1189/1189 1252/1252 1253/1253
f 1189/1189 1253/1253 1190/1190
f 1190/1190 1253/1253 1254/1254
f 1190/1190 1254/1254 1191/1191
f 1191/1191 1254/1254 1255/1255
f 1191/1191 1255/1255 1192/1192
f 1192/1192 1255/1255 1256/1256
f 1192/1192 1256/1256 1193/1193
f 1193/1193 1256/1256 1257/1257
f 1193/1193 1257/1257 1194/1194
f 1194/1194 1257/1257 1258/1258
f 1194/1194 1258/1258 1195/1195
f 1195/1195 1258/1258 1259/1259
f 1195/1195 1259/1259 1196/1196
f 1196/1196 1259/1259 1260/1260
f 1196/1196 1260/1260 1197/1197
f 1197/1197 1260/1260 1261/1261
f 1197/1197 1261/1261 1198/1198
f 1198/1198 1261/1261 1262/1262
f 1198/1198 1262/1262 1199/1199
f 1199/1199 1262/1262 1263/1263
f 1199/1199 1263/1263 1200/1200
f 1200/1200 1263/1263 1264/1264
f 1200/1200 1264/1264 1201/1201
f 1201/1201 1264/1264 1265/1265
f 1201/1201 1265/1265 1202/1202
f 1202/1202 1265/1265 1266/1266
f 1202/1202 1266/1266 1203/1203
f 1203/1203 1266/1266 1267/1267
f 1203/1203 1267/1267 1204/1204
f 1204/1204 1267/1267 1268/1268
f 1204/1204 1268/1268 1205/1205
f 1205/1205 1268/1268 1269/1269
f 1205/1205 1269/1269 1206/1206
f 1206/1206 1269/1269 1270/1270
f 1206/1206 1270/1270 1207/1207
f 1207/1207 1270/1270 1271/1271
f 1207/1207 1271/1271 1208/1208
f 1208/1208 1271/1271 1272/1272
f 1208/1208 1272/1272 1209/1209
f 1209/1209 1272/1272 1273/1273
f 1209/1209 1273/1273 1210/1210
f 1210/1210 1273/1273 1274/1274
f 1210/1210 1274/1274 1211/1211
f 1211/1211 1274/1274 1275/1275
f 1211/1211 1275/1275 1212/1212
f 1212/1212 1275/1275 1276/1276
f 1212/1212 1276/1276 1213/1213
f 1213/1213 1276/1276 1277/1277
f 1213/1213 1277/1277 1214/1214
f 1214/1214 1277/1277 1278/1278
f 1214/1214 1278/1278 1215/1215
f 1215/1215 1278/1278 1279/1279
f 1215/1215 1279/1279 1216/1216
f 1216/1216 1279/1279 1280/1280
f 1217/1217 1281/1281 1218/1218
f 1218/1218 1281/1281 1282/1282
f 1218/1218 1282/1282 1219/1219
f 1219/1219 1282/1282 1283/1283
f 1219/1219 1283/1283 1220/1220
f 1220/1220 1283/1283 1284/1284
f 1220/1220 1284/1284 1221/1221
f 1221/1221 1284/1284 1285/1285
f 1221/1221 1285/1285 1222/1222
f 1222/1222 1285/1285 1286/1286
f 1222/1222 1286/1286 1223/1223
f 1223/1223 1286/1286 1287/1287
f 1223/1223 1287/1287 1224/1224
f 1224/1224 1287/1287 1288/1288
f 1224/1224 1288/1288 1225/1225
f 1225/1225 1288/1288 1289/1289
f 1225/1225 1289/1289 1226/1226
f 1226/1226 1289/1289 1290/1290
f 1226/1226 1290/1290 1227/1227
f 1227/1227 1290/1290 1291/1291
f 1227/1227 1291/1291 1228/1228
f 1228/1228 1291/1291 1292/1292
f 1228/1228 1292/1292 1229/1229
f 1229/1229 1292/1292 1293/1293
f 1229/1229 1293/1293 1230/1230
f 1230/1230 1293/1293 1294/1294
f 1230/1230 1294/1294 1231/1231
f 1231/1231 1294/1294 1295/1295
f 1231/1231 1295/1295 1232/1232
f 1232/1232 1295/1295 1296/1296
f 1232/1232 1296/1296 1233/1233
f 1233/1233 1296/1296 1297/1297
f 1233/1233 1297/1297 1234/1234
f 1234/1234 1297/1297 1298/1298
f 1234/1234 1298/1298 1235/1235
f 1235/1235 1298/1298 1299/1299
f 1235/1235 1299/1299 1236/1236
f 1236/1236 1299/1299 1300/1300
f 1236/1236 1300/1300 1237/1237
f 1237/1237 1300/1300 1301/1301
f 1237/1237 1301/1301 1238/1238
f 1238/1238 1301/1301 1302/1302
f 1238/1238 1302/1302 1239/1239
f 1239/1239 1302/1302 1303/1303
f 1239/1239 1303/1303 1240/1240
f 1240/1240 1303/1303 1304/1304
f 1240/1240 1304/1304 1241/1241
f 1241/1241 1304/1304 1305/1305
f 1241/1241 1305/1305 1242/1242
f 1242/1242 1305/1305 1306/1306
f 1242/1242 1306/1306 1243/1243
f 1243/1243 1306/1306 1307/1307
f 1243/1243 1307/1307 1244/1244
f 1244/1244 1307/1307 1308/1308
f 1244/1244 1308/1308 1245/1245
f 1245/1245 1308/1308 1309/1309
f 1245/1245 1309/1309 1246/1246
f 1246/1246 1309/1309 1310/1310
f 1246/1246 1310/1310 1247/1247
f 1247/1247 1310/1310 1311/1311
f 1247/1247 1311/1311 1248/1248
f 1248/1248 1311/1311 1312/1312
f 1248/1248 1312/1312 1249/1249
f 1249/1249 1312/1312 1313/1313
f 1249/1249 1313/1313 1250/1250
f 1250/1250 1313/1313 1314/1314
f 1250/1250 1314/1314 1251/1251
f 1251/1251 1314/1314 1315/1315
f 1251/1251 1315/1315 1252/1252
f 1252/1252 1315/1315 1316/1316
f 1252/1252 1316/1316 1253/1253
f 1253/1253 1316/1316 1317/1317
f 1253/1253 1317/1317 1254/1254
f 1254/1254 1317/1317 1318/1318
f 1254/1254 1318/1318 1255/1255
f 1255/1255 1318/1318 1319/1319
f 1255/1255 1319/1319 1256/1256
f 1256/1256 1319/1319 1320/1320
f 1256/1256 1320/1320 1257/1257
f 1257/1257 1320/1320 1321/1321
f 1257/1257 1321/1321 1258/1258
f 1258/1258 1321/1321 1322/1322
f 1258/1258 1322/1322 1259/1259
f 1259/1259 1322/1322 1323/1323
f 1259/1259 1323/1323 1260/1260
f 1260/1260 1323/1323 1324/1324
f 1260/1260 1324/1324 1261/1261
f 1261/1261 1324/1324 1325/1325
f 1261/1261 1325/1325 1262/1262
f 1262/1262 1325/1325 1326/1326
f 1262/1262 1326/1326 1263/1263
f 1263/1263 1326/1326 1327/1327
f 1263/1263 1327/1327 1264/1264
f 1264/1264 1327/1327 1328/1328
f 1264/1264 1328/1328 1265/1265
f 1265/1265 1328/1328 1329/1329
f 1265/1265 1329/1329 1266/1266
f 1266/1266 1329/1329 1330/1330
f 1266/1266 1330/1330 1267/1267
f 1267/1267 1330/1330 1331/1331
f 1267/1267 1331/1331 1268/1268
f 1268/1268 1331/1331 1332/1332
f 1268/1268 1332/1332 1269/1269
f 1269/1269 1332/1332 1333/1333
f 1269/1269 1333/1333 1270/1270
f 1270/1270 1333/1333 1334/1334
f 1270/1270 1334/1334 1271/1271
f 1271/1271 1334/1334 1335/1335
f 1271/1271 1335/1335 1272/1272
f 1272/1272 1335/1335 1336/1336
f 1272/1272 1336/1336 1273/1273
f 1273/1273 1336/1336 1337/1337
f 1273/1273 1337/1337 1274/1274
f 1274/1274 1337/1337 1338/1338
f 1274/1274 1338/1338 1275/1275
f 1275/1275 1338/1338 1339/1339
f 1275/1275 1339/1339 1276/1276
f 1276/1276 1339/1339 1340/1340
f 1276/1276 1340/1340 1277/1277
f 1277/1277 1340/1340 1341/1341
f 1277/1277 1341/1341 1278/1278
f 1278/1278 1341/1341 1342/1342
f 1278/1278 1342/1342 1279/1279
f 1279/1279 1342/1342 1343/1343
f 1279/1279 1343/1343 1280/1280
f 1280/1280 1343/1343 1344/1344
f 1281/1281 1345/1345 1282/1282
f 1282/1282 1345/1345 1346/1346
f 1282/1282 1346/1346 1283/1283
f 1283/1283 1346/1346 1347/1347
f 1283/1283 1347/1347 1284/1284
f 1284/1284 1347/1347 1348/1348
f 1284/1284 1348/1348 1285/1285
f 1285/1285 1348/1348 1349/1349
f 1285/1285 1349/1349 1286/1286
f 1286/1286 1349/1349 1350/1350
f 1286/1286 1350/1350 1287/1287
f 1287/1287 1350/1350 1351/1351
f 1287/1287 1351/1351 1288/1288
f 1288/1288 1351/1351 1352/1352
f 1288/1288 1352/1352 1289/1289
f 1289/1289 1352/1352 1353/1353
f 1289/1289 1353/1353 1290/1290
f 1290/1290 1353/1353 1354/1354
f 1290/1290 1354/1354 1291/1291
f 1291/1291 1354/1354 1355/1355
f 1291/1291 1355/1355 1292/1292
f 1292/1292 1355/1355 1356/1356
f 1292/1292 1356/1356 1293/1293
f 1293/1293 1356/1356 1357/1357
f 1293/1293 1357/1357 1294/1294
f 1294/1294 1357/1357 1358/1358
f 1294/1294 1358/1358 1295/1295
f 1295/1295 1358/1358 1359/1359
f 1295/1295 1359/1359 1296/1296
f 1296/1296 1359/1359 1360/1360
f 1296/1296 1360/1360 1297/1297
f 1297/1297 1360/1360 1361/1361
f 1297/1297 1361/1361 1298/1298
f 1298/1298 1361/1361 1362/1362
f 1298/1298 1362/1362 1299/1299
f 1299/1299 1362/1362 1363/1363
f 1299/1299 1363/1363 1300/1300
f 1300/1300 1363/1363 1364/1364
f 1300/1300 1364/1364 1301/1301
f 1301/1301 1364/1364 1365/1365
f 1301/1301 1365/1365 1302/1302
f 1302/1302 1365/1365 1366/1366
f 1302/1302 1366/1366 1303/1303
f 1303/1303 1366/1366 1367/1367
f 1303/1303 1367/1367 1304/1304
f 1304/1304 1367/1367 1368/1368
f 1304/1304 1368/1368 1305/1305
f 1305/1305 1368/1368 1369/1369
f 1305/1305 1369/1369 1306/1306
f 1306/1306 1369/1369 1370/1370
f 1306/1306 1370/1370 1307/1307
f 1307/1307 1370/1370 1371/1371
f 1307/1307 1371/1371 1308/1308
f 1308/1308 1371/1371 1372/1372
f 1308/1308 1372/1372 1309/1309
f 1309/1309 1372/1372 1373/1373
f 1309/1309 1373/1373 1310/1310
f 1310/1310 1373/1373 1374/1374
f 1310/1310 1374/1374 1311/1311
f 1311/1311 1374/1374 1375/1375
f 1311/1311 1375/1375 1312/1312
f 1312/1312 1375/1375 1376/1376
f 1312/1312 1376/1376 1313/1313
f 1313/1313 1376/1376 1377/1377
f 1313/1313 1377/1377 1314/1314
f 1314/1314 1377/1377 1378/1378
f 1314/1314 1378/1378 1315/1315
f 1315/1315 1378/1378 1379/1379
f 1315/1315 1379/1379 1316/1316
f 1316/1316 1379/1379 1380/1380
f 1316/1316 1380/1380 1317/1317
f 1317/1317 1380/1380 1381/1381
f 1317/1317 1381/1381 1318/1318
f 1318/1318 1381/1381 1382/1382
f 1318/1318 1382/1382 1319/1319
f 1319/1319 1382/1382 1383/1383
f 1319/1319 1383/1383 1320/1320
f 1320/1320 1383/1383 1384/1384
f 1320/1320 1384/1384 1321/1321
f 1321/1321 1384/1384 1385/1385
f 1321/1321 1385/1385 1322/1322
f 1322/1322 1385/1385 1386/1386
f 1322/1322 1386/1386 1323/1323
f 1323/1323 1386/1386 1387/1387
f 1323/1323 1387/1387 1324/1324
f 1324/1324 1387/1387 1388/1388
f 1324/1324 1388/1388 1325/1325
f 1325/1325 1388/1388 1389/1389
f 1325/1325 1389/1389 1326/1326
f 1326/1326 1389/1389 1390/1390
f 1326/1326 1390/1390 1327/1327
f 1327/1327 1390/1390 1391/1391
f 1327/1327 1391/1391 1328/1328
f 1328/1328 1391/1391 1392/1392
f 1328/1328 1392/1392 1329/1329
f 1329/1329 1392/1392 1393/1393
f 1329/1329 1393/1393 1330/1330
f 1330/1330 1393/1393 1394/1394
f 1330/1330 1394/1394 1331/1331
f 1331/1331 1394/1394 1395/1395
f 1331/1331 1395/1395 1332/1332
f 1332/1332 1395/1395 1396/1396
f 1332/1332 1396/1396 1333/1333
f 1333/1333 1396/1396 1397/1397
f 1333/1333 1397/1397 1334/1334
f 1334/1334 1397/1397 1398/1398
f 1334/1334 1398/1398 1335/1335
f 1335/1335 1398/1398 1399/1399
f 1335/1335 1399/1399 1336/1336
f 1336/1336 1399/1399 1400/1400
f 1336/1336 1400/1400 1337/1337
f 1337/1337 1400/1400 1401/1401
f 1337/1337 1401/1401 1338/1338
f 1338/1338 1401/1401 1402/1402
f 1338/1338 1402/1402 1339/1339
f 1339/1339 1402/1402 1403/1403
f 1339/1339 1403/1403 1340/1340
f 1340/1340 1403/1403 1404/1404
f 1340/1340 1404/1404 1341/1341
f 1341/1341 1404/1404 1405/1405
f 1341/1341 1405/1405 1342/1342
f 1342/1342 1405/1405 1406/1406
f 1342/1342 1406/1406 1343/1343
f 1343/1343 1406/1406 1407/1407
f 1343/1343 1407/1407 1344/1344
f 1344/1344 1407/1407 1408/1408
f 1345/1345 1409/1409 1346/1346
f 1346/1346 1409/1409 1410/1410
f 1346/1346 1410/1410 1347/1347
f 1347/1347 1410/1410 1411/1411
f 1347/1347 1411/1411 1348/1348
f 1348/1348 1411/1411 1412/1412
f 1348/1348 1412/1412 1349/1349
f 1349/1349 1412/1412 1413/1413
f 1349/1349 1413/1413 1350/1350
f 1350/1350 1413/1413 1414/1414
f 1350/1350 1414/1414 1351/1351
f 1351/1351 1414/1414 1415/1415
f 1351/1351 1415/1415 1352/1352
f 1352/1352 1415/1415 1416/1416
f 1352/1352 1416/1416 1353/1353
f 1353/1353 1416/1416 1417/1417
f 1353/1353 1417/1417 1354/1354
f 1354/1354 1417/1417 1418/1418
f 1354/1354 1418/1418 1355/1355
f 1355/1355 1418/1418 1419/1419
f 1355/1355 1419/1419 1356/1356
f 1356/1356 1419/1419 1420/1420
f 1356/1356 1420/1420 1357/1357
f 1357/1357 1420/1420 1421/1421
f 1357/1357 1421/1421 1358/1358
f 1358/1358 1421/1421 1422/1422
f 1358/1358 1422/1422 1359/1359
f 1359/1359 1422/1422 1423/1423
f 1359/1359 1423/1423 1360/1360
f 1360/1360 1423/1423 1424/1424
f 1360/1360 1424/1424 1361/1361
f 1361/1361 1424/1424 1425/1425
f 1361/1361 1425/1425 1362/1362
f 1362/1362 1425/1425 1426/1426
f 1362/1362 1426/1426 1363/1363
f 1363/1363 1426/1426 1427/1427
f 1363/1363 1427/1427 1364/1364
f 1364/1364 1427/1427 1428/1428
f 1364/1364 1428/1428 1365/1365
f 1365/1365 1428/1428 1429/1429
f 1365/1365 1429/1429 1366/1366
f 1366/1366 1429/1429 1430/1430
f 1366/1366 1430/1430 1367/1367
f 1367/1367 1430/1430 1431/1431
f 1367/1367 1431/1431 1368/1368
f 1368/1368 1431/1431 1432/1432
f 1368/1368 1432/1432 1369/1369
f 1369/1369 1432/1432 1433/1433
f 1369/1369 1433/1433 1370/1370
f 1370/1370 1433/1433 1434/1434
f 1370/1370 1434/1434 1371/1371
f 1371/1371 1434/1434 1435/1435
f 1371/1371 1435/1435 1372/1372
f 1372/1372 1435/1435 1436/1436
f 1372/1372 1436/1436 1373/1373
f 1373/1373 1436/1436 1437/1437
f 1373/1373 1437/1437 1374/1374
f 1374/1374 1437/1437 1438/1438
f 1374/1374 1438/1438 1375/1375
f 1375/1375 1438/1438 1439/1439
f 1375/1375 1439/1439 1376/1376
f 1376/1376 1439/1439 1440/1440
f 1376/1376 1440/1440 1377/1377
f 1377/1377 1440/1440 1441/1441
f 1377/1377 1441/1441 1378/1378
f 1378/1378 1441/1441 1442/1442
f 1378/1378 1442/1442 1379/1379
f 1379/1379 1442/1442 1443/1443
f 1379/1379 1443/1443 1380/1380
f 1380/1380 1443/1443 1444/1444
f 1380/1380 1444/1444 1381/1381
f 1381/1381 1444/1444 1445/1445
f 1381/1381 1445/1445 1382/1382
f 1382/1382 1445/1445 1446/1446
f 1382/1382 1446/1446 1383/1383
f 1383/1383 1446/1446 1447/1447
f 1383/1383 1447/1447 1384/1384
f 1384/1384 1447/1447 1448/1448
f 1384/1384 1448/1448 1385/1385
f 1385/1385 1448/1448 1449/1449
f 1385/1385 1449/1449 1386/1386
f 1386/1386 1449/1449 1450/1450
f 1386/1386 1450/1450 1387/1387
f 1387/1387 1450/1450 1451/1451
f 1387/1387 1451/1451 1388/1388
f 1388/1388 1451/1451 1452/1452
f 1388/1388 1452/1452 1389/1389
f 1389/1389 1452/1452 1453/1453
f 1389/1389 1453/1453 1390/1390
f 1390/1390 1453/1453 1454/1454
f 1390/1390 1454/1454 1391/1391
f 1391/1391 1454/1454 1455/1455
f 1391/1391 1455/1455 1392/1392
f 1392/1392 1455/1455 1456/1456
f 1392/1392 1456/1456 1393/1393
f 1393/1393 1456/1456 1457/1457
f 1393/1393 1457/1457 1394/1394
f 1394/1394 1457/1457 1458/1458
f 1394/1394 1458/1458 1395/1395
f 1395/1395 1458/1458 1459/1459
f 1395/1395 1459/1459 1396/1396
f 1396/1396 1459/1459 1460/1460
f 1396/1396 1460/1460 1397/1397
f 1397/1397 1460/1460 1461/1461
f 1397/1397 1461/1461 1398/1398
f 1398/1398 1461/1461 1462/1462
f 1398/1398 1462/1462 1399/1399
f 1399/1399 1462/1462 1463/1463
f 1399/1399 1463/1463 1400/1400
f 1400/1400 1463/1463 1464/1464
f 1400/1400 1464/1464 1401/1401
f 1401/1401 1464/1464 1465/1465
f 1401/1401 1465/1465 1402/1402
f 1402/1402 1465/1465 1466/1466
f 1402/1402 1466/1466 1403/1403
f 1403/1403 1466/1466 1467/1467
f 1403/1403 1467/1467 1404/1404
f 1404/1404 1467/1467 1468/1468
f 1404/1404 1468/1468 1405/1405
f 1405/1405 1468/1468 1469/1469
f 1405/1405 1469/1469 1406/1406
f 1406/1406 1469/1469 1470/1470
f 1406/1406 1470/1470 1407/1407
f 1407/1407 1470/1470 1471/1471
f 1407/1407 1471/1471 1408/1408
f 1408/1408 1471/1471 1472/1472
f 1409/1409 1473/1473 1410/1410
f 1410/1410 1473/1473 1474/1474
f 1410/1410 1474/1474 1411/1411
f 1411/1411 1474/1474 1475/1475
f 1411/1411 1475/1475 1412/1412
f 1412/1412 1475/1475 1476/1476
f 1412/1412 1476/1476 1413/1413
f 1413/1413 1476/1476 1477/1477
f 1413/1413 1477/1477 1414/1414
f 1414/1414 1477/1477 1478/1478
f 1414/1414 1478/1478 1415/1415
f 1415/1415 1478/1478 1479/1479
f 1415/1415 1479/1479 1416/1416
f 1416/1416 1479/1479 1480/1480
f 1416/1416 1480/1480 1417/1417
f 1417/1417 1480/1480 1481/1481
f 1417/1417 1481/1481 1418/1418
f 1418/1418 1481/1481 1482/1482
f 1418/1418 1482/1482 1419/1419
f 1419/1419 1482/1482 1483/1483
f 1419/1419 1483/1483 1420/1420
f 1420/1420 1483/1483 1484/1484
f 1420/1420 1484/1484 1421/1421
f 1421/1421 1484/1484 1485/1485
f 1421/1421 1485/1485 1422/1422
f 1422/1422 1485/1485 1486/1486
f 1422/1422 1486/1486 1423/1423
f 1423/1423 1486/1486 1487/1487
f 1423/1423 1487/1487 1424/1424
f 1424/1424 1487/1487 1488/1488
f 1424/1424 1488/1488 1425/1425
f 1425/1425 1488/1488 1489/1489
f 1425/1425 1489/1489 1426/1426
f 1426/1426 1489/1489 1490/1490
f 1426/1426 1490/1490 1427/1427
f 1427/1427 1490/1490 1491/1491
f 1427/1427 1491/1491 1428/1428
f 1428/1428 1491/1491 1492/1492
f 1428/1428 1492/1492 1429/1429
f 1429/1429 1492/1492 1493/1493
f 1429/1429 1493/1493 1430/1430
f 1430/1430 1493/1493 1494/1494
f 1430/1430 1494/1494 1431/1431
f 1431/1431 1494/1494 1495/1495
f 1431/1431 1495/1495 1432/1432
f 1432/1432 1495/1495 1496/1496
f 1432/1432 1496/1496 1433/1433
f 1433/1433 1496/1496 1497/1497
f 1433/1433 1497/1497 1434/1434
f 1434/1434 1497/1497 1498/1498
f 1434/1434 1498/1498 1435/1435
f 1435/1435 1498/1498 1499/1499
f 1435/1435 1499/1499 1436/1436
f 1436/1436 1499/1499 1500/1500
f 1436/1436 1500/1500 1437/1437
f 1437/1437 1500/1500 1501/1501
f 1437/1437 1501/1501 1438/1438
f 1438/1438 1501/1501 1502/1502
f 1438/1438 1502/1502 1439/1439
f 1439/1439 1502/1502 1503/1503
f 1439/1439 1503/1503 1440/1440
f 1440/1440 1503/1503 1504/1504
f 1440/1440 1504/1504 1441/1441
f 1441/1441 1504/1504 1505/1505
f 1441/1441 1505/1505 1442/1442
f 1442/1442 1505/1505 1506/1506
f 1442/1442 1506/1506 1443/1443
f 1443/1443 1506/1506 1507/1507
f 1443/1443 1507/1507 1444/1444
f 1444/1444 1507/1507 1508/1508
f 1444/1444 1508/1508 1445/1445
f 1445/1445 1508/1508 1509/1509
f 1445/1445 1509/1509 1446/1446
f 1446/1446 1509/1509 1510/1510
f 1446/1446 1510/1510 1447/1447
f 1447/1447 1510/1510 1511/1511
f 1447/1447 1511/1511 1448/1448
f 1448/1448 1511/1511 1512/1512
f 1448/1448 1512/1512 1449/1449
f 1449/1449 1512/1512 1513/1513
f 1449/1449 1513/1513 1450/1450
f 1450/1450 1513/1513 1514/1514
f 1450/1450 1514/1514 1451/1451
f 1451/1451 1514/1514 1515/1515
f 1451/1451 1515/1515 1452/1452
f 1452/1452 1515/1515 1516/1516
f 1452/1452 1516/1516 1453/1453
f 1453/1453 1516/1516 1517/1517
f 1453/1453 1517/1517 1454/1454
f 1454/1454 1517/1517 1518/1518
f 1454/1454 1518/1518 1455/1455
f 1455/1455 1518/1518 1519/1519
f 1455/1455 1519/1519 1456/1456
f 1456/1456 1519/1519 1520/1520
f 1456/1456 1520/1520 1457/1457
f 1457/1457 1520/1520 1521/1521
f 1457/1457 1521/1521 1458/1458
f 1458/1458 1521/1521 1522/1522
f 1458/1458 1522/1522 1459/1459
f 1459/1459 1522/1522 1523/1523
f 1459/1459 1523/1523 1460/1460
f 1460/1460 1523/1523 1524/1524
f 1460/1460 1524/1524 1461/1461
f 1461/1461 1524/1524 1525/1525
f 1461/1461 1525/1525 1462/1462
f 1462/1462 1525/1525 1526/1526
f 1462/1462 1526/1526 1463/1463
f 1463/1463 1526/1526 1527/1527
f 1463/1463 1527/1527 1464/1464
f 1464/1464 1527/1527 1528/1528
f 1464/1464 1528/1528 1465/1465
f 1465/1465 1528/1528 1529/1529
f 1465/1465 1529/1529 1466/1466
f 1466/1466 1529/1529 1530/1530
f 1466/1466 1530/1530 1467/1467
f 1467/1467 1530/1530 1531/1531
f 1467/1467 1531/1531 1468/1468
f 1468/1468 1531/1531 1532/1532
f 1468/1468 1532/1532 1469/1469
f 1469/1469 1532/1532 1533/1533
f 1469/1469 1533/1533 1470/1470
f 1470/1470 1533/1533 1534/1534
f 1470/1470 1534/1534 1471/1471
f 1471/1471 1534/1534 1535/1535
f 1471/1471 1535/1535 1472/1472
f 1472/1472 1535/1535 1536/1536
f 1473/1473 1537/1537 1474/1474
f 1474/1474 1537/1537 1538/1538
f 1474/1474 1538/1538 1475/1475
f 1475/1475 1538/1538 1539/1539
f 1475/1475 1539/1539 1476/1476
f 1476/1476 1539/1539 1540/1540
f 1476/1476 1540/1540 1477/1477
f 1477/1477 1540/1540 1541/1541
f 1477/1477 1541/1541 1478/1478
f 1478/1478 1541/1541 1542/1542
f 1478/1478 1542/1542 1479/1479
f 1479/1479 1542/1542 1543/1543
f 1479/1479 1543/1543 1480/1480
f 1480/1480 1543/1543 1544/1544
f 1480/1480 1544/1544 1481/1481
f 1481/1481 1544/1544 1545/1545
f 1481/1481 1545/1545 1482/1482
f 1482/1482 1545/1545 1546/1546
f 1482/1482 1546/1546 1483/1483
f 1483/1483 1546/1546 1547/1547
f 1483/1483 1547/1547 1484/1484
f 1484/1484 1547/1547 1548/1548
f 1484/1484 1548/1548 1485/1485
f 1485/1485 1548/1548 1549/1549
f 1485/1485 1549/1549 1486/1486
f 1486/1486 1549/1549 1550/1550
f 1486/1486 1550/1550 1487/1487
f 1487/1487 1550/1550 1551/1551
f 1487/1487 1551/1551 1488/1488
f 1488/1488 1551/1551 1552/1552
f 1488/1488 1552/1552 1489/1489
f 1489/1489 1552/1552 1553/1553
f 1489/1489 1553/1553 1490/1490
f 1490/1490 1553/1553 1554/1554
f 1490/1490 1554/1554 1491/1491
f 1491/1491 1554/1554 1555/1555
f 1491/1491 1555/1555 1492/1492
f 1492/1492 1555/1555 1556/1556
f 1492/1492 1556/1556 1493/1493
f 1493/1493 1556/1556 1557/1557
f 1493/1493 1557/1557 1494/1494
f 1494/1494 1557/1557 1558/1558
f 1494/1494 1558/1558 1495/1495
f 1495/1495 1558/1558 1559/1559
f 1495/1495 1559/1559 1496/1496
f 1496/1496 1559/1559 1560/1560
f 1496/1496 1560/1560 1497/1497
f 1497/1497 1560/1560 1561/1561
f 1497/1497 1561/1561 1498/1498
f 1498/1498 1561/1561 1562/1562
f 1498/1498 1562/1562 1499/1499
f 1499/1499 1562/1562 1563/1563
f 1499/1499 1563/1563 1500/1500
f 1500/1500 1563/1563 1564/1564
f 1500/1500 1564/1564 1501/1501
f 1501/1501 1564/1564 1565/1565
f 1501/1501 1565/1565 1502/1502
f 1502/1502 1565/1565 1566/1566
f 1502/1502 1566/1566 1503/1503
f 1503/1503 1566/1566 1567/1567
f 1503/1503 1567/1567 1504/1504
f 1504/1504 1567/1567 1568/1568
f 1504/1504 1568/1568 1505/1505
f 1505/1505 1568/1568 1569/1569
f 1505/1505 1569/1569 1506/1506
f 1506/1506 1569/1569 1570/1570
f 1506/1506 1570/1570 1507/1507
f 1507/1507 1570/1570 1571/1571
f 1507/1507 1571/1571 1508/1508
f 1508/1508 1571/1571 1572/1572
f 1508/1508 1572/1572 1509/1509
f 1509/1509 1572/1572 1573/1573
f 1509/1509 1573/1573 1510/1510
f 1510/1510 1573/1573 1574/1574
f 1510/1510 1574/1574 1511/1511
f 1511/1511 1574/1574 1575/1575
f 1511/1511 1575/1575 1512/1512
f 1512/1512 1575/1575 1576/1576
f 1512/1512 1576/1576 1513/1513
f 1513/1513 1576/1576 1577/1577
f 1513/1513 1577/1577 1514/1514
f 1514/1514 1577/1577 1578/1578
f 1514/1514 1578/1578 1515/1515
f 1515/1515 1578/1578 1579/1579
f 1515/1515 1579/1579 1516/1516
f 1516/1516 1579/1579 1580/1580
f 1516/1516 1580/1580 1517/1517
f 1517/1517 1580/1580 1581/1581
f 1517/1517 1581/1581 1518/1518
f 1518/1518 1581/1581 1582/1582
f 1518/1518 1582/1582 1519/1519
f 1519/1519 1582/1582 1583/1583
f 1519/1519 1583/1583 1520/1520
f 1520/1520 1583/1583 1584/1584
f 1520/1520 1584/1584 1521/1521
f 1521/1521 1584/1584 1585/1585
f 1521/1521 1585/1585 1522/1522
f 1522/1522 1585/1585 1586/1586
f 1522/1522 1586/1586 1523/1523
f 1523/1523 1586/1586 1587/1587
f 1523/1523 1587/1587 1524/1524
f 1524/1524 1587/1587 1588/1588
f 1524/1524 1588/1588 1525/1525
f 1525/1525 1588/1588 1589/1589
f 1525/1525 1589/1589 1526/1526
f 1526/1526 1589/1589 1590/1590
f 1526/1526 1590/1590 1527/1527
f 1527/1527 1590/1590 1591/1591
f 1527/1527 1591/1591 1528/1528
f 1528/1528 1591/1591 1592/1592
f 1528/1528 1592/1592 1529/1529
f 1529/1529 1592/1592 1593/1593
f 1529/1529 1593/1593 1530/1530
f 1530/1530 1593/1593 1594/1594
f 1530/1530 1594/1594 1531/1531
f 1531/1531 1594/1594 1595/1595
f 1531/1531 1595/1595 1532/1532
f 1532/1532 1595/1595 1596/1596
f 1532/1532 1596/1596 1533/1533
f 1533/1533 1596/1596 1597/1597
f 1533/1533 1597/1597 1534/1534
f 1534/1534 1597/1597 1598/1598
f 1534/1534 1598/1598 1535/1535
f 1535/1535 1598/1598 1599/1599
f 1535/1535 1599/1599 1536/1536
f 1536/1536 1599/1599 1600/1600
f 1537/1537 1601/1601 1538/1538
f 1538/1538 1601/1601 1602/1602
f 1538/1538 1602/1602 1539/1539
f 1539/1539 1602/1602 1603/1603
f 1539/1539 1603/1603 1540/1540
f 1540/1540 1603/1603 1604/1604
f 1540/1540 1604/1604 1541/1541
f 1541/1541 1604/1604 1605/1605
f 1541/1541 1605/1605 1542/1542
f 1542/1542 1605/1605 1606/1606
f 1542/1542 1606/1606 1543/1543
f 1543/1543 1606/1606 1607/1607
f 1543/1543 1607/1607 1544/1544
f 1544/1544 1607/1607 1608/1608
f 1544/1544 1608/1608 1545/1545
f 1545/1545 1608/1608 1609/1609
f 1545/1545 1609/1609 1546/1546
f 1546/1546 1609/1609 1610/1610
f 1546/1546 1610/1610 1547/1547
f 1547/1547 1610/1610 1611/1611
f 1547/1547 1611/1611 1548/1548
f 1548/1548 1611/1611 1612/1612
f 1548/1548 1612/1612 1549/1549
f 1549/1549 1612/1612 1613/1613
f 1549/1549 1613/1613 1550/1550
f 1550/1550 1613/1613 1614/1614
f 1550/1550 1614/1614 1551/1551
f 1551/1551 1614/1614 1615/1615
f 1551/1551 1615/1615 1552/1552
f 1552/1552 1615/1615 1616/1616
f 1552/1552 1616/1616 1553/1553
f 1553/1553 1616/1616 1617/1617
f 1553/1553 1617/1617 1554/1554
f 1554/1554 1617/1617 1618/1618
f 1554/1554 1618/1618 1555/1555
f 1555/1555 1618/1618 1619/1619
f 1555/1555 1619/1619 1556/1556
f 1556/1556 1619/1619 1620/1620
f 1556/1556 1620/1620 1557/1557
f 1557/1557 1620/1620 1621/1621
f 1557/1557 1621/1621 1558/1558
f 1558/1558 1621/1621 1622/1622
f 1558/1558 1622/1622 1559/1559
f 1559/1559 1622/1622 1623/1623
f 1559/1559 1623/1623 1560/1560
f 1560/1560 1623/1623 1624/1624
f 1560/1560 1624/1624 1561/1561
f 1561/1561 1624/1624 1625/1625
f 1561/1561 1625/1625 1562/1562
f 1562/1562 1625/1625 1626/1626
f 1562/1562 1626/1626 1563/1563
f 1563/1563 1626/1626 1627/1627
f 1563/1563 1627/1627 1564/1564
f 1564/1564 1627/1627 1628/1628
f 1564/1564 1628/1628 1565/1565
f 1565/1565 1628/1628 1629/1629
f 1565/1565 1629/1629 1566/1566
f 1566/1566 1629/1629 1630/1630
f 1566/1566 1630/1630 1567/1567
f 1567/1567 1630/1630 1631/1631
f 1567/1567 1631/1631 1568/1568
f 1568/1568 1631/1631 1632/1632
f 1568/1568 1632/1632 1569/1569
f 1569/1569 1632/1632 1633/1633
f 1569/1569 1633/1633 1570/1570
f 1570/1570 1633/1633 1634/1634
f 1570/1570 1634/1634 1571/1571
f 1571/1571 1634/1634 1635/1635
f 1571/1571 1635/1635 1572/1572
f 1572/1572 1635/1635 1636/1636
f 1572/1572 1636/1636 1573/1573
f 1573/1573 1636/1636 1637/1637
f 1573/1573 1637/1637 1574/1574
f 1574/1574 1637/1637 1638/1638
f 1574/1574 1638/1638 1575/1575
f 1575/1575 1638/1638 1639/1639
f 1575/1575 1639/1639 1576/1576
f 1576/1576 1639/1639 1640/1640
f 1576/1576 1640/1640 1577/1577
f 1577/1577 1640/1640 1641/1641
f 1577/1577 1641/1641 1578/1578
f 1578/1578 1641/1641 1642/1642
f 1578/1578 1642/1642 1579/1579
f 1579/1579 1642/1642 1643/1643
f 1579/1579 1643/1643 1580/1580
f 1580/1580 1643/1643 1644/1644
f 1580/1580 1644/1644 1581/1581
f 1581/1581 1644/1644 1645/1645
f 1581/1581 1645/1645 1582/1582
f 1582/1582 1645/1645 1646/1646
f 1582/1582 1646/1646 1583/1583
f 1583/1583 1646/1646 1647/1647
f 1583/1583 1647/1647 1584/1584
f 1584/1584 1647/1647 1648/1648
f 1584/1584 1648/1648 1585/1585
f 1585/1585 1648/1648 1649/1649
f 1585/1585 1649/1649 1586/1586
f 1586/1586 1649/1649 1650/1650
f 1586/1586 1650/1650 1587/1587
f 1587/1587 1650/1650 1651/1651
f 1587/1587 1651/1651 1588/1588
f 1588/1588 1651/1651 1652/1652
f 1588/1588 1652/1652 1589/1589
f 1589/1589 1652/1652 1653/1653
f 1589/1589 1653/1653 1590/1590
f 1590/1590 1653/1653 1654/1654
f 1590/1590 1654/1654 1591/1591
f 1591/1591 1654/1654 1655/1655
f 1591/1591 1655/1655 1592/1592
f 1592/1592 1655/1655 1656/1656
f 1592/1592 1656/1656 1593/1593
f 1593/1593 1656/1656 1657/1657
f 1593/1593 1657/1657 1594/1594
f 1594/1594 1657/1657 1658/1658
f 1594/1594 1658/1658 1595/1595
f 1595/1595 1658/1658 1659/1659
f 1595/1595 1659/1659 1596/1596
f 1596/1596 1659/1659 1660/1660
f 1596/1596 1660/1660 1597/1597
f 1597/1597 1660/1660 1661/1661
f 1597/1597 1661/1661 1598/1598
f 1598/1598 1661/1661 1662/1662
f 1598/1598 1662/1662 1599/1599
f 1599/1599 1662/1662 1663/1663
f 1599/1599 1663/1663 1600/1600
f 1600/1600 1663/1663 1664/1664
f 1601/1601 1665/1665 1602/1602
f 1602/1602 1665/1665 1666/1666
f 1602/1602 1666/1666 1603/1603
f 1603/1603 1666/1666 1667/1667
f 1603/1603 1667/1667 1604/1604
f 1604/1604 1667/1667 1668/1668
f 1604/1604 1668/1668 1605/1605
f 1605/1605 1668/1668 1669/1669
f 1605/1605 1669/1669 1606/1606
f 1606/1606 1669/1669 1670/1670
f 1606/1606 1670/1670 1607/1607
f 1607/1607 1670/1670 1671/1671
f 1607/1607 1671/1671 1608/1608
f 1608/1608 1671/1671 1672/1672
f 1608/1608 1672/1672 1609/1609
f 1609/1609 1672/1672 1673/1673
f 1609/1609 1673/1673 1610/1610
f 1610/1610 1673/1673 1674/1674
f 1610/1610 1674/1674 1611/1611
f 1611/1611 1674/1674 1675/1675
f 1611/1611 1675/1675 1612/1612
f 1612/1612 1675/1675 1676/1676
f 1612/1612 1676/1676 1613/1613
f 1613/1613 1676/1676 1677/1677
f 1613/1613 1677/1677 1614/1614
f 1614/1614 1677/1677 1678/1678
f 1614/1614 1678/1678 1615/1615
f 1615/1615 1678/1678 1679/1679
f 1615/1615 1679/1679 1616/1616
f 1616/1616 1679/1679 1680/1680
f 1616/1616 1680/1680 1617/1617
f 1617/1617 1680/1680 1681/1681
f 1617/1617 1681/1681 1618/1618
f 1618/1618 1681/1681 1682/1682
f 1618/1618 1682/1682 1619/1619
f 1619/1619 1682/1682 1683/1683
f 1619/1619 1683/1683 1620/1620
f 1620/1620 1683/1683 1684/1684
f 1620/1620 1684/1684 1621/1621
f 1621/1621 1684/1684 1685/1685
f 1621/1621 1685/1685 1622/1622
f 1622/1622 1685/1685 1686/1686
f 1622/1622 1686/1686 1623/1623
f 1623/1623 1686/1686 1687/1687
f 1623/1623 1687/1687 1624/1624
f 1624/1624 1687/1687 1688/1688
f 1624/1624 1688/1688 1625/1625
f 1625/1625 1688/1688 1689/1689
f 1625/1625 1689/1689 1626/1626
f 1626/1626 1689/1689 1690/1690
f 1626/1626 1690/1690 1627/1627
f 1627/1627 1690/1690 1691/1691
f 1627/1627 1691/1691 1628/1628
f 1628/1628 1691/1691 1692/1692
f 1628/1628 1692/1692 1629/1629
f 1629/1629 1692/1692 1693/1693
f 1629/1629 1693/1693 1630/1630
f 1630/1630 1693/1693 1694/1694
f 1630/1630 1694/1694 1631/1631
f 1631/1631 1694/1694 1695/1695
f 1631/1631 1695/1695 1632/1632
f 1632/1632 1695/1695 1696/1696
f 1632/1632 1696/1696 1633/1633
f 1633/1633 1696/1696 1697/1697
f 1633/1633 1697/1697 1634/1634
f 1634/1634 1697/1697 1698/1698
f 1634/1634 1698/1698 1635/1635
f 1635/1635 1698/1698 1699/1699
f 1635/1635 1699/1699 1636/1636
f 1636/1636 1699/1699 1700/1700
f 1636/1636 1700/1700 1637/1637
f 1637/1637 1700/1700 1701/1701
f 1637/1637 1701/1701 1638/1638
f 1638/1638 1701/1701 1702/1702
f 1638/1638 1702/1702 1639/1639
f 1639/1639 1702/1702 1703/1703
f 1639/1639 1703/1703 1640/1640
f 1640/1640 1703/1703 1704/1704
f 1640/1640 1704/1704 1641/1641
f 1641/1641 1704/1704 1705/1705
f 1641/1641 1705/1705 1642/1642
f 1642/1642 1705/1705 1706/1706
f 1642/1642 1706/1706 1643/1643
f 1643/1643 1706/1706 1707/1707
f 1643/1643 1707/1707 1644/1644
f 1644/1644 1707/1707 1708/1708
f 1644/1644 1708/1708 1645/1645
f 1645/1645 1708/1708 1709/1709
f 1645/1645 1709/1709 1646/1646
f 1646/1646 1709/1709 1710/1710
f 1646/1646 1710/1710 1647/1647
f 1647/1647 1710/1710 1711/1711
f 1647/1647 1711/1711 1648/1648
f 1648/1648 1711/1711 1712/1712
f 1648/1648 1712/1712 1649/1649
f 1649/1649 1712/1712 1713/1713
f 1649/1649 1713/1713 1650/1650
f 1650/1650 1713/1713 1714/1714
f 1650/1650 1714/1714 1651/1651
f 1651/1651 1714/1714 1715/1715
f 1651/1651 1715/1715 1652/1652
f 1652/1652 1715/1715 1716/1716
f 1652/1652 1716/1716 1653/1653
f 1653/1653 1716/1716 1717/1717
f 1653/1653 1717/1717 1654/1654
f 1654/1654 1717/1717 1718/1718
f 1654/1654 1718/1718 1655/1655
f 1655/1655 1718/1718 1719/1719
f 1655/1655 1719/1719 1656/1656
f 1656/1656 1719/1719 1720/1720
f 1656/1656 1720/1720 1657/1657
f 1657/1657 1720/1720 1721/1721
f 1657/1657 1721/1721 1658/1658
f 1658/1658 1721/1721 1722/1722
f 1658/1658 1722/1722 1659/1659
f 1659/1659 1722/1722 1723/1723
f 1659/1659 1723/1723 1660/1660
f 1660/1660 1723/1723 1724/1724
f 1660/1660 1724/1724 1661/1661
f 1661/1661 1724/1724 1725/1725
f 1661/1661 1725/1725 1662/1662
f 1662/1662 1725/1725 1726/1726
f 1662/1662 1726/1726 1663/1663
f 1663/1663 1726/1726 1727/1727
f 1663/1663 1727/1727 1664/1664
f 1664/1664 1727/1727 1728/1728
f 1665/1665 1729/1729 1666/1666
f 1666/1666 1729/1729 1730/1730
f 1666/1666 1730/1730 1667/1667
f 1667/1667 1730/1730 1731/1731
f 1667/1667 1731/1731 1668/1668
f 1668/1668 1731/1731 1732/1732
f 1668/1668 1732/1732 1669/1669
f 1669/1669 1732/1732 1733/1733
f 1669/1669 1733/1733 1670/1670
f 1670/1670 1733/1733 1734/1734
f 1670/1670 1734/1734 1671/1671
f 1671/1671 1734/1734 1735/1735
f 1671/1671 1735/1735 1672/1672
f 1672/1672 1735/1735 1736/1736
f 1672/1672 1736/1736 1673/1673
f 1673/1673 1736/1736 1737/1737
f 1673/1673 1737/1737 1674/1674
f 1674/1674 1737/1737 1738/1738
f 1674/1674 1738/1738 1675/1675
f 1675/1675 1738/1738 1739/1739
f 1675/1675 1739/1739 1676/1676
f 1676/1676 1739/1739 1740/1740
f 1676/1676 1740/1740 1677/1677
f 1677/1677 1740/1740 1741/1741
f 1677/1677 1741/1741 1678/1678
f 1678/1678 1741/1741 1742/1742
f 1678/1678 1742/1742 1679/1679
f 1679/1679 1742/1742 1743/1743
f 1679/1679 1743/1743 1680/1680
f 1680/1680 1743/1743 1744/1744
f 1680/1680 1744/1744 1681/1681
f 1681/1681 1744/1744 1745/1745
f 1681/1681 1745/1745 1682/1682
f 1682/1682 1745/1745 1746/1746
f 1682/1682 1746/1746 1683/1683
f 1683/1683 1746/1746 1747/1747
f 1683/1683 1747/1747 1684/1684
f 1684/1684 1747/1747 1748/1748
f 1684/1684 1748/1748 1685/1685
f 1685/1685 1748/1748 1749/1749
f 1685/1685 1749/1749 1686/1686
f 1686/1686 1749/1749 1750/1750
f 1686/1686 1750/1750 1687/1687
f 1687/1687 1750/1750 1751/1751
f 1687/1687 1751/1751 1688/1688
f 1688/1688 1751/1751 1752/1752
f 1688/1688 1752/1752 1689/1689
f 1689/1689 1752/1752 1753/1753
f 1689/1689 1753/1753 1690/1690
f 1690/1690 1753/1753 1754/1754
f 1690/1690 1754/1754 1691/1691
f 1691/1691 1754/1754 1755/1755
f 1691/1691 1755/1755 1692/1692
f 1692/1692 1755/1755 1756/1756
f 1692/1692 1756/1756 1693/1693
f 1693/1693 1756/1756 1757/1757
f 1693/1693 1757/1757 1694/1694
f 1694/1694 1757/1757 1758/1758
f 1694/1694 1758/1758 1695/1695
f 1695/1695 1758/1758 1759/1759
f 1695/1695 1759/1759 1696/1696
f 1696/1696 1759/1759 1760/1760
f 1696/1696 1760/1760 1697/1697
f 1697/1697 1760/1760 1761/1761
f 1697/1697 1761/1761 1698/1698
f 1698/1698 1761/1761 1762/1762
f 1698/1698 1762/1762 1699/1699
f 1699/1699 1762/1762 1763/1763
f 1699/1699 1763/1763 1700/1700
f 1700/1700 1763/1763 1764/1764
f 1700/1700 1764/1764 1701/1701
f 1701/1701 1764/1764 1765/1765
f 1701/1701 1765/1765 1702/1702
f 1702/1702 1765/1765 1766/1766
f 1702/1702 1766/1766 1703/1703
f 1703/1703 1766/1766 1767/1767
f 1703/1703 1767/1767 1704/1704
f 1704/1704 1767/1767 1768/1768
f 1704/1704 1768/1768 1705/1705
f 1705/1705 1768/1768 1769/1769
f 1705/1705 1769/1769 1706/1706
f 1706/1706 1769/1769 1770/1770
f 1706/1706 1770/1770 1707/1707
f 1707/1707 1770/1770 1771/1771
f 1707/1707 1771/1771 1708/1708
f 1708/1708 1771/1771 1772/1772
f 1708/1708 1772/1772 1709/1709
f 1709/1709 1772/1772 1773/1773
f 1709/1709 1773/1773 1710/1710
f 1710/1710 1773/1773 1774/1774
f 1710/1710 1774/1774 1711/1711
f 1711/1711 1774/1774 1775/1775
f 1711/1711 1775/1775 1712/1712
f 1712/1712 1775/1775 1776/1776
f 1712/1712 1776/1776 1713/1713
f 1713/1713 1776/1776 1777/1777
f 1713/1713 1777/1777 1714/1714
f 1714/1714 1777/1777 1778/1778
f 1714/1714 1778/1778 1715/1715
f 1715/1715 1778/1778 1779/1779
f 1715/1715 1779/1779 1716/1716
f 1716/1716 1779/1779 1780/1780
f 1716/1716 1780/1780 1717/1717
f 1717/1717 1780/1780 1781/1781
f 1717/1717 1781/1781 1718/1718
f 1718/1718 1781/1781 1782/1782
f 1718/1718 1782/1782 1719/1719
f 1719/1719 1782/1782 1783/1783
f 1719/1719 1783/1783 1720/1720
f 1720/1720 1783/1783 1784/1784
f 1720/1720 1784/1784 1721/1721
f 1721/1721 1784/1784 1785/1785
f 1721/1721 1785/1785 1722/1722
f 1722/1722 1785/1785 1786/1786
f 1722/1722 1786/1786 1723/1723
f 1723/1723 1786/1786 1787/1787
f 1723/1723 1787/1787 1724/1724
f 1724/1724 1787/1787 1788/1788
f 1724/1724 1788/1788 1725/1725
f 1725/1725 1788/1788 1789/1789
f 1725/1725 1789/1789 1726/1726
f 1726/1726 1789/1789 1790/1790
f 1726/1726 1790/1790 1727/1727
f 1727/1727 1790/1790 1791/1791
f 1727/1727 1791/1791 1728/1728
f 1728/1728 1791/1791 1792/1792
f 1729/1729 1793/1793 1730/1730
f 1730/1730 1793/1793 1794/1794
f 1730/1730 1794/1794 1731/1731
f 1731/1731 1794/1794 1795/1795
f 1731/1731 1795/1795 1732/1732
f 1732/1732 1795/1795 1796/1796
f 1732/1732 1796/1796 1733/1733
f 1733/1733 1796/1796 1797/1797
f 1733/1733 1797/1797 1734/1734
f 1734/1734 1797/1797 1798/1798
f 1734/1734 1798/1798 1735/1735
f 1735/1735 1798/1798 1799/1799
f 1735/1735 1799/1799 1736/1736
f 1736/1736 1799/1799 1800/1800
f 1736/1736 1800/1800 1737/1737
f 1737/1737 1800/1800 1801/1801
f 1737/1737 1801/1801 1738/1738
f 1738/1738 1801/1801 1802/1802
f 1738/1738 1802/1802 1739/1739
f 1739/1739 1802/1802 1803/1803
f 1739/1739 1803/1803 1740/1740
f 1740/1740 1803/1803 1804/1804
f 1740/1740 1804/1804 1741/1741
f 1741/1741 1804/1804 1805/1805
f 1741/1741 1805/1805 1742/1742
f 1742/1742 1805/1805 1806/1806
f 1742/1742 1806/1806 1743/1743
f 1743/1743 1806/1806 1807/1807
f 1743/1743 1807/1807 1744/1744
f 1744/1744 1807/1807 1808/1808
f 1744/1744 1808/1808 1745/1745
f 1745/1745 1808/1808 1809/1809
f 1745/1745 1809/1809 1746/1746
f 1746/1746 1809/1809 1810/1810
f 1746/1746 1810/1810 1747/1747
f 1747/1747 1810/1810 1811/1811
f 1747/1747 1811/1811 1748/1748
f 1748/1748 1811/1811 1812/1812
f 1748/1748 1812/1812 1749/1749
f 1749/1749 1812/1812 1813/1813
f 1749/1749 1813/1813 1750/1750
f 1750/1750 1813/1813 1814/1814
f 1750/1750 1814/1814 1751/1751
f 1751/1751 1814/1814 1815/1815
f 1751/1751 1815/1815 1752/1752
f 1752/1752 1815/1815 1816/1816
f 1752/1752 1816/1816 1753/1753
f 1753/1753 1816/1816 1817/1817
f 1753/1753 1817/1817 1754/1754
f 1754/1754 1817/1817 1818/1818
f 1754/1754 1818/1818 1755/1755
f 1755/1755 1818/1818 1819/1819
f 1755/1755 1819/1819 1756/1756
f 1756/1756 1819/1819 1820/1820
f 1756/1756 1820/1820 1757/1757
f 1757/1757 1820/1820 1821/1821
f 1757/1757 1821/1821 1758/1758
f 1758/1758 1821/1821 1822/1822
f 1758/1758 1822/1822 1759/1759
f 1759/1759 1822/1822 1823/1823
f 1759/1759 1823/1823 1760/1760
f 1760/1760 1823/1823 1824/1824
f 1760/1760 1824/1824 1761/1761
f 1761/1761 1824/1824 1825/1825
f 1761/1761 1825/1825 1762/1762
f 1762/1762 1825/1825 1826/1826
f 1762/1762 1826/1826 1763/1763
f 1763/1763 1826/1826 1827/1827
f 1763/1763 1827/1827 1764/1764
f 1764/1764 1827/1827 1828/1828
f 1764/1764 1828/1828 1765/1765
f 1765/1765 1828/1828 1829/1829
f 1765/1765 1829/1829 1766/1766
f 1766/1766 1829/1829 1830/1830
f 1766/1766 1830/1830 1767/1767
f 1767/1767 1830/1830 1831/1831
f 1767/1767 1831/1831 1768/1768
f 1768/1768 1831/1831 1832/1832
f 1768/1768 1832/1832 1769/1769
f 1769/1769 1832/1832 1833/1833
f 1769/1769 1833/1833 1770/1770
f 1770/1770 1833/1833 1834/1834
f 1770/1770 1834/1834 1771/1771
f 1771/1771 1834/1834 1835/1835
f 1771/1771 1835/1835 1772/1772
f 1772/1772 1835/1835 1836/1836
f 1772/1772 1836/1836 1773/1773
f 1773/1773 1836/1836 1837/1837
f 1773/1773 1837/1837 1774/1774
f 1774/1774 1837/1837 1838/1838
f 1774/1774 1838/1838 1775/1775
f 1775/1775 1838/1838 1839/1839
f 1775/1775 1839/1839 1776/1776
f 1776/1776 1839/1839 1840/1840
f 1776/1776 1840/1840 1777/1777
f 1777/1777 1840/1840 1841/1841
f 1777/1777 1841/1841 1778/1778
f 1778/1778 1841/1841 1842/1842
f 1778/1778 1842/1842 1779/1779
f 1779/1779 1842/1842 1843/1843
f 1779/1779 1843/1843 1780/1780
f 1780/1780 1843/1843 1844/1844
f 1780/1780 1844/1844 1781/1781
f 1781/1781 1844/1844 1845/1845
f 1781/1781 1845/1845 1782/1782
f 1782/1782 1845/1845 1846/1846
f 1782/1782 1846/1846 1783/1783
f 1783/1783 1846/1846 1847/1847
f 1783/1783 1847/1847 1784/1784
f 1784/1784 1847/1847 1848/1848
f 1784/1784 1848/1848 1785/1785
f 1785/1785 1848/1848 1849/1849
f 1785/1785 1849/1849 1786/1786
f 1786/1786 1849/1849 1850/1850
f 1786/1786 1850/1850 1787/1787
f 1787/1787 1850/1850 1851/1851
f 1787/1787 1851/1851 1788/1788
f 1788/1788 1851/1851 1852/1852
f 1788/1788 1852/1852 1789/1789
f 1789/1789 1852/1852 1853/1853
f 1789/1789 1853/1853 1790/1790
f 1790/1790 1853/1853 1854/1854
f 1790/1790 1854/1854 1791/1791
f 1791/1791 1854/1854 1855/1855
f 1791/1791 1855/1855 1792/1792
f 1792/1792 1855/1855 1856/1856
f 1793/1793 1857/1857 1794/1794
f 1794/1794 1857/1857 1858/1858
f 1794/1794 1858/1858 1795/1795
f 1795/1795 1858/1858 1859/1859
f 1795/1795 1859/1859 1796/1796
f 1796/1796 1859/1859 1860/1860
f 1796/1796 1860/1860 1797/1797
f 1797/1797 1860/1860 1861/1861
f 1797/1797 1861/1861 1798/1798
f 1798/1798 1861/1861 1862/1862
f 1798/1798 1862/1862 1799/1799
f 1799/1799 1862/1862 1863/1863
f 1799/1799 1863/1863 1800/1800
f 1800/1800 1863/1863 1864/1864
f 1800/1800 1864/1864 1801/1801
f 1801/1801 1864/1864 1865/1865
f 1801/1801 1865/1865 1802/1802
f 1802/1802 1865/1865 1866/1866
f 1802/1802 1866/1866 1803/1803
f 1803/1803 1866/1866 1867/1867
f 1803/1803 1867/1867 1804/1804
f 1804/1804 1867/1867 1868/1868
f 1804/1804 1868/1868 1805/1805
f 1805/1805 1868/1868 1869/1869
f 1805/1805 1869/1869 1806/1806
f 1806/1806 1869/1869 1870/1870
f 1806/1806 1870/1870 1807/1807
f 1807/1807 1870/1870 1871/1871
f 1807/1807 1871/1871 1808/1808
f 1808/1808 1871/1871 1872/1872
f 1808/1808 1872/1872 1809/1809
f 1809/1809 1872/1872 1873/1873
f 1809/1809 1873/1873 1810/1810
f 1810/1810 1873/1873 1874/1874
f 1810/1810 1874/1874 1811/1811
f 1811/1811 1874/1874 1875/1875
f 1811/1811 1875/1875 1812/1812
f 1812/1812 1875/1875 1876/1876
f 1812/1812 1876/1876 1813/1813
f 1813/1813 1876/1876 1877/1877
f 1813/1813 1877/1877 1814/1814
f 1814/1814 1877/1877 1878/1878
f 1814/1814 1878/1878 1815/1815
f 1815/1815 1878/1878 1879/1879
f 1815/1815 1879/1879 1816/1816
f 1816/1816 1879/1879 1880/1880
f 1816/1816 1880/1880 1817/1817
f 1817/1817 1880/1880 1881/1881
f 1817/1817 1881/1881 1818/1818
f 1818/1818 1881/1881 1882/1882
f 1818/1818 1882/1882 1819/1819
f 1819/1819 1882/1882 1883/1883
f 1819/1819 1883/1883 1820/1820
f 1820/1820 1883/1883 1884/1884
f 1820/1820 1884/1884 1821/1821
f 1821/1821 1884/1884 1885/1885
f 1821/1821 1885/1885 1822/1822
f 1822/1822 1885/1885 1886/1886
f 1822/1822 1886/1886 1823/1823
f 1823/1823 1886/1886 1887/1887
f 1823/1823 1887/1887 1824/1824
f 1824/1824 1887/1887 1888/1888
f 1824/1824 1888/1888 1825/1825
f 1825/1825 1888/1888 1889/1889
f 1825/1825 1889/1889 1826/1826
f 1826/1826 1889/1889 1890/1890
f 1826/1826 1890/1890 1827/1827
f 1827/1827 1890/1890 1891/1891
f 1827/1827 1891/1891 1828/1828
f 1828/1828 1891/1891 1892/1892
f 1828/1828 1892/1892 1829/1829
f 1829/1829 1892/1892 1893/1893
f 1829/1829 1893/1893 1830/1830
f 1830/1830 1893/1893 1894/1894
f 1830/1830 1894/1894 1831/1831
f 1831/1831 1894/1894 1895/1895
f 1831/1831 1895/1895 1832/1832
f 1832/1832 1895/1895 1896/1896
f 1832/1832 1896/1896 1833/1833
f 1833/1833 1896/1896 1897/1897
f 1833/1833 1897/1897 1834/1834
f 1834/1834 1897/1897 1898/1898
f 1834/1834 1898/1898 1835/1835
f 1835/1835 1898/1898 1899/1899
f 1835/1835 1899/1899 1836/1836
f 1836/1836 1899/1899 1900/1900
f 1836/1836 1900/1900 1837/1837
f 1837/1837 1900/1900 1901/1901
f 1837/1837 1901/1901 1838/1838
f 1838/1838 1901/1901 1902/1902
f 1838/1838 1902/1902 1839/1839
f 1839/1839 1902/1902 1903/1903
f 1839/1839 1903/1903 1840/1840
f 1840/1840 1903/1903 1904/1904
f 1840/1840 1904/1904 1841/1841
f 1841/1841 1904/1904 1905/1905
f 1841/1841 1905/1905 1842/1842
f 1842/1842 1905/1905 1906/1906
f 1842/1842 1906/1906 1843/1843
f 1843/1843 1906/1906 1907/1907
f 1843/1843 1907/1907 1844/1844
f 1844/1844 1907/1907 1908/1908
f 1844/1844 1908/1908 1845/1845
f 1845/1845 1908/1908 1909/1909
f 1845/1845 1909/1909 1846/1846
f 1846/1846 1909/1909 1910/1910
f 1846/1846 1910/1910 1847/1847
f 1847/1847 1910/1910 1911/1911
f 1847/1847 1911/1911 1848/1848
f 1848/1848 1911/1911 1912/1912
f 1848/1848 1912/1912 1849/1849
f 1849/1849 1912/1912 1913/1913
f 1849/1849 1913/1913 1850/1850
f 1850/1850 1913/1913 1914/1914
f 1850/1850 1914/1914 1851/1851
f 1851/1851 1914/1914 1915/1915
f 1851/1851 1915/1915 1852/1852
f 1852/1852 1915/1915 1916/1916
f 1852/1852 1916/1916 1853/1853
f 1853/1853 1916/1916 1917/1917
f 1853/1853 1917/1917 1854/1854
f 1854/1854 1917/1917 1918/1918
f 1854/1854 1918/1918 1855/1855
f 1855/1855 1918/1918 1919/1919
f 1855/1855 1919/1919 1856/1856
f 1856/1856 1919/1919 1920/1920
f 1857/1857 1921/1921 1858/1858
f 1858/1858 1921/1921 1922/1922
f 1858/1858 1922/1922 1859/1859
f 1859/1859 1922/1922 1923/1923
f 1859/1859 1923/1923 1860/1860
f 1860/1860 1923/1923 1924/1924
f 1860/1860 1924/1924 1861/1861
f 1861/1861 1924/1924 1925/1925
f 1861/1861 1925/1925 1862/1862
f 1862/1862 1925/1925 1926/1926
f 1862/1862 1926/1926 1863/1863
f 1863/1863 1926/1926 1927/1927
f 1863/1863 1927/1927 1864/1864
f 1864/1864 1927/1927 1928/1928
f 1864/1864 1928/1928 1865/1865
f 1865/1865 1928/1928 1929/1929
f 1865/1865 1929/1929 1866/1866
f 1866/1866 1929/1929 1930/1930
f 1866/1866 1930/1930 1867/1867
f 1867/1867 1930/1930 1931/1931
f 1867/1867 1931/1931 1868/1868
f 1868/1868 1931/1931 1932/1932
f 1868/1868 1932/1932 1869/1869
f 1869/1869 1932/1932 1933/1933
f 1869/1869 1933/1933 1870/1870
f 1870/1870 1933/1933 1934/1934
f 1870/1870 1934/1934 1871/1871
f 1871/1871 1934/1934 1935/1935
f 1871/1871 1935/1935 1872/1872
f 1872/1872 1935/1935 1936/1936
f 1872/1872 1936/1936 1873/1873
f 1873/1873 1936/1936 1937/1937
f 1873/1873 1937/1937 1874/1874
f 1874/1874 1937/1937 1938/1938
f 1874/1874 1938/1938 1875/1875
f 1875/1875 1938/1938 1939/1939
f 1875/1875 1939/1939 1876/1876
f 1876/1876 1939/1939 1940/1940
f 1876/1876 1940/1940 1877/1877
f 1877/1877 1940/1940 1941/1941
f 1877/1877 1941/1941 1878/1878
f 1878/1878 1941/1941 1942/1942
f 1878/1878 1942/1942 1879/1879
f 1879/1879 1942/1942 1943/1943
f 1879/1879 1943/1943 1880/1880
f 1880/1880 1943/1943 1944/1944
f 1880/1880 1944/1944 1881/1881
f 1881/1881 1944/1944 1945/1945
f 1881/1881 1945/1945 1882/1882
f 1882/1882 1945/1945 1946/1946
f 1882/1882 1946/1946 1883/1883
f 1883/1883 1946/1946 1947/1947
f 1883/1883 1947/1947 1884/1884
f 1884/1884 1947/1947 1948/1948
f 1884/1884 1948/1948 1885/1885
f 1885/1885 1948/1948 1949/1949
f 1885/1885 1949/1949 1886/1886
f 1886/1886 1949/1949 1950/1950
f 1886/1886 1950/1950 1887/1887
f 1887/1887 1950/1950 1951/1951
f 1887/1887 1951/1951 1888/1888
f 1888/1888 1951/1951 1952/1952
f 1888/1888 1952/1952 1889/1889
f 1889/1889 1952/1952 1953/1953
f 1889/1889 1953/1953 1890/1890
f 1890/1890 1953/1953 1954/1954
f 1890/1890 1954/1954 1891/1891
f 1891/1891 1954/1954 1955/1955
f 1891/1891 1955/1955 1892/1892
f 1892/1892 1955/1955 1956/1956
f 1892/1892 1956/1956 1893/1893
f 1893/1893 1956/1956 1957/1957
f 1893/1893 1957/1957 1894/1894
f 1894/1894 1957/1957 1958/1958
f 1894/1894 1958/1958 1895/1895
f 1895/1895 1958/1958 1959/1959
f 1895/1895 1959/1959 1896/1896
f 1896/1896 1959/1959 1960/1960
f 1896/1896 1960/1960 1897/1897
f 1897/1897 1960/1960 1961/1961
f 1897/1897 1961/1961 1898/1898
f 1898/1898 1961/1961 1962/1962
f 1898/1898 1962/1962 1899/1899
f 1899/1899 1962/1962 1963/1963
f 1899/1899 1963/1963 1900/1900
f 1900/1900 1963/1963 1964/1964
f 1900/1900 1964/1964 1901/1901
f 1901/1901 1964/1964 1965/1965
f 1901/1901 1965/1965 1902/1902
f 1902/1902 1965/1965 1966/1966
f 1902/1902 1966/1966 1903/1903
f 1903/1903 1966/1966 1967/1967
f 1903/1903 1967/1967 1904/1904
f 1904/1904 1967/1967 1968/1968
f 1904/1904 1968/1968 1905/1905
f 1905/1905 1968/1968 1969/1969
f 1905/1905 1969/1969 1906/1906
f 1906/1906 1969/1969 1970/1970
f 1906/1906 1970/1970 1907/1907
f 1907/1907 1970/1970 1971/1971
f 1907/1907 1971/1971 1908/1908
f 1908/1908 1971/1971 1972/1972
f 1908/1908 1972/1972 1909/1909
f 1909/1909 1972/1972 1973/1973
f 1909/1909 1973/1973 1910/1910
f 1910/1910 1973/1973 1974/1974
f 1910/1910 1974/1974 1911/1911
f 1911/1911 1974/1974 1975/1975
f 1911/1911 1975/1975 1912/1912
f 1912/1912 1975/1975 1976/1976
f 1912/1912 1976/1976 1913/1913
f 1913/1913 1976/1976 1977/1977
f 1913/1913 1977/1977 1914/1914
f 1914/1914 1977/1977 1978/1978
f 1914/1914 1978/1978 1915/1915
f 1915/1915 1978/1978 1979/1979
f 1915/1915 1979/1979 1916/1916
f 1916/1916 1979/1979 1980/1980
f 1916/1916 1980/1980 1917/1917
f 1917/1917 1980/1980 1981/1981
f 1917/1917 1981/1981 1918/1918
f 1918/1918 1981/1981 1982/1982
f 1918/1918 1982/1982 1919/1919
f 1919/1919 1982/1982 1983/1983
f 1919/1919 1983/1983 1920/1920
f 1920/1920 1983/1983 1984/1984
f 1921/1921 1985/1985 1922/1922
f 1922/1922 1985/1985 1986/1986
f 1922/1922 1986/1986 1923/1923
f 1923/1923 1986/1986 1987/1987
f 1923/1923 1987/1987 1924/1924
f 1924/1924 1987/1987 1988/1988
f 1924/1924 1988/1988 1925/1925
f 1925/1925 1988/1988 1989/1989
f 1925/1925 1989/1989 1926/1926
f 1926/1926 1989/1989 1990/1990
f 1926/1926 1990/1990 1927/1927
f 1927/1927 1990/1990 1991/1991
f 1927/1927 1991/1991 1928/1928
f 1928/1928 1991/1991 1992/1992
f 1928/1928 1992/1992 1929/1929
f 1929/1929 1992/1992 1993/1993
f 1929/1929 1993/1993 1930/1930
f 1930/1930 1993/1993 1994/1994
f 1930/1930 1994/1994 1931/1931
f 1931/1931 1994/1994 1995/1995
f 1931/1931 1995/1995 1932/1932
f 1932/1932 1995/1995 1996/1996
f 1932/1932 1996/1996 1933/1933
f 1933/1933 1996/1996 1997/1997
f 1933/1933 1997/1997 1934/1934
f 1934/1934 1997/1997 1998/1998
f 1934/1934 1998/1998 1935/1935
f 1935/1935 1998/1998 1999/1999
f 1935/1935 1999/1999 1936/1936
f 1936/1936 1999/1999 2000/2000
f 1936/1936 2000/2000 1937/1937
f 1937/1937 2000/2000 2001/2001
f 1937/1937 2001/2001 1938/1938
f 1938/1938 2001/2001 2002/2002
f 1938/1938 2002/2002 1939/1939
f 1939/1939 2002/2002 2003/2003
f 1939/1939 2003/2003 1940/1940
f 1940/1940 2003/2003 2004/2004
f 1940/1940 2004/2004 1941/1941
f 1941/1941 2004/2004 2005/2005
f 1941/1941 2005/2005 1942/1942
f 1942/1942 2005/2005 2006/2006
f 1942/1942 2006/2006 1943/1943
f 1943/1943 2006/2006 2007/2007
f 1943/1943 2007/2007 1944/1944
f 1944/1944 2007/2007 2008/2008
f 1944/1944 2008/2008 1945/1945
f 1945/1945 2008/2008 2009/2009
f 1945/1945 2009/2009 1946/1946
f 1946/1946 2009/2009 2010/2010
f 1946/1946 2010/2010 1947/1947
f 1947/1947 2010/2010 2011/2011
f 1947/1947 2011/2011 1948/1948
f 1948/1948 2011/2011 2012/2012
f 1948/1948 2012/2012 1949/1949
f 1949/1949 2012/2012 2013/2013
f 1949/1949 2013/2013 1950/1950
f 1950/1950 2013/2013 2014/2014
f 1950/1950 2014/2014 1951/1951
f 1951/1951 2014/2014 2015/2015
f 1951/1951 2015/2015 1952/1952
f 1952/1952 2015/2015 2016/2016
f 1952/1952 2016/2016 1953/1953
f 1953/1953 2016/2016 2017/2017
f 1953/1953 2017/2017 1954/1954
f 1954/1954 2017/2017 2018/2018
f 1954/1954 2018/2018 1955/1955
f 1955/1955 2018/2018 2019/2019
f 1955/1955 2019/2019 1956/1956
f 1956/1956 2019/2019 2020/2020
f 1956/1956 2020/2020 1957/1957
f 1957/1957 2020/2020 2021/2021
f 1957/1957 2021/2021 1958/1958
f 1958/1958 2021/2021 2022/2022
f 1958/1958 2022/2022 1959/1959
f 1959/1959 2022/2022 2023/2023
f 1959/1959 2023/2023 1960/1960
f 1960/1960 2023/2023 2024/2024
f 1960/1960 2024/2024 1961/1961
f 1961/1961 2024/2024 2025/2025
f 1961/1961 2025/2025 1962/1962
f 1962/1962 2025/2025 2026/2026
f 1962/1962 2026/2026 1963/1963
f 1963/1963 2026/2026 2027/2027
f 1963/1963 2027/2027 1964/1964
f 1964/1964 2027/2027 2028/2028
f 1964/1964 2028/2028 1965/1965
f 1965/1965 2028/2028 2029/2029
f 1965/1965 2029/2029 1966/1966
f 1966/1966 2029/2029 2030/2030
f 1966/1966 2030/2030 1967/1967
f 1967/1967 2030/2030 2031/2031
f 1967/1967 2031/2031 1968/1968
f 1968/1968 2031/2031 2032/2032
f 1968/1968 2032/2032 1969/1969
f 1969/1969 2032/2032 2033/2033
f 1969/1969 2033/2033 1970/1970
f 1970/1970 2033/2033 2034/2034
f 1970/1970 2034/2034 1971/1971
f 1971/1971 2034/2034 2035/2035
f 1971/1971 2035/2035 1972/1972
f 1972/1972 2035/2035 2036/2036
f 1972/1972 2036/2036 1973/1973
f 1973/1973 2036/2036 2037/2037
f 1973/1973 2037/2037 1974/1974
f 1974/1974 2037/2037 2038/2038
f 1974/1974 2038/2038 1975/1975
f 1975/1975 2038/2038 2039/2039
f 1975/1975 2039/2039 1976/1976
f 1976/1976 2039/2039 2040/2040
f 1976/1976 2040/2040 1977/1977
f 1977/1977 2040/2040 2041/2041
f 1977/1977 2041/2041 1978/1978
f 1978/1978 2041/2041 2042/2042
f 1978/1978 2042/2042 1979/1979
f 1979/1979 2042/2042 2043/2043
f 1979/1979 2043/2043 1980/1980
f 1980/1980 2043/2043 2044/2044
f 1980/1980 2044/2044 1981/1981
f 1981/1981 2044/2044 2045/2045
f 1981/1981 2045/2045 1982/1982
f 1982/1982 2045/2045 2046/2046
f 1982/1982 2046/2046 1983/1983
f 1983/1983 2046/2046 2047/2047
f 1983/1983 2047/2047 1984/1984
f 1984/1984 2047/2047 2048/2048
f 1985/1985 2049/2049 1986/1986
f 1986/1986 2049/2049 2050/2050
f 1986/1986 2050/2050 1987/1987
f 1987/1987 2050/2050 2051/2051
f 1987/1987 2051/2051 1988/1988
f 1988/1988 2051/2051 2052/2052
f 1988/1988 2052/2052 1989/1989
f 1989/1989 2052/2052 2053/2053
f 1989/1989 2053/2053 1990/1990
f 1990/1990 2053/2053 2054/2054
f 1990/1990 2054/2054 1991/1991
f 1991/1991 2054/2054 2055/2055
f 1991/1991 2055/2055 1992/1992
f 1992/1992 2055/2055 2056/2056
f 1992/1992 2056/2056 1993/1993
f 1993/1993 2056/2056 2057/2057
f 1993/1993 2057/2057 1994/1994
f 1994/1994 2057/2057 2058/2058
f 1994/1994 2058/2058 1995/1995
f 1995/1995 2058/2058 2059/2059
f 1995/1995 2059/2059 1996/1996
f 1996/1996 2059/2059 2060/2060
f 1996/1996 2060/2060 1997/1997
f 1997/1997 2060/2060 2061/2061
f 1997/1997 2061/2061 1998/1998
f 1998/1998 2061/2061 2062/2062
f 1998/1998 2062/2062 1999/1999
f 1999/1999 2062/2062 2063/2063
f 1999/1999 2063/2063 2000/2000
f 2000/2000 2063/2063 2064/2064
f 2000/2000 2064/2064 2001/2001
f 2001/2001 2064/2064 2065/2065
f 2001/2001 2065/2065 2002/2002
f 2002/2002 2065/2065 2066/2066
f 2002/2002 2066/2066 2003/2003
f 2003/2003 2066/2066 2067/2067
f 2003/2003 2067/2067 2004/2004
f 2004/2004 2067/2067 2068/2068
f 2004/2004 2068/2068 2005/2005
f 2005/2005 2068/2068 2069/2069
f 2005/2005 2069/2069 2006/2006
f 2006/2006 2069/2069 2070/2070
f 2006/2006 2070/2070 2007/2007
f 2007/2007 2070/2070 2071/2071
f 2007/2007 2071/2071 2008/2008
f 2008/2008 2071/2071 2072/2072
f 2008/2008 2072/2072 2009/2009
f 2009/2009 2072/2072 2073/2073
f 2009/2009 2073/2073 2010/2010
f 2010/2010 2073/2073 2074/2074
f 2010/2010 2074/2074 2011/2011
f 2011/2011 2074/2074 2075/2075
f 2011/2011 2075/2075 2012/2012
f 2012/2012 2075/2075 2076/2076
f 2012/2012 2076/2076 2013/2013
f 2013/2013 2076/2076 2077/2077
f 2013/2013 2077/2077 2014/2014
f 2014/2014 2077/2077 2078/2078
f 2014/2014 2078/2078 2015/2015
f 2015/2015 2078/2078 2079/2079
f 2015/2015 2079/2079 2016/2016
f 2016/2016 2079/2079 2080/2080
f 2016/2016 2080/2080 2017/2017
f 2017/2017 2080/2080 2081/2081
f 2017/2017 2081/2081 2018/2018
f 2018/2018 2081/2081 2082/2082
f 2018/2018 2082/2082 2019/2019
f 2019/2019 2082/2082 2083/2083
f 2019/2019 2083/2083 2020/2020
f 2020/2020 2083/2083 2084/2084
f 2020/2020 2084/2084 2021/2021
f 2021/2021 2084/2084 2085/2085
f 2021/2021 2085/2085 2022/2022
f 2022/2022 2085/2085 2086/2086
f 2022/2022 2086/2086 2023/2023
f 2023/2023 2086/2086 2087/2087
f 2023/2023 2087/2087 2024/2024
f 2024/2024 2087/2087 2088/2088
f 2024/2024 2088/2088 2025/2025
f 2025/2025 2088/2088 2089/2089
f 2025/2025 2089/2089 2026/2026
f 2026/2026 2089/2089 2090/2090
f 2026/2026 2090/2090 2027/2027
f 2027/2027 2090/2090 2091/2091
f 2027/2027 2091/2091 2028/2028
f 2028/2028 2091/2091 2092/2092
f 2028/2028 2092/2092 2029/2029
f 2029/2029 2092/2092 2093/2093
f 2029/2029 2093/2093 2030/2030
f 2030/2030 2093/2093 2094/2094
f 2030/2030 2094/2094 2031/2031
f 2031/2031 2094/2094 2095/2095
f 2031/2031 2095/2095 2032/2032
f 2032/2032 2095/2095 2096/2096
f 2032/2032 2096/2096 2033/2033
f 2033/2033 2096/2096 2097/2097
f 2033/2033 2097/2097 2034/2034
f 2034/2034 2097/2097 2098/2098
f 2034/2034 2098/2098 2035/2035
f 2035/2035 2098/2098 2099/2099
f 2035/2035 2099/2099 2036/2036
f 2036/2036 2099/2099 2100/2100
f 2036/2036 2100/2100 2037/2037
f 2037/2037 2100/2100 2101/2101
f 2037/2037 2101/2101 2038/2038
f 2038/2038 2101/2101 2102/2102
f 2038/2038 2102/2102 2039/2039
f 2039/2039 2102/2102 2103/2103
f 2039/2039 2103/2103 2040/2040
f 2040/2040 2103/2103 2104/2104
f 2040/2040 2104/2104 2041/2041
f 2041/2041 2104/2104 2105/2105
f 2041/2041 2105/2105 2042/2042
f 2042/2042 2105/2105 2106/2106
f 2042/2042 2106/2106 2043/2043
f 2043/2043 2106/2106 2107/2107
f 2043/2043 2107/2107 2044/2044
f 2044/2044 2107/2107 2108/2108
f 2044/2044 2108/2108 2045/2045
f 2045/2045 2108/2108 2109/2109
f 2045/2045 2109/2109 2046/2046
f 2046/2046 2109/2109 2110/2110
f 2046/2046 2110/2110 2047/2047
f 2047/2047 2110/2110 2111/2111
f 2047/2047 2111/2111 2048/2048
f 2048/2048 2111/2111 2112/2112
f 2049/2049 2113/2113 2050/2050
f 2050/2050 2113/2113 2114/2114
f 2050/2050 2114/2114 2051/2051
f 2051/2051 2114/2114 2115/2115
f 2051/2051 2115/2115 2052/2052
f 2052/2052 2115/2115 2116/2116
f 2052/2052 2116/2116 2053/2053
f 2053/2053 2116/2116 2117/2117
f 2053/2053 2117/2117 2054/2054
f 2054/2054 2117/2117 2118/2118
f 2054/2054 2118/2118 2055/2055
f 2055/2055 2118/2118 2119/2119
f 2055/2055 2119/2119 2056/2056
f 2056/2056 2119/2119 2120/2120
f 2056/2056 2120/2120 2057/2057
f 2057/2057 2120/2120 2121/2121
f 2057/2057 2121/2121 2058/2058
f 2058/2058 2121/2121 2122/2122
f 2058/2058 2122/2122 2059/2059
f 2059/2059 2122/2122 2123/2123
f 2059/2059 2123/2123 2060/2060
f 2060/2060 2123/2123 2124/2124
f 2060/2060 2124/2124 2061/2061
f 2061/2061 2124/2124 2125/2125
f 2061/2061 2125/2125 2062/2062
f 2062/2062 2125/2125 2126/2126
f 2062/2062 2126/2126 2063/2063
f 2063/2063 2126/2126 2127/2127
f 2063/2063 2127/2127 2064/2064
f 2064/2064 2127/2127 2128/2128
f 2064/2064 2128/2128 2065/2065
f 2065/2065 2128/2128 2129/2129
f 2065/2065 2129/2129 2066/2066
f 2066/2066 2129/2129 2130/2130
f 2066/2066 2130/2130 2067/2067
f 2067/2067 2130/2130 2131/2131
f 2067/2067 2131/2131 2068/2068
f 2068/2068 2131/2131 2132/2132
f 2068/2068 2132/2132 2069/2069
f 2069/2069 2132/2132 2133/2133
f 2069/2069 2133/2133 2070/2070
f 2070/2070 2133/2133 2134/2134
f 2070/2070 2134/2134 2071/2071
f 2071/2071 2134/2134 2135/2135
f 2071/2071 2135/2135 2072/2072
f 2072/2072 2135/2135 2136/2136
f 2072/2072 2136/2136 2073/2073
f 2073/2073 2136/2136 2137/2137
f 2073/2073 2137/2137 2074/2074
f 2074/2074 2137/2137 2138/2138
f 2074/2074 2138/2138 2075/2075
f 2075/2075 2138/2138 2139/2139
f 2075/2075 2139/2139 2076/2076
f 2076/2076 2139/2139 2140/2140
f 2076/2076 2140/2140 2077/2077
f 2077/2077 2140/2140 2141/2141
f 2077/2077 2141/2141 2078/2078
f 2078/2078 2141/2141 2142/2142
f 2078/2078 2142/2142 2079/2079
f 2079/2079 2142/2142 2143/2143
f 2079/2079 2143/2143 2080/2080
f 2080/2080 2143/2143 2144/2144
f 2080/2080 2144/2144 2081/2081
f 2081/2081 2144/2144 2145/2145
f 2081/2081 2145/2145 2082/2082
f 2082/2082 2145/2145 2146/2146
f 2082/2082 2146/2146 2083/2083
f 2083/2083 2146/2146 2147/2147
f 2083/2083 2147/2147 2084/2084
f 2084/2084 2147/2147 2148/2148
f 2084/2084 2148/2148 2085/2085
f 2085/2085 2148/2148 2149/2149
f 2085/2085 2149/2149 2086/2086
f 2086/2086 2149/2149 2150/2150
f 2086/2086 2150/2150 2087/2087
f 2087/2087 2150/2150 2151/2151
f 2087/2087 2151/2151 2088/2088
f 2088/2088 2151/2151 2152/2152
f 2088/2088 2152/2152 2089/2089
f 2089/2089 2152/2152 2153/2153
f 2089/2089 2153/2153 2090/2090
f 2090/2090 2153/2153 2154/2154
f 2090/2090 2154/2154 2091/2091
f 2091/2091 2154/2154 2155/2155
f 2091/2091 2155/2155 2092/2092
f 2092/2092 2155/2155 2156/2156
f 2092/2092 2156/2156 2093/2093
f 2093/2093 2156/2156 2157/2157
f 2093/2093 2157/2157 2094/2094
f 2094/2094 2157/2157 2158/2158
f 2094/2094 2158/2158 2095/2095
f 2095/2095 2158/2158 2159/2159
f 2095/2095 2159/2159 2096/2096
f 2096/2096 2159/2159 2160/2160
f 2096/2096 2160/2160 2097/2097
f 2097/2097 2160/2160 2161/2161
f 2097/2097 2161/2161 2098/2098
f 2098/2098 2161/2161 2162/2162
f 2098/2098 2162/2162 2099/2099
f 2099/2099 2162/2162 2163/2163
f 2099/2099 2163/2163 2100/2100
f 2100/2100 2163/2163 2164/2164
f 2100/2100 2164/2164 2101/2101
f 2101/2101 2164/2164 2165/2165
f 2101/2101 2165/2165 2102/2102
f 2102/2102 2165/2165 2166/2166
f 2102/2102 2166/2166 2103/2103
f 2103/2103 2166/2166 2167/2167
f 2103/2103 2167/2167 2104/2104
f 2104/2104 2167/2167 2168/2168
f 2104/2104 2168/2168 2105/2105
f 2105/2105 2168/2168 2169/2169
f 2105/2105 2169/2169 2106/2106
f 2106/2106 2169/2169 2170/2170
f 2106/2106 2170/2170 2107/2107
f 2107/2107 2170/2170 2171/2171
f 2107/2107 2171/2171 2108/2108
f 2108/2108 2171/2171 2172/2172
f 2108/2108 2172/2172 2109/2109
f 2109/2109 2172/2172 2173/2173
f 2109/2109 2173/2173 2110/2110
f 2110/2110 2173/2173 2174/2174
f 2110/2110 2174/2174 2111/2111
f 2111/2111 2174/2174 2175/2175
f 2111/2111 2175/2175 2112/2112
f 2112/2112 2175/2175 2176/2176
f 2113/2113 2177/2177 2114/2114
f 2114/2114 2177/2177 2178/2178
f 2114/2114 2178/2178 2115/2115
f 2115/2115 2178/2178 2179/2179
f 2115/2115 2179/2179 2116/2116
f 2116/2116 2179/2179 2180/2180
f 2116/2116 2180/2180 2117/2117
f 2117/2117 2180/2180 2181/2181
f 2117/2117 2181/2181 2118/2118
f 2118/2118 2181/2181 2182/2182
f 2118/2118 2182/2182 2119/2119
f 2119/2119 2182/2182 2183/2183
f 2119/2119 2183/2183 2120/2120
f 2120/2120 2183/2183 2184/2184
f 2120/2120 2184/2184 2121/2121
f 2121/2121 2184/2184 2185/2185
f 2121/2121 2185/2185 2122/2122
f 2122/2122 2185/2185 2186/2186
f 2122/2122 2186/2186 2123/2123
f 2123/2123 2186/2186 2187/2187
f 2123/2123 2187/2187 2124/2124
f 2124/2124 2187/2187 2188/2188
f 2124/2124 2188/2188 2125/2125
f 2125/2125 2188/2188 2189/2189
f 2125/2125 2189/2189 2126/2126
f 2126/2126 2189/2189 2190/2190
f 2126/2126 2190/2190 2127/2127
f 2127/2127 2190/2190 2191/2191
f 2127/2127 2191/2191 2128/2128
f 2128/2128 2191/2191 2192/2192
f 2128/2128 2192/2192 2129/2129
f 2129/2129 2192/2192 2193/2193
f 2129/2129 2193/2193 2130/2130
f 2130/2130 2193/2193 2194/2194
f 2130/2130 2194/2194 2131/2131
f 2131/2131 2194/2194 2195/2195
f 2131/2131 2195/2195 2132/2132
f 2132/2132 2195/2195 2196/2196
f 2132/2132 2196/2196 2133/2133
f 2133/2133 2196/2196 2197/2197
f 2133/2133 2197/2197 2134/2134
f 2134/2134 2197/2197 2198/2198
f 2134/2134 2198/2198 2135/2135
f 2135/2135 2198/2198 2199/2199
f 2135/2135 2199/2199 2136/2136
f 2136/2136 2199/2199 2200/2200
f 2136/2136 2200/2200 2137/2137
f 2137/2137 2200/2200 2201/2201
f 2137/2137 2201/2201 2138/2138
f 2138/2138 2201/2201 2202/2202
f 2138/2138 2202/2202 2139/2139
f 2139/2139 2202/2202 2203/2203
f 2139/2139 2203/2203 2140/2140
f 2140/2140 2203/2203 2204/2204
f 2140/2140 2204/2204 2141/2141
f 2141/2141 2204/2204 2205/2205
f 2141/2141 2205/2205 2142/2142
f 2142/2142 2205/2205 2206/2206
f 2142/2142 2206/2206 2143/2143
f 2143/2143 2206/2206 2207/2207
f 2143/2143 2207/2207 2144/2144
f 2144/2144 2207/2207 2208/2208
f 2144/2144 2208/2208 2145/2145
f 2145/2145 2208/2208 2209/2209
f 2145/2145 2209/2209 2146/2146
f 2146/2146 2209/2209 2210/2210
f 2146/2146 2210/2210 2147/2147
f 2147/2147 2210/2210 2211/2211
f 2147/2147 2211/2211 2148/2148
f 2148/2148 2211/2211 2212/2212
f 2148/2148 2212/2212 2149/2149
f 2149/2149 2212/2212 2213/2213
f 2149/2149 2213/2213 2150/2150
f 2150/2150 2213/2213 2214/2214
f 2150/2150 2214/2214 2151/2151
f 2151/2151 2214/2214 2215/2215
f 2151/2151 2215/2215 2152/2152
f 2152/2152 2215/2215 2216/2216
f 2152/2152 2216/2216 2153/2153
f 2153/2153 2216/2216 2217/2217
f 2153/2153 2217/2217 2154/2154
f 2154/2154 2217/2217 2218/2218
f 2154/2154 2218/2218 2155/2155
f 2155/2155 2218/2218 2219/2219
f 2155/2155 2219/2219 2156/2156
f 2156/2156 2219/2219 2220/2220
f 2156/2156 2220/2220 2157/2157
f 2157/2157 2220/2220 2221/2221
f 2157/2157 2221/2221 2158/2158
f 2158/2158 2221/2221 2222/2222
f 2158/2158 2222/2222 2159/2159
f 2159/2159 2222/2222 2223/2223
f 2159/2159 2223/2223 2160/2160
f 2160/2160 2223/2223 2224/2224
f 2160/2160 2224/2224 2161/2161
f 2161/2161 2224/2224 2225/2225
f 2161/2161 2225/2225 2162/2162
f 2162/2162 2225/2225 2226/2226
f 2162/2162 2226/2226 2163/2163
f 2163/2163 2226/2226 2227/2227
f 2163/2163 2227/2227 2164/2164
f 2164/2164 2227/2227 2228/2228
f 2164/2164 2228/2228 2165/2165
f 2165/2165 2228/2228 2229/2229
f 2165/2165 2229/2229 2166/2166
f 2166/2166 2229/2229 2230/2230
f 2166/2166 2230/2230 2167/2167
f 2167/2167 2230/2230 2231/2231
f 2167/2167 2231/2231 2168/2168
f 2168/2168 2231/2231 2232/2232
f 2168/2168 2232/2232 2169/2169
f 2169/2169 2232/2232 2233/2233
f 2169/2169 2233/2233 2170/2170
f 2170/2170 2233/2233 2234/2234
f 2170/2170 2234/2234 2171/2171
f 2171/2171 2234/2234 2235/2235
f 2171/2171 2235/2235 2172/2172
f 2172/2172 2235/2235 2236/2236
f 2172/2172 2236/2236 2173/2173
f 2173/2173 2236/2236 2237/2237
f 2173/2173 2237/2237 2174/2174
f 2174/2174 2237/2237 2238/2238
f 2174/2174 2238/2238 2175/2175
f 2175/2175 2238/2238 2239/2239
f 2175/2175 2239/2239 2176/2176
f 2176/2176 2239/2239 2240/2240
f 2177/2177 2241/2241 2178/2178
f 2178/2178 2241/2241 2242/2242
f 2178/2178 2242/2242 2179/2179
f 2179/2179 2242/2242 2243/2243
f 2179/2179 2243/2243 2180/2180
f 2180/2180 2243/2243 2244/2244
f 2180/2180 2244/2244 2181/2181
f 2181/2181 2244/2244 2245/2245
f 2181/2181 2245/2245 2182/2182
f 2182/2182 2245/2245 2246/2246
f 2182/2182 2246/2246 2183/2183
f 2183/2183 2246/2246 2247/2247
f 2183/2183 2247/2247 2184/2184
f 2184/2184 2247/2247 2248/2248
f 2184/2184 2248/2248 2185/2185
f 2185/2185 2248/2248 2249/2249
f 2185/2185 2249/2249 2186/2186
f 2186/2186 2249/2249 2250/2250
f 2186/2186 2250/2250 2187/2187
f 2187/2187 2250/2250 2251/2251
f 2187/2187 2251/2251 2188/2188
f 2188/2188 2251/2251 2252/2252
f 2188/2188 2252/2252 2189/2189
f 2189/2189 2252/2252 2253/2253
f 2189/2189 2253/2253 2190/2190
f 2190/2190 2253/2253 2254/2254
f 2190/2190 2254/2254 2191/2191
f 2191/2191 2254/2254 2255/2255
f 2191/2191 2255/2255 2192/2192
f 2192/2192 2255/2255 2256/2256
f 2192/2192 2256/2256 2193/2193
f 2193/2193 2256/2256 2257/2257
f 2193/2193 2257/2257 2194/2194
f 2194/2194 2257/2257 2258/2258
f 2194/2194 2258/2258 2195/2195
f 2195/2195 2258/2258 2259/2259
f 2195/2195 2259/2259 2196/2196
f 2196/2196 2259/2259 2260/2260
f 2196/2196 2260/2260 2197/2197
f 2197/2197 2260/2260 2261/2261
f 2197/2197 2261/2261 2198/2198
f 2198/2198 2261/2261 2262/2262
f 2198/2198 2262/2262 2199/2199
f 2199/2199 2262/2262 2263/2263
f 2199/2199 2263/2263 2200/2200
f 2200/2200 2263/2263 2264/2264
f 2200/2200 2264/2264 2201/2201
f 2201/2201 2264/2264 2265/2265
f 2201/2201 2265/2265 2202/2202
f 2202/2202 2265/2265 2266/2266
f 2202/2202 2266/2266 2203/2203
f 2203/2203 2266/2266 2267/2267
f 2203/2203 2267/2267 2204/2204
f 2204/2204 2267/2267 2268/2268
f 2204/2204 2268/2268 2205/2205
f 2205/2205 2268/2268 2269/2269
f 2205/2205 2269/2269 2206/2206
f 2206/2206 2269/2269 2270/2270
f 2206/2206 2270/2270 2207/2207
f 2207/2207 2270/2270 2271/2271
f 2207/2207 2271/2271 2208/2208
f 2208/2208 2271/2271 2272/2272
f 2208/2208 2272/2272 2209/2209
f 2209/2209 2272/2272 2273/2273
f 2209/2209 2273/2273 2210/2210
f 2210/2210 2273/2273 2274/2274
f 2210/2210 2274/2274 2211/2211
f 2211/2211 2274/2274 2275/2275
f 2211/2211 2275/2275 2212/2212
f 2212/2212 2275/2275 2276/2276
f 2212/2212 2276/2276 2213/2213
f 2213/2213 2276/2276 2277/2277
f 2213/2213 2277/2277 2214/2214
f 2214/2214 2277/2277 2278/2278
f 2214/2214 2278/2278 2215/2215
f 2215/2215 2278/2278 2279/2279
f 2215/2215 2279/2279 2216/2216
f 2216/2216 2279/2279 2280/2280
f 2216/2216 2280/2280 2217/2217
f 2217/2217 2280/2280 2281/2281
f 2217/2217 2281/2281 2218/2218
f 2218/2218 2281/2281 2282/2282
f 2218/2218 2282/2282 2219/2219
f 2219/2219 2282/2282 2283/2283
f 2219/2219 2283/2283 2220/2220
f 2220/2220 2283/2283 2284/2284
f 2220/2220 2284/2284 2221/2221
f 2221/2221 2284/2284 2285/2285
f 2221/2221 2285/2285 2222/2222
f 2222/2222 2285/2285 2286/2286
f 2222/2222 2286/2286 2223/2223
f 2223/2223 2286/2286 2287/2287
f 2223/2223 2287/2287 2224/2224
f 2224/2224 2287/2287 2288/2288
f 2224/2224 2288/2288 2225/2225
f 2225/2225 2288/2288 2289/2289
f 2225/2225 2289/2289 2226/2226
f 2226/2226 2289/2289 2290/2290
f 2226/2226 2290/2290 2227/2227
f 2227/2227 2290/2290 2291/2291
f 2227/2227 2291/2291 2228/2228
f 2228/2228 2291/2291 2292/2292
f 2228/2228 2292/2292 2229/2229
f 2229/2229 2292/2292 2293/2293
f 2229/2229 2293/2293 2230/2230
f 2230/2230 2293/2293 2294/2294
f 2230/2230 2294/2294 2231/2231
f 2231/2231 2294/2294 2295/2295
f 2231/2231 2295/2295 2232/2232
f 2232/2232 2295/2295 2296/2296
f 2232/2232 2296/2296 2233/2233
f 2233/2233 2296/2296 2297/2297
f 2233/2233 2297/2297 2234/2234
f 2234/2234 2297/2297 2298/2298
f 2234/2234 2298/2298 2235/2235
f 2235/2235 2298/2298 2299/2299
f 2235/2235 2299/2299 2236/2236
f 2236/2236 2299/2299 2300/2300
f 2236/2236 2300/2300 2237/2237
f 2237/2237 2300/2300 2301/2301
f 2237/2237 2301/2301 2238/2238
f 2238/2238 2301/2301 2302/2302
f 2238/2238 2302/2302 2239/2239
f 2239/2239 2302/2302 2303/2303
f 2239/2239 2303/2303 2240/2240
f 2240/2240 2303/2303 2304/2304
f 2241/2241 2305/2305 2242/2242
f 2242/2242 2305/2305 2306/2306
f 2242/2242 2306/2306 2243/2243
f 2243/2243 2306/2306 2307/2307
f 2243/2243 2307/2307 2244/2244
f 2244/2244 2307/2307 2308/2308
f 2244/2244 2308/2308 2245/2245
f 2245/2245 2308/2308 2309/2309
f 2245/2245 2309/2309 2246/2246
f 2246/2246 2309/2309 2310/2310
f 2246/2246 2310/2310 2247/2247
f 2247/2247 2310/2310 2311/2311
f 2247/2247 2311/2311 2248/2248
f 2248/2248 2311/2311 2312/2312
f 2248/2248 2312/2312 2249/2249
f 2249/2249 2312/2312 2313/2313
f 2249/2249 2313/2313 2250/2250
f 2250/2250 2313/2313 2314/2314
f 2250/2250 2314/2314 2251/2251
f 2251/2251 2314/2314 2315/2315
f 2251/2251 2315/2315 2252/2252
f 2252/2252 2315/2315 2316/2316
f 2252/2252 2316/2316 2253/2253
f 2253/2253 2316/2316 2317/2317
f 2253/2253 2317/2317 2254/2254
f 2254/2254 2317/2317 2318/2318
f 2254/2254 2318/2318 2255/2255
f 2255/2255 2318/2318 2319/2319
f 2255/2255 2319/2319 2256/2256
f 2256/2256 2319/2319 2320/2320
f 2256/2256 2320/2320 2257/2257
f 2257/2257 2320/2320 2321/2321
f 2257/2257 2321/2321 2258/2258
f 2258/2258 2321/2321 2322/2322
f 2258/2258 2322/2322 2259/2259
f 2259/2259 2322/2322 2323/2323
f 2259/2259 2323/2323 2260/2260
f 2260/2260 2323/2323 2324/2324
f 2260/2260 2324/2324 2261/2261
f 2261/2261 2324/2324 2325/2325
f 2261/2261 2325/2325 2262/2262
f 2262/2262 2325/2325 2326/2326
f 2262/2262 2326/2326 2263/2263
f 2263/2263 2326/2326 2327/2327
f 2263/2263 2327/2327 2264/2264
f 2264/2264 2327/2327 2328/2328
f 2264/2264 2328/2328 2265/2265
f 2265/2265 2328/2328 2329/2329
f 2265/2265 2329/2329 2266/2266
f 2266/2266 2329/2329 2330/2330
f 2266/2266 2330/2330 2267/2267
f 2267/2267 2330/2330 2331/2331
f 2267/2267 2331/2331 2268/2268
f 2268/2268 2331/2331 2332/2332
f 2268/2268 2332/2332 2269/2269
f 2269/2269 2332/2332 2333/2333
f 2269/2269 2333/2333 2270/2270
f 2270/2270 2333/2333 2334/2334
f 2270/2270 2334/2334 2271/2271
f 2271/2271 2334/2334 2335/2335
f 2271/2271 2335/2335 2272/2272
f 2272/2272 2335/2335 2336/2336
f 2272/2272 2336/2336 2273/2273
f 2273/2273 2336/2336 2337/2337
f 2273/2273 2337/2337 2274/2274
f 2274/2274 2337/2337 2338/2338
f 2274/2274 2338/2338 2275/2275
f 2275/2275 2338/2338 2339/2339
f 2275/2275 2339/2339 2276/2276
f 2276/2276 2339/2339 2340/2340
f 2276/2276 2340/2340 2277/2277
f 2277/2277 2340/2340 2341/2341
f 2277/2277 2341/2341 2278/2278
f 2278/2278 2341/2341 2342/2342
f 2278/2278 2342/2342 2279/2279
f 2279/2279 2342/2342 2343/2343
f 2279/2279 2343/2343 2280/2280
f 2280/2280 2343/2343 2344/2344
f 2280/2280 2344/2344 2281/2281
f 2281/2281 2344/2344 2345/2345
f 2281/2281 2345/2345 2282/2282
f 2282/2282 2345/2345 2346/2346
f 2282/2282 2346/2346 2283/2283
f 2283/2283 2346/2346 2347/2347
f 2283/2283 2347/2347 2284/2284
f 2284/2284 2347/2347 2348/2348
f 2284/2284 2348/2348 2285/2285
f 2285/2285 2348/2348 2349/2349
f 2285/2285 2349/2349 2286/2286
f 2286/2286 2349/2349 2350/2350
f 2286/2286 2350/2350 2287/2287
f 2287/2287 2350/2350 2351/2351
f 2287/2287 2351/2351 2288/2288
f 2288/2288 2351/2351 2352/2352
f 2288/2288 2352/2352 2289/2289
f 2289/2289 2352/2352 2353/2353
f 2289/2289 2353/2353 2290/2290
f 2290/2290 2353/2353 2354/2354
f 2290/2290 2354/2354 2291/2291
f 2291/2291 2354/2354 2355/2355
f 2291/2291 2355/2355 2292/2292
f 2292/2292 2355/2355 2356/2356
f 2292/2292 2356/2356 2293/2293
f 2293/2293 2356/2356 2357/2357
f 2293/2293 2357/2357 2294/2294
f 2294/2294 2357/2357 2358/2358
f 2294/2294 2358/2358 2295/2295
f 2295/2295 2358/2358 2359/2359
f 2295/2295 2359/2359 2296/2296
f 2296/2296 2359/2359 2360/2360
f 2296/2296 2360/2360 2297/2297
f 2297/2297 2360/2360 2361/2361
f 2297/2297 2361/2361 2298/2298
f 2298/2298 2361/2361 2362/2362
f 2298/2298 2362/2362 2299/2299
f 2299/2299 2362/2362 2363/2363
f 2299/2299 2363/2363 2300/2300
f 2300/2300 2363/2363 2364/2364
f 2300/2300 2364/2364 2301/2301
f 2301/2301 2364/2364 2365/2365
f 2301/2301 2365/2365 2302/2302
f 2302/2302 2365/2365 2366/2366
f 2302/2302 2366/2366 2303/2303
f 2303/2303 2366/2366 2367/2367
f 2303/2303 2367/2367 2304/2304
f 2304/2304 2367/2367 2368/2368
f 2305/2305 2369/2369 2306/2306
f 2306/2306 2369/2369 2370/2370
f 2306/2306 2370/2370 2307/2307
f 2307/2307 2370/2370 2371/2371
f 2307/2307 2371/2371 2308/2308
f 2308/2308 2371/2371 2372/2372
f 2308/2308 2372/2372 2309/2309
f 2309/2309 2372/2372 2373/2373
f 2309/2309 2373/2373 2310/2310
f 2310/2310 2373/2373 2374/2374
f 2310/2310 2374/2374 2311/2311
f 2311/2311 2374/2374 2375/2375
f 2311/2311 2375/2375 2312/2312
f 2312/2312 2375/2375 2376/2376
f 2312/2312 2376/2376 2313/2313
f 2313/2313 2376/2376 2377/2377
f 2313/2313 2377/2377 2314/2314
f 2314/2314 2377/2377 2378/2378
f 2314/2314 2378/2378 2315/2315
f 2315/2315 2378/2378 2379/2379
f 2315/2315 2379/2379 2316/2316
f 2316/2316 2379/2379 2380/2380
f 2316/2316 2380/2380 2317/2317
f 2317/2317 2380/2380 2381/2381
f 2317/2317 2381/2381 2318/2318
f 2318/2318 2381/2381 2382/2382
f 2318/2318 2382/2382 2319/2319
f 2319/2319 2382/2382 2383/2383
f 2319/2319 2383/2383 2320/2320
f 2320/2320 2383/2383 2384/2384
f 2320/2320 2384/2384 2321/2321
f 2321/2321 2384/2384 2385/2385
f 2321/2321 2385/2385 2322/2322
f 2322/2322 2385/2385 2386/2386
f 2322/2322 2386/2386 2323/2323
f 2323/2323 2386/2386 2387/2387
f 2323/2323 2387/2387 2324/2324
f 2324/2324 2387/2387 2388/2388
f 2324/2324 2388/2388 2325/2325
f 2325/2325 2388/2388 2389/2389
f 2325/2325 2389/2389 2326/2326
f 2326/2326 2389/2389 2390/2390
f 2326/2326 2390/2390 2327/2327
f 2327/2327 2390/2390 2391/2391
f 2327/2327 2391/2391 2328/2328
f 2328/2328 2391/2391 2392/2392
f 2328/2328 2392/2392 2329/2329
f 2329/2329 2392/2392 2393/2393
f 2329/2329 2393/2393 2330/2330
f 2330/2330 2393/2393 2394/2394
f 2330/2330 2394/2394 2331/2331
f 2331/2331 2394/2394 2395/2395
f 2331/2331 2395/2395 2332/2332
f 2332/2332 2395/2395 2396/2396
f 2332/2332 2396/2396 2333/2333
f 2333/2333 2396/2396 2397/2397
f 2333/2333 2397/2397 2334/2334
f 2334/2334 2397/2397 2398/2398
f 2334/2334 2398/2398 2335/2335
f 2335/2335 2398/2398 2399/2399
f 2335/2335 2399/2399 2336/2336
f 2336/2336 2399/2399 2400/2400
f 2336/2336 2400/2400 2337/2337
f 2337/2337 2400/2400 2401/2401
f 2337/2337 2401/2401 2338/2338
f 2338/2338 2401/2401 2402/2402
f 2338/2338 2402/2402 2339/2339
f 2339/2339 2402/2402 2403/2403
f 2339/2339 2403/2403 2340/2340
f 2340/2340 2403/2403 2404/2404
f 2340/2340 2404/2404 2341/2341
f 2341/2341 2404/2404 2405/2405
f 2341/2341 2405/2405 2342/2342
f 2342/2342 2405/2405 2406/2406
f 2342/2342 2406/2406 2343/2343
f 2343/2343 2406/2406 2407/2407
f 2343/2343 2407/2407 2344/2344
f 2344/2344 2407/2407 2408/2408
f 2344/2344 2408/2408 2345/2345
f 2345/2345 2408/2408 2409/2409
f 2345/2345 2409/2409 2346/2346
f 2346/2346 2409/2409 2410/2410
f 2346/2346 2410/2410 2347/2347
f 2347/2347 2410/2410 2411/2411
f 2347/2347 2411/2411 2348/2348
f 2348/2348 2411/2411 2412/2412
f 2348/2348 2412/2412 2349/2349
f 2349/2349 2412/2412 2413/2413
f 2349/2349 2413/2413 2350/2350
f 2350/2350 2413/2413 2414/2414
f 2350/2350 2414/2414 2351/2351
f 2351/2351 2414/2414 2415/2415
f 2351/2351 2415/2415 2352/2352
f 2352/2352 2415/2415 2416/2416
f 2352/2352 2416/2416 2353/2353
f 2353/2353 2416/2416 2417/2417
f 2353/2353 2417/2417 2354/2354
f 2354/2354 2417/2417 2418/2418
f 2354/2354 2418/2418 2355/2355
f 2355/2355 2418/2418 2419/2419
f 2355/2355 2419/2419 2356/2356
f 2356/2356 2419/2419 2420/2420
f 2356/2356 2420/2420 2357/2357
f 2357/2357 2420/2420 2421/2421
f 2357/2357 2421/2421 2358/2358
f 2358/2358 2421/2421 2422/2422
f 2358/2358 2422/2422 2359/2359
f 2359/2359 2422/2422 2423/2423
f 2359/2359 2423/2423 2360/2360
f 2360/2360 2423/2423 2424/2424
f 2360/2360 2424/2424 2361/2361
f 2361/2361 2424/2424 2425/2425
f 2361/2361 2425/2425 2362/2362
f 2362/2362 2425/2425 2426/2426
f 2362/2362 2426/2426 2363/2363
f 2363/2363 2426/2426 2427/2427
f 2363/2363 2427/2427 2364/2364
f 2364/2364 2427/2427 2428/2428
f 2364/2364 2428/2428 2365/2365
f 2365/2365 2428/2428 2429/2429
f 2365/2365 2429/2429 2366/2366
f 2366/2366 2429/2429 2430/2430
f 2366/2366 2430/2430 2367/2367
f 2367/2367 2430/2430 2431/2431
f 2367/2367 2431/2431 2368/2368
f 2368/2368 2431/2431 2432/2432
f 2369/2369 2433/2433 2370/2370
f 2370/2370 2433/2433 2434/2434
f 2370/2370 2434/2434 2371/2371
f 2371/2371 2434/2434 2435/2435
f 2371/2371 2435/2435 2372/2372
f 2372/2372 2435/2435 2436/2436
f 2372/2372 2436/2436 2373/2373
f 2373/2373 2436/2436 2437/2437
f 2373/2373 2437/2437 2374/2374
f 2374/2374 2437/2437 2438/2438
f 2374/2374 2438/2438 2375/2375
f 2375/2375 2438/2438 2439/2439
f 2375/2375 2439/2439 2376/2376
f 2376/2376 2439/2439 2440/2440
f 2376/2376 2440/2440 2377/2377
f 2377/2377 2440/2440 2441/2441
f 2377/2377 2441/2441 2378/2378
f 2378/2378 2441/2441 2442/2442
f 2378/2378 2442/2442 2379/2379
f 2379/2379 2442/2442 2443/2443
f 2379/2379 2443/2443 2380/2380
f 2380/2380 2443/2443 2444/2444
f 2380/2380 2444/2444 2381/2381
f 2381/2381 2444/2444 2445/2445
f 2381/2381 2445/2445 2382/2382
f 2382/2382 2445/2445 2446/2446
f 2382/2382 2446/2446 2383/2383
f 2383/2383 2446/2446 2447/2447
f 2383/2383 2447/2447 2384/2384
f 2384/2384 2447/2447 2448/2448
f 2384/2384 2448/2448 2385/2385
f 2385/2385 2448/2448 2449/2449
f 2385/2385 2449/2449 2386/2386
f 2386/2386 2449/2449 2450/2450
f 2386/2386 2450/2450 2387/2387
f 2387/2387 2450/2450 2451/2451
f 2387/2387 2451/2451 2388/2388
f 2388/2388 2451/2451 2452/2452
f 2388/2388 2452/2452 2389/2389
f 2389/2389 2452/2452 2453/2453
f 2389/2389 2453/2453 2390/2390
f 2390/2390 2453/2453 2454/2454
f 2390/2390 2454/2454 2391/2391
f 2391/2391 2454/2454 2455/2455
f 2391/2391 2455/2455 2392/2392
f 2392/2392 2455/2455 2456/2456
f 2392/2392 2456/2456 2393/2393
f 2393/2393 2456/2456 2457/2457
f 2393/2393 2457/2457 2394/2394
f 2394/2394 2457/2457 2458/2458
f 2394/2394 2458/2458 2395/2395
f 2395/2395 2458/2458 2459/2459
f 2395/2395 2459/2459 2396/2396
f 2396/2396 2459/2459 2460/2460
f 2396/2396 2460/2460 2397/2397
f 2397/2397 2460/2460 2461/2461
f 2397/2397 2461/2461 2398/2398
f 2398/2398 2461/2461 2462/2462
f 2398/2398 2462/2462 2399/2399
f 2399/2399 2462/2462 2463/2463
f 2399/2399 2463/2463 2400/2400
f 2400/2400 2463/2463 2464/2464
f 2400/2400 2464/2464 2401/2401
f 2401/2401 2464/2464 2465/2465
f 2401/2401 2465/2465 2402/2402
f 2402/2402 2465/2465 2466/2466
f 2402/2402 2466/2466 2403/2403
f 2403/2403 2466/2466 2467/2467
f 2403/2403 2467/2467 2404/2404
f 2404/2404 2467/2467 2468/2468
f 2404/2404 2468/2468 2405/2405
f 2405/2405 2468/2468 2469/2469
f 2405/2405 2469/2469 2406/2406
f 2406/2406 2469/2469 2470/2470
f 2406/2406 2470/2470 2407/2407
f 2407/2407 2470/2470 2471/2471
f 2407/2407 2471/2471 2408/2408
f 2408/2408 2471/2471 2472/2472
f 2408/2408 2472/2472 2409/2409
f 2409/2409 2472/2472 2473/2473
f 2409/2409 2473/2473 2410/2410
f 2410/2410 2473/2473 2474/2474
f 2410/2410 2474/2474 2411/2411
f 2411/2411 2474/2474 2475/2475
f 2411/2411 2475/2475 2412/2412
f 2412/2412 2475/2475 2476/2476
f 2412/2412 2476/2476 2413/2413
f 2413/2413 2476/2476 2477/2477
f 2413/2413 2477/2477 2414/2414
f 2414/2414 2477/2477 2478/2478
f 2414/2414 2478/2478 2415/2415
f 2415/2415 2478/2478 2479/2479
f 2415/2415 2479/2479 2416/2416
f 2416/2416 2479/2479 2480/2480
f 2416/2416 2480/2480 2417/2417
f 2417/2417 2480/2480 2481/2481
f 2417/2417 2481/2481 2418/2418
f 2418/2418 2481/2481 2482/2482
f 2418/2418 2482/2482 2419/2419
f 2419/2419 2482/2482 2483/2483
f 2419/2419 2483/2483 2420/2420
f 2420/2420 2483/2483 2484/2484
f 2420/2420 2484/2484 2421/2421
f 2421/2421 2484/2484 2485/2485
f 2421/2421 2485/2485 2422/2422
f 2422/2422 2485/2485 2486/2486
f 2422/2422 2486/2486 2423/2423
f 2423/2423 2486/2486 2487/2487
f 2423/2423 2487/2487 2424/2424
f 2424/2424 2487/2487 2488/2488
f 2424/2424 2488/2488 2425/2425
f 2425/2425 2488/2488 2489/2489
f 2425/2425 2489/2489 2426/2426
f 2426/2426 2489/2489 2490/2490
f 2426/2426 2490/2490 2427/2427
f 2427/2427 2490/2490 2491/2491
f 2427/2427 2491/2491 2428/2428
f 2428/2428 2491/2491 2492/2492
f 2428/2428 2492/2492 2429/2429
f 2429/2429 2492/2492 2493/2493
f 2429/2429 2493/2493 2430/2430
f 2430/2430 2493/2493 2494/2494
f 2430/2430 2494/2494 2431/2431
f 2431/2431 2494/2494 2495/2495
f 2431/2431 2495/2495 2432/2432
f 2432/2432 2495/2495 2496/2496
f 2433/2433 2497/2497 2434/2434
f 2434/2434 2497/2497 2498/2498
f 2434/2434 2498/2498 2435/2435
f 2435/2435 2498/2498 2499/2499
f 2435/2435 2499/2499 2436/2436
f 2436/2436 2499/2499 2500/2500
f 2436/2436 2500/2500 2437/2437
f 2437/2437 2500/2500 2501/2501
f 2437/2437 2501/2501 2438/2438
f 2438/2438 2501/2501 2502/2502
f 2438/2438 2502/2502 2439/2439
f 2439/2439 2502/2502 2503/2503
f 2439/2439 2503/2503 2440/2440
f 2440/2440 2503/2503 2504/2504
f 2440/2440 2504/2504 2441/2441
f 2441/2441 2504/2504 2505/2505
f 2441/2441 2505/2505 2442/2442
f 2442/2442 2505/2505 2506/2506
f 2442/2442 2506/2506 2443/2443
f 2443/2443 2506/2506 2507/2507
f 2443/2443 2507/2507 2444/2444
f 2444/2444 2507/2507 2508/2508
f 2444/2444 2508/2508 2445/2445
f 2445/2445 2508/2508 2509/2509
f 2445/2445 2509/2509 2446/2446
f 2446/2446 2509/2509 2510/2510
f 2446/2446 2510/2510 2447/2447
f 2447/2447 2510/2510 2511/2511
f 2447/2447 2511/2511 2448/2448
f 2448/2448 2511/2511 2512/2512
f 2448/2448 2512/2512 2449/2449
f 2449/2449 2512/2512 2513/2513
f 2449/2449 2513/2513 2450/2450
f 2450/2450 2513/2513 2514/2514
f 2450/2450 2514/2514 2451/2451
f 2451/2451 2514/2514 2515/2515
f 2451/2451 2515/2515 2452/2452
f 2452/2452 2515/2515 2516/2516
f 2452/2452 2516/2516 2453/2453
f 2453/2453 2516/2516 2517/2517
f 2453/2453 2517/2517 2454/2454
f 2454/2454 2517/2517 2518/2518
f 2454/2454 2518/2518 2455/2455
f 2455/2455 2518/2518 2519/2519
f 2455/2455 2519/2519 2456/2456
f 2456/2456 2519/2519 2520/2520
f 2456/2456 2520/2520 2457/2457
f 2457/2457 2520/2520 2521/2521
f 2457/2457 2521/2521 2458/2458
f 2458/2458 2521/2521 2522/2522
f 2458/2458 2522/2522 2459/2459
f 2459/2459 2522/2522 2523/2523
f 2459/2459 2523/2523 2460/2460
f 2460/2460 2523/2523 2524/2524
f 2460/2460 2524/2524 2461/2461
f 2461/2461 2524/2524 2525/2525
f 2461/2461 2525/2525 2462/2462
f 2462/2462 2525/2525 2526/2526
f 2462/2462 2526/2526 2463/2463
f 2463/2463 2526/2526 2527/2527
f 2463/2463 2527/2527 2464/2464
f 2464/2464 2527/2527 2528/2528
f 2464/2464 2528/2528 2465/2465
f 2465/2465 2528/2528 2529/2529
f 2465/2465 2529/2529 2466/2466
f 2466/2466 2529/2529 2530/2530
f 2466/2466 2530/2530 2467/2467
f 2467/2467 2530/2530 2531/2531
f 2467/2467 2531/2531 2468/2468
f 2468/2468 2531/2531 2532/2532
f 2468/2468 2532/2532 2469/2469
f 2469/2469 2532/2532 2533/2533
f 2469/2469 2533/2533 2470/2470
f 2470/2470 2533/2533 2534/2534
f 2470/2470 2534/2534 2471/2471
f 2471/2471 2534/2534 2535/2535
f 2471/2471 2535/2535 2472/2472
f 2472/2472 2535/2535 2536/2536
f 2472/2472 2536/2536 2473/2473
f 2473/2473 2536/2536 2537/2537
f 2473/2473 2537/2537 2474/2474
f 2474/2474 2537/2537 2538/2538
f 2474/2474 2538/2538 2475/2475
f 2475/2475 2538/2538 2539/2539
f 2475/2475 2539/2539 2476/2476
f 2476/2476 2539/2539 2540/2540
f 2476/2476 2540/2540 2477/2477
f 2477/2477 2540/2540 2541/2541
f 2477/2477 2541/2541 2478/2478
f 2478/2478 2541/2541 2542/2542
f 2478/2478 2542/2542 2479/2479
f 2479/2479 2542/2542 2543/2543
f 2479/2479 2543/2543 2480/2480
f 2480/2480 2543/2543 2544/2544
f 2480/2480 2544/2544 2481/2481
f 2481/2481 2544/2544 2545/2545
f 2481/2481 2545/2545 2482/2482
f 2482/2482 2545/2545 2546/2546
f 2482/2482 2546/2546 2483/2483
f 2483/2483 2546/2546 2547/2547
f 2483/2483 2547/2547 2484/2484
f 2484/2484 2547/2547 2548/2548
f 2484/2484 2548/2548 2485/2485
f 2485/2485 2548/2548 2549/2549
f 2485/2485 2549/2549 2486/2486
f 2486/2486 2549/2549 2550/2550
f 2486/2486 2550/2550 2487/2487
f 2487/2487 2550/2550 2551/2551
f 2487/2487 2551/2551 2488/2488
f 2488/2488 2551/2551 2552/2552
f 2488/2488 2552/2552 2489/2489
f 2489/2489 2552/2552 2553/2553
f 2489/2489 2553/2553 2490/2490
f 2490/2490 2553/2553 2554/2554
f 2490/2490 2554/2554 2491/2491
f 2491/2491 2554/2554 2555/2555
f 2491/2491 2555/2555 2492/2492
f 2492/2492 2555/2555 2556/2556
f 2492/2492 2556/2556 2493/2493
f 2493/2493 2556/2556 2557/2557
f 2493/2493 2557/2557 2494/2494
f 2494/2494 2557/2557 2558/2558
f 2494/2494 2558/2558 2495/2495
f 2495/2495 2558/2558 2559/2559
f 2495/2495 2559/2559 2496/2496
f 2496/2496 2559/2559 2560/2560
f 2497/2497 2561/2561 2498/2498
f 2498/2498 2561/2561 2562/2562
f 2498/2498 2562/2562 2499/2499
f 2499/2499 2562/2562 2563/2563
f 2499/2499 2563/2563 2500/2500
f 2500/2500 2563/2563 2564/2564
f 2500/2500 2564/2564 2501/2501
f 2501/2501 2564/2564 2565/2565
f 2501/2501 2565/2565 2502/2502
f 2502/2502 2565/2565 2566/2566
f 2502/2502 2566/2566 2503/2503
f 2503/2503 2566/2566 2567/2567
f 2503/2503 2567/2567 2504/2504
f 2504/2504 2567/2567 2568/2568
f 2504/2504 2568/2568 2505/2505
f 2505/2505 2568/2568 2569/2569
f 2505/2505 2569/2569 2506/2506
f 2506/2506 2569/2569 2570/2570
f 2506/2506 2570/2570 2507/2507
f 2507/2507 2570/2570 2571/2571
f 2507/2507 2571/2571 2508/2508
f 2508/2508 2571/2571 2572/2572
f 2508/2508 2572/2572 2509/2509
f 2509/2509 2572/2572 2573/2573
f 2509/2509 2573/2573 2510/2510
f 2510/2510 2573/2573 2574/2574
f 2510/2510 2574/2574 2511/2511
f 2511/2511 2574/2574 2575/2575
f 2511/2511 2575/2575 2512/2512
f 2512/2512 2575/2575 2576/2576
f 2512/2512 2576/2576 2513/2513
f 2513/2513 2576/2576 2577/2577
f 2513/2513 2577/2577 2514/2514
f 2514/2514 2577/2577 2578/2578
f 2514/2514 2578/2578 2515/2515
f 2515/2515 2578/2578 2579/2579
f 2515/2515 2579/2579 2516/2516
f 2516/2516 2579/2579 2580/2580
f 2516/2516 2580/2580 2517/2517
f 2517/2517 2580/2580 2581/2581
f 2517/2517 2581/2581 2518/2518
f 2518/2518 2581/2581 2582/2582
f 2518/2518 2582/2582 2519/2519
f 2519/2519 2582/2582 2583/2583
f 2519/2519 2583/2583 2520/2520
f 2520/2520 2583/2583 2584/2584
f 2520/2520 2584/2584 2521/2521
f 2521/2521 2584/2584 2585/2585
f 2521/2521 2585/2585 2522/2522
f 2522/2522 2585/2585 2586/2586
f 2522/2522 2586/2586 2523/2523
f 2523/2523 2586/2586 2587/2587
f 2523/2523 2587/2587 2524/2524
f 2524/2524 2587/2587 2588/2588
f 2524/2524 2588/2588 2525/2525
f 2525/2525 2588/2588 2589/2589
f 2525/2525 2589/2589 2526/2526
f 2526/2526 2589/2589 2590/2590
f 2526/2526 2590/2590 2527/2527
f 2527/2527 2590/2590 2591/2591
f 2527/2527 2591/2591 2528/2528
f 2528/2528 2591/2591 2592/2592
f 2528/2528 2592/2592 2529/2529
f 2529/2529 2592/2592 2593/2593
f 2529/2529 2593/2593 2530/2530
f 2530/2530 2593/2593 2594/2594
f 2530/2530 2594/2594 2531/2531
f 2531/2531 2594/2594 2595/2595
f 2531/2531 2595/2595 2532/2532
f 2532/2532 2595/2595 2596/2596
f 2532/2532 2596/2596 2533/2533
f 2533/2533 2596/2596 2597/2597
f 2533/2533 2597/2597 2534/2534
f 2534/2534 2597/2597 2598/2598
f 2534/2534 2598/2598 2535/2535
f 2535/2535 2598/2598 2599/2599
f 2535/2535 2599/2599 2536/2536
f 2536/2536 2599/2599 2600/2600
f 2536/2536 2600/2600 2537/2537
f 2537/2537 2600/2600 2601/2601
f 2537/2537 2601/2601 2538/2538
f 2538/2538 2601/2601 2602/2602
f 2538/2538 2602/2602 2539/2539
f 2539/2539 2602/2602 2603/2603
f 2539/2539 2603/2603 2540/2540
f 2540/2540 2603/2603 2604/2604
f 2540/2540 2604/2604 2541/2541
f 2541/2541 2604/2604 2605/2605
f 2541/2541 2605/2605 2542/2542
f 2542/2542 2605/2605 2606/2606
f 2542/2542 2606/2606 2543/2543
f 2543/2543 2606/2606 2607/2607
f 2543/2543 2607/2607 2544/2544
f 2544/2544 2607/2607 2608/2608
f 2544/2544 2608/2608 2545/2545
f 2545/2545 2608/2608 2609/2609
f 2545/2545 2609/2609 2546/2546
f 2546/2546 2609/2609 2610/2610
f 2546/2546 2610/2610 2547/2547
f 2547/2547 2610/2610 2611/2611
f 2547/2547 2611/2611 2548/2548
f 2548/2548 2611/2611 2612/2612
f 2548/2548 2612/2612 2549/2549
f 2549/2549 2612/2612 2613/2613
f 2549/2549 2613/2613 2550/2550
f 2550/2550 2613/2613 2614/2614
f 2550/2550 2614/2614 2551/2551
f 2551/2551 2614/2614 2615/2615
f 2551/2551 2615/2615 2552/2552
f 2552/2552 2615/2615 2616/2616
f 2552/2552 2616/2616 2553/2553
f 2553/2553 2616/2616 2617/2617
f 2553/2553 2617/2617 2554/2554
f 2554/2554 2617/2617 2618/2618
f 2554/2554 2618/2618 2555/2555
f 2555/2555 2618/2618 2619/2619
f 2555/2555 2619/2619 2556/2556
f 2556/2556 2619/2619 2620/2620
f 2556/2556 2620/2620 2557/2557
f 2557/2557 2620/2620 2621/2621
f 2557/2557 2621/2621 2558/2558
f 2558/2558 2621/2621 2622/2622
f 2558/2558 2622/2622 2559/2559
f 2559/2559 2622/2622 2623/2623
f 2559/2559 2623/2623 2560/2560
f 2560/2560 2623/2623 2624/2624
f 2561/2561 2625/2625 2562/2562
f 2562/2562 2625/2625 2626/2626
f 2562/2562 2626/2626 2563/2563
f 2563/2563 2626/2626 2627/2627
f 2563/2563 2627/2627 2564/2564
f 2564/2564 2627/2627 2628/2628
f 2564/2564 2628/2628 2565/2565
f 2565/2565 2628/2628 2629/2629
f 2565/2565 2629/2629 2566/2566
f 2566/2566 2629/2629 2630/2630
f 2566/2566 2630/2630 2567/2567
f 2567/2567 2630/2630 2631/2631
f 2567/2567 2631/2631 2568/2568
f 2568/2568 2631/2631 2632/2632
f 2568/2568 2632/2632 2569/2569
f 2569/2569 2632/2632 2633/2633
f 2569/2569 2633/2633 2570/2570
f 2570/2570 2633/2633 2634/2634
f 2570/2570 2634/2634 2571/2571
f 2571/2571 2634/2634 2635/2635
f 2571/2571 2635/2635 2572/2572
f 2572/2572 2635/2635 2636/2636
f 2572/2572 2636/2636 2573/2573
f 2573/2573 2636/2636 2637/2637
f 2573/2573 2637/2637 2574/2574
f 2574/2574 2637/2637 2638/2638
f 2574/2574 2638/2638 2575/2575
f 2575/2575 2638/2638 2639/2639
f 2575/2575 2639/2639 2576/2576
f 2576/2576 2639/2639 2640/2640
f 2576/2576 2640/2640 2577/2577
f 2577/2577 2640/2640 2641/2641
f 2577/2577 2641/2641 2578/2578
f 2578/2578 2641/2641 2642/2642
f 2578/2578 2642/2642 2579/2579
f 2579/2579 2642/2642 2643/2643
f 2579/2579 2643/2643 2580/2580
f 2580/2580 2643/2643 2644/2644
f 2580/2580 2644/2644 2581/2581
f 2581/2581 2644/2644 2645/2645
f 2581/2581 2645/2645 2582/2582
f 2582/2582 2645/2645 2646/2646
f 2582/2582 2646/2646 2583/2583
f 2583/2583 2646/2646 2647/2647
f 2583/2583 2647/2647 2584/2584
f 2584/2584 2647/2647 2648/2648
f 2584/2584 2648/2648 2585/2585
f 2585/2585 2648/2648 2649/2649
f 2585/2585 2649/2649 2586/2586
f 2586/2586 2649/2649 2650/2650
f 2586/2586 2650/2650 2587/2587
f 2587/2587 2650/2650 2651/2651
f 2587/2587 2651/2651 2588/2588
f 2588/2588 2651/2651 2652/2652
f 2588/2588 2652/2652 2589/2589
f 2589/2589 2652/2652 2653/2653
f 2589/2589 2653/2653 2590/2590
f 2590/2590 2653/2653 2654/2654
f 2590/2590 2654/2654 2591/2591
f 2591/2591 2654/2654 2655/2655
f 2591/2591 2655/2655 2592/2592
f 2592/2592 2655/2655 2656/2656
f 2592/2592 2656/2656 2593/2593
f 2593/2593 2656/2656 2657/2657
f 2593/2593 2657/2657 2594/2594
f 2594/2594 2657/2657 2658/2658
f 2594/2594 2658/2658 2595/2595
f 2595/2595 2658/2658 2659/2659
f 2595/2595 2659/2659 2596/2596
f 2596/2596 2659/2659 2660/2660
f 2596/2596 2660/2660 2597/2597
f 2597/2597 2660/2660 2661/2661
f 2597/2597 2661/2661 2598/2598
f 2598/2598 2661/2661 2662/2662
f 2598/2598 2662/2662 2599/2599
f 2599/2599 2662/2662 2663/2663
f 2599/2599 2663/2663 2600/2600
f 2600/2600 2663/2663 2664/2664
f 2600/2600 2664/2664 2601/2601
f 2601/2601 2664/2664 2665/2665
f 2601/2601 2665/2665 2602/2602
f 2602/2602 2665/2665 2666/2666
f 2602/2602 2666/2666 2603/2603
f 2603/2603 2666/2666 2667/2667
f 2603/2603 2667/2667 2604/2604
f 2604/2604 2667/2667 2668/2668
f 2604/2604 2668/2668 2605/2605
f 2605/2605 2668/2668 2669/2669
f 2605/2605 2669/2669 2606/2606
f 2606/2606 2669/2669 2670/2670
f 2606/2606 2670/2670 2607/2607
f 2607/2607 2670/2670 2671/2671
f 2607/2607 2671/2671 2608/2608
f 2608/2608 2671/2671 2672/2672
f 2608/2608 2672/2672 2609/2609
f 2609/2609 2672/2672 2673/2673
f 2609/2609 2673/2673 2610/2610
f 2610/2610 2673/2673 2674/2674
f 2610/2610 2674/2674 2611/2611
f 2611/2611 2674/2674 2675/2675
f 2611/2611 2675/2675 2612/2612
f 2612/2612 2675/2675 2676/2676
f 2612/2612 2676/2676 2613/2613
f 2613/2613 2676/2676 2677/2677
f 2613/2613 2677/2677 2614/2614
f 2614/2614 2677/2677 2678/2678
f 2614/2614 2678/2678 2615/2615
f 2615/2615 2678/2678 2679/2679
f 2615/2615 2679/2679 2616/2616
f 2616/2616 2679/2679 2680/2680
f 2616/2616 2680/2680 2617/2617
f 2617/2617 2680/2680 2681/2681
f 2617/2617 2681/2681 2618/2618
f 2618/2618 2681/2681 2682/2682
f 2618/2618 2682/2682 2619/2619
f 2619/2619 2682/2682 2683/2683
f 2619/2619 2683/2683 2620/2620
f 2620/2620 2683/2683 2684/2684
f 2620/2620 2684/2684 2621/2621
f 2621/2621 2684/2684 2685/2685
f 2621/2621 2685/2685 2622/2622
f 2622/2622 2685/2685 2686/2686
f 2622/2622 2686/2686 2623/2623
f 2623/2623 2686/2686 2687/2687
f 2623/2623 2687/2687 2624/2624
f 2624/2624 2687/2687 2688/2688
f 2625/2625 2689/2689 2626/2626
f 2626/2626 2689/2689 2690/2690
f 2626/2626 2690/2690 2627/2627
f 2627/2627 2690/2690 2691/2691
f 2627/2627 2691/2691 2628/2628
f 2628/2628 2691/2691 2692/2692
f 2628/2628 2692/2692 2629/2629
f 2629/2629 2692/2692 2693/2693
f 2629/2629 2693/2693 2630/2630
f 2630/2630 2693/2693 2694/2694
f 2630/2630 2694/2694 2631/2631
f 2631/2631 2694/2694 2695/2695
f 2631/2631 2695/2695 2632/2632
f 2632/2632 2695/2695 2696/2696
f 2632/2632 2696/2696 2633/2633
f 2633/2633 2696/2696 2697/2697
f 2633/2633 2697/2697 2634/2634
f 2634/2634 2697/2697 2698/2698
f 2634/2634 2698/2698 2635/2635
f 2635/2635 2698/2698 2699/2699
f 2635/2635 2699/2699 2636/2636
f 2636/2636 2699/2699 2700/2700
f 2636/2636 2700/2700 2637/2637
f 2637/2637 2700/2700 2701/2701
f 2637/2637 2701/2701 2638/2638
f 2638/2638 2701/2701 2702/2702
f 2638/2638 2702/2702 2639/2639
f 2639/2639 2702/2702 2703/2703
f 2639/2639 2703/2703 2640/2640
f 2640/2640 2703/2703 2704/2704
f 2640/2640 2704/2704 2641/2641
f 2641/2641 2704/2704 2705/2705
f 2641/2641 2705/2705 2642/2642
f 2642/2642 2705/2705 2706/2706
f 2642/2642 2706/2706 2643/2643
f 2643/2643 2706/2706 2707/2707
f 2643/2643 2707/2707 2644/2644
f 2644/2644 2707/2707 2708/2708
f 2644/2644 2708/2708 2645/2645
f 2645/2645 2708/2708 2709/2709
f 2645/2645 2709/2709 2646/2646
f 2646/2646 2709/2709 2710/2710
f 2646/2646 2710/2710 2647/2647
f 2647/2647 2710/2710 2711/2711
f 2647/2647 2711/2711 2648/2648
f 2648/2648 2711/2711 2712/2712
f 2648/2648 2712/2712 2649/2649
f 2649/2649 2712/2712 2713/2713
f 2649/2649 2713/2713 2650/2650
f 2650/2650 2713/2713 2714/2714
f 2650/2650 2714/2714 2651/2651
f 2651/2651 2714/2714 2715/2715
f 2651/2651 2715/2715 2652/2652
f 2652/2652 2715/2715 2716/2716
f 2652/2652 2716/2716 2653/2653
f 2653/2653 2716/2716 2717/2717
f 2653/2653 2717/2717 2654/2654
f 2654/2654 2717/2717 2718/2718
f 2654/2654 2718/2718 2655/2655
f 2655/2655 2718/2718 2719/2719
f 2655/2655 2719/2719 2656/2656
f 2656/2656 2719/2719 2720/2720
f 2656/2656 2720/2720 2657/2657
f 2657/2657 2720/2720 2721/2721
f 2657/2657 2721/2721 2658/2658
f 2658/2658 2721/2721 2722/2722
f 2658/2658 2722/2722 2659/2659
f 2659/2659 2722/2722 2723/2723
f 2659/2659 2723/2723 2660/2660
f 2660/2660 2723/2723 2724/2724
f 2660/2660 2724/2724 2661/2661
f 2661/2661 2724/2724 2725/2725
f 2661/2661 2725/2725 2662/2662
f 2662/2662 2725/2725 2726/2726
f 2662/2662 2726/2726 2663/2663
f 2663/2663 2726/2726 2727/2727
f 2663/2663 2727/2727 2664/2664
f 2664/2664 2727/2727 2728/2728
f 2664/2664 2728/2728 2665/2665
f 2665/2665 2728/2728 2729/2729
f 2665/2665 2729/2729 2666/2666
f 2666/2666 2729/2729 2730/2730
f 2666/2666 2730/2730 2667/2667
f 2667/2667 2730/2730 2731/2731
f 2667/2667 2731/2731 2668/2668
f 2668/2668 2731/2731 2732/2732
f 2668/2668 2732/2732 2669/2669
f 2669/2669 2732/2732 2733/2733
f 2669/2669 2733/2733 2670/2670
f 2670/2670 2733/2733 2734/2734
f 2670/2670 2734/2734 2671/2671
f 2671/2671 2734/2734 2735/2735
f 2671/2671 2735/2735 2672/2672
f 2672/2672 2735/2735 2736/2736
f 2672/2672 2736/2736 2673/2673
f 2673/2673 2736/2736 2737/2737
f 2673/2673 2737/2737 2674/2674
f 2674/2674 2737/2737 2738/2738
f 2674/2674 2738/2738 2675/2675
f 2675/2675 2738/2738 2739/2739
f 2675/2675 2739/2739 2676/2676
f 2676/2676 2739/2739 2740/2740
f 2676/2676 2740/2740 2677/2677
f 2677/2677 2740/2740 2741/2741
f 2677/2677 2741/2741 2678/2678
f 2678/2678 2741/2741 2742/2742
f 2678/2678 2742/2742 2679/2679
f 2679/2679 2742/2742 2743/2743
f 2679/2679 2743/2743 2680/2680
f 2680/2680 2743/2743 2744/2744
f 2680/2680 2744/2744 2681/2681
f 2681/2681 2744/2744 2745/2745
f 2681/2681 2745/2745 2682/2682
f 2682/2682 2745/2745 2746/2746
f 2682/2682 2746/2746 2683/2683
f 2683/2683 2746/2746 2747/2747
f 2683/2683 2747/2747 2684/2684
f 2684/2684 2747/2747 2748/2748
f 2684/2684 2748/2748 2685/2685
f 2685/2685 2748/2748 2749/2749
f 2685/2685 2749/2749 2686/2686
f 2686/2686 2749/2749 2750/2750
f 2686/2686 2750/2750 2687/2687
f 2687/2687 2750/2750 2751/2751
f 2687/2687 2751/2751 2688/2688
f 2688/2688 2751/2751 2752/2752
f 2689/2689 2753/2753 2690/2690
f 2690/2690 2753/2753 2754/2754
f 2690/2690 2754/2754 2691/2691
f 2691/2691 2754/2754 2755/2755
f 2691/2691 2755/2755 2692/2692
f 2692/2692 2755/2755 2756/2756
f 2692/2692 2756/2756 2693/2693
f 2693/2693 2756/2756 2757/2757
f 2693/2693 2757/2757 2694/2694
f 2694/2694 2757/2757 2758/2758
f 2694/2694 2758/2758 2695/2695
f 2695/2695 2758/2758 2759/2759
f 2695/2695 2759/2759 2696/2696
f 2696/2696 2759/2759 2760/2760
f 2696/2696 2760/2760 2697/2697
f 2697/2697 2760/2760 2761/2761
f 2697/2697 2761/2761 2698/2698
f 2698/2698 2761/2761 2762/2762
f 2698/2698 2762/2762 2699/2699
f 2699/2699 2762/2762 2763/2763
f 2699/2699 2763/2763 2700/2700
f 2700/2700 2763/2763 2764/2764
f 2700/2700 2764/2764 2701/2701
f 2701/2701 2764/2764 2765/2765
f 2701/2701 2765/2765 2702/2702
f 2702/2702 2765/2765 2766/2766
f 2702/2702 2766/2766 2703/2703
f 2703/2703 2766/2766 2767/2767
f 2703/2703 2767/2767 2704/2704
f 2704/2704 2767/2767 2768/2768
f 2704/2704 2768/2768 2705/2705
f 2705/2705 2768/2768 2769/2769
f 2705/2705 2769/2769 2706/2706
f 2706/2706 2769/2769 2770/2770
f 2706/2706 2770/2770 2707/2707
f 2707/2707 2770/2770 2771/2771
f 2707/2707 2771/2771 2708/2708
f 2708/2708 2771/2771 2772/2772
f 2708/2708 2772/2772 2709/2709
f 2709/2709 2772/2772 2773/2773
f 2709/2709 2773/2773 2710/2710
f 2710/2710 2773/2773 2774/2774
f 2710/2710 2774/2774 2711/2711
f 2711/2711 2774/2774 2775/2775
f 2711/2711 2775/2775 2712/2712
f 2712/2712 2775/2775 2776/2776
f 2712/2712 2776/2776 2713/2713
f 2713/2713 2776/2776 2777/2777
f 2713/2713 2777/2777 2714/2714
f 2714/2714 2777/2777 2778/2778
f 2714/2714 2778/2778 2715/2715
f 2715/2715 2778/2778 2779/2779
f 2715/2715 2779/2779 2716/2716
f 2716/2716 2779/2779 2780/2780
f 2716/2716 2780/2780 2717/2717
f 2717/2717 2780/2780 2781/2781
f 2717/2717 2781/2781 2718/2718
f 2718/2718 2781/2781 2782/2782
f 2718/2718 2782/2782 2719/2719
f 2719/2719 2782/2782 2783/2783
f 2719/2719 2783/2783 2720/2720
f 2720/2720 2783/2783 2784/2784
f 2720/2720 2784/2784 2721/2721
f 2721/2721 2784/2784 2785/2785
f 2721/2721 2785/2785 2722/2722
f 2722/2722 2785/2785 2786/2786
f 2722/2722 2786/2786 2723/2723
f 2723/2723 2786/2786 2787/2787
f 2723/2723 2787/2787 2724/2724
f 2724/2724 2787/2787 2788/2788
f 2724/2724 2788/2788 2725/2725
f 2725/2725 2788/2788 2789/2789
f 2725/2725 2789/2789 2726/2726
f 2726/2726 2789/2789 2790/2790
f 2726/2726 2790/2790 2727/2727
f 2727/2727 2790/2790 2791/2791
f 2727/2727 2791/2791 2728/2728
f 2728/2728 2791/2791 2792/2792
f 2728/2728 2792/2792 2729/2729
f 2729/2729 2792/2792 2793/2793
f 2729/2729 2793/2793 2730/2730
f 2730/2730 2793/2793 2794/2794
f 2730/2730 2794/2794 2731/2731
f 2731/2731 2794/2794 2795/2795
f 2731/2731 2795/2795 2732/2732
f 2732/2732 2795/2795 2796/2796
f 2732/2732 2796/2796 2733/2733
f 2733/2733 2796/2796 2797/2797
f 2733/2733 2797/2797 2734/2734
f 2734/2734 2797/2797 2798/2798
f 2734/2734 2798/2798 2735/2735
f 2735/2735 2798/2798 2799/2799
f 2735/2735 2799/2799 2736/2736
f 2736/2736 2799/2799 2800/2800
f 2736/2736 2800/2800 2737/2737
f 2737/2737 2800/2800 2801/2801
f 2737/2737 2801/2801 2738/2738
f 2738/2738 2801/2801 2802/2802
f 2738/2738 2802/2802 2739/2739
f 2739/2739 2802/2802 2803/2803
f 2739/2739 2803/2803 2740/2740
f 2740/2740 2803/2803 2804/2804
f 2740/2740 2804/2804 2741/2741
f 2741/2741 2804/2804 2805/2805
f 2741/2741 2805/2805 2742/2742
f 2742/2742 2805/2805 2806/2806
f 2742/2742 2806/2806 2743/2743
f 2743/2743 2806/2806 2807/2807
f 2743/2743 2807/2807 2744/2744
f 2744/2744 2807/2807 2808/2808
f 2744/2744 2808/2808 2745/2745
f 2745/2745 2808/2808 2809/2809
f 2745/2745 2809/2809 2746/2746
f 2746/2746 2809/2809 2810/2810
f 2746/2746 2810/2810 2747/2747
f 2747/2747 2810/2810 2811/2811
f 2747/2747 2811/2811 2748/2748
f 2748/2748 2811/2811 2812/2812
f 2748/2748 2812/2812 2749/2749
f 2749/2749 2812/2812 2813/2813
f 2749/2749 2813/2813 2750/2750
f 2750/2750 2813/2813 2814/2814
f 2750/2750 2814/2814 2751/2751
f 2751/2751 2814/2814 2815/2815
f 2751/2751 2815/2815 2752/2752
f 2752/2752 2815/2815 2816/2816
f 2753/2753 2817/2817 2754/2754
f 2754/2754 2817/2817 2818/2818
f 2754/2754 2818/2818 2755/2755
f 2755/2755 2818/2818 2819/2819
f 2755/2755 2819/2819 2756/2756
f 2756/2756 2819/2819 2820/2820
f 2756/2756 2820/2820 2757/2757
f 2757/2757 2820/2820 2821/2821
f 2757/2757 2821/2821 2758/2758
f 2758/2758 2821/2821 2822/2822
f 2758/2758 2822/2822 2759/2759
f 2759/2759 2822/2822 2823/2823
f 2759/2759 2823/2823 2760/2760
f 2760/2760 2823/2823 2824/2824
f 2760/2760 2824/2824 2761/2761
f 2761/2761 2824/2824 2825/2825
f 2761/2761 2825/2825 2762/2762
f 2762/2762 2825/2825 2826/2826
f 2762/2762 2826/2826 2763/2763
f 2763/2763 2826/2826 2827/2827
f 2763/2763 2827/2827 2764/2764
f 2764/2764 2827/2827 2828/2828
f 2764/2764 2828/2828 2765/2765
f 2765/2765 2828/2828 2829/2829
f 2765/2765 2829/2829 2766/2766
f 2766/2766 2829/2829 2830/2830
f 2766/2766 2830/2830 2767/2767
f 2767/2767 2830/2830 2831/2831
f 2767/2767 2831/2831 2768/2768
f 2768/2768 2831/2831 2832/2832
f 2768/2768 2832/2832 2769/2769
f 2769/2769 2832/2832 2833/2833
f 2769/2769 2833/2833 2770/2770
f 2770/2770 2833/2833 2834/2834
f 2770/2770 2834/2834 2771/2771
f 2771/2771 2834/2834 2835/2835
f 2771/2771 2835/2835 2772/2772
f 2772/2772 2835/2835 2836/2836
f 2772/2772 2836/2836 2773/2773
f 2773/2773 2836/2836 2837/2837
f 2773/2773 2837/2837 2774/2774
f 2774/2774 2837/2837 2838/2838
f 2774/2774 2838/2838 2775/2775
f 2775/2775 2838/2838 2839/2839
f 2775/2775 2839/2839 2776/2776
f 2776/2776 2839/2839 2840/2840
f 2776/2776 2840/2840 2777/2777
f 2777/2777 2840/2840 2841/2841
f 2777/2777 2841/2841 2778/2778
f 2778/2778 2841/2841 2842/2842
f 2778/2778 2842/2842 2779/2779
f 2779/2779 2842/2842 2843/2843
f 2779/2779 2843/2843 2780/2780
f 2780/2780 2843/2843 2844/2844
f 2780/2780 2844/2844 2781/2781
f 2781/2781 2844/2844 2845/2845
f 2781/2781 2845/2845 2782/2782
f 2782/2782 2845/2845 2846/2846
f 2782/2782 2846/2846 2783/2783
f 2783/2783 2846/2846 2847/2847
f 2783/2783 2847/2847 2784/2784
f 2784/2784 2847/2847 2848/2848
f 2784/2784 2848/2848 2785/2785
f 2785/2785 2848/2848 2849/2849
f 2785/2785 2849/2849 2786/2786
f 2786/2786 2849/2849 2850/2850
f 2786/2786 2850/2850 2787/2787
f 2787/2787 2850/2850 2851/2851
f 2787/2787 2851/2851 2788/2788
f 2788/2788 2851/2851 2852/2852
f 2788/2788 2852/2852 2789/2789
f 2789/2789 2852/2852 2853/2853
f 2789/2789 2853/2853 2790/2790
f 2790/2790 2853/2853 2854/2854
f 2790/2790 2854/2854 2791/2791
f 2791/2791 2854/2854 2855/2855
f 2791/2791 2855/2855 2792/2792
f 2792/2792 2855/2855 2856/2856
f 2792/2792 2856/2856 2793/2793
f 2793/2793 2856/2856 2857/2857
f 2793/2793 2857/2857 2794/2794
f 2794/2794 2857/2857 2858/2858
f 2794/2794 2858/2858 2795/2795
f 2795/2795 2858/2858 2859/2859
f 2795/2795 2859/2859 2796/2796
f 2796/2796 2859/2859 2860/2860
f 2796/2796 2860/2860 2797/2797
f 2797/2797 2860/2860 2861/2861
f 2797/2797 2861/2861 2798/2798
f 2798/2798 2861/2861 2862/2862
f 2798/2798 2862/2862 2799/2799
f 2799/2799 2862/2862 2863/2863
f 2799/2799 2863/2863 2800/2800
f 2800/2800 2863/2863 2864/2864
f 2800/2800 2864/2864 2801/2801
f 2801/2801 2864/2864 2865/2865
f 2801/2801 2865/2865 2802/2802
f 2802/2802 2865/2865 2866/2866
f 2802/2802 2866/2866 2803/2803
f 2803/2803 2866/2866 2867/2867
f 2803/2803 2867/2867 2804/2804
f 2804/2804 2867/2867 2868/2868
f 2804/2804 2868/2868 2805/2805
f 2805/2805 2868/2868 2869/2869
f 2805/2805 2869/2869 2806/2806
f 2806/2806 2869/2869 2870/2870
f 2806/2806 2870/2870 2807/2807
f 2807/2807 2870/2870 2871/2871
f 2807/2807 2871/2871 2808/2808
f 2808/2808 2871/2871 2872/2872
f 2808/2808 2872/2872 2809/2809
f 2809/2809 2872/2872 2873/2873
f 2809/2809 2873/2873 2810/2810
f 2810/2810 2873/2873 2874/2874
f 2810/2810 2874/2874 2811/2811
f 2811/2811 2874/2874 2875/2875
f 2811/2811 2875/2875 2812/2812
f 2812/2812 2875/2875 2876/2876
f 2812/2812 2876/2876 2813/2813
f 2813/2813 2876/2876 2877/2877
f 2813/2813 2877/2877 2814/2814
f 2814/2814 2877/2877 2878/2878
f 2814/2814 2878/2878 2815/2815
f 2815/2815 2878/2878 2879/2879
f 2815/2815 2879/2879 2816/2816
f 2816/2816 2879/2879 2880/2880
f 2817/2817 2881/2881 2818/2818
f 2818/2818 2881/2881 2882/2882
f 2818/2818 2882/2882 2819/2819
f 2819/2819 2882/2882 2883/2883
f 2819/2819 2883/2883 2820/2820
f 2820/2820 2883/2883 2884/2884
f 2820/2820 2884/2884 2821/2821
f 2821/2821 2884/2884 2885/2885
f 2821/2821 2885/2885 2822/2822
f 2822/2822 2885/2885 2886/2886
f 2822/2822 2886/2886 2823/2823
f 2823/2823 2886/2886 2887/2887
f 2823/2823 2887/2887 2824/2824
f 2824/2824 2887/2887 2888/2888
f 2824/2824 2888/2888 2825/2825
f 2825/2825 2888/2888 2889/2889
f 2825/2825 2889/2889 2826/2826
f 2826/2826 2889/2889 2890/2890
f 2826/2826 2890/2890 2827/2827
f 2827/2827 2890/2890 2891/2891
f 2827/2827 2891/2891 2828/2828
f 2828/2828 2891/2891 2892/2892
f 2828/2828 2892/2892 2829/2829
f 2829/2829 2892/2892 2893/2893
f 2829/2829 2893/2893 2830/2830
f 2830/2830 2893/2893 2894/2894
f 2830/2830 2894/2894 2831/2831
f 2831/2831 2894/2894 2895/2895
f 2831/2831 2895/2895 2832/2832
f 2832/2832 2895/2895 2896/2896
f 2832/2832 2896/2896 2833/2833
f 2833/2833 2896/2896 2897/2897
f 2833/2833 2897/2897 2834/2834
f 2834/2834 2897/2897 2898/2898
f 2834/2834 2898/2898 2835/2835
f 2835/2835 2898/2898 2899/2899
f 2835/2835 2899/2899 2836/2836
f 2836/2836 2899/2899 2900/2900
f 2836/2836 2900/2900 2837/2837
f 2837/2837 2900/2900 2901/2901
f 2837/2837 2901/2901 2838/2838
f 2838/2838 2901/2901 2902/2902
f 2838/2838 2902/2902 2839/2839
f 2839/2839 2902/2902 2903/2903
f 2839/2839 2903/2903 2840/2840
f 2840/2840 2903/2903 2904/2904
f 2840/2840 2904/2904 2841/2841
f 2841/2841 2904/2904 2905/2905
f 2841/2841 2905/2905 2842/2842
f 2842/2842 2905/2905 2906/2906
f 2842/2842 2906/2906 2843/2843
f 2843/2843 2906/2906 2907/2907
f 2843/2843 2907/2907 2844/2844
f 2844/2844 2907/2907 2908/2908
f 2844/2844 2908/2908 2845/2845
f 2845/2845 2908/2908 2909/2909
f 2845/2845 2909/2909 2846/2846
f 2846/2846 2909/2909 2910/2910
f 2846/2846 2910/2910 2847/2847
f 2847/2847 2910/2910 2911/2911
f 2847/2847 2911/2911 2848/2848
f 2848/2848 2911/2911 2912/2912
f 2848/2848 2912/2912 2849/2849
f 2849/2849 2912/2912 2913/2913
f 2849/2849 2913/2913 2850/2850
f 2850/2850 2913/2913 2914/2914
f 2850/2850 2914/2914 2851/2851
f 2851/2851 2914/2914 2915/2915
f 2851/2851 2915/2915 2852/2852
f 2852/2852 2915/2915 2916/2916
f 2852/2852 2916/2916 2853/2853
f 2853/2853 2916/2916 2917/2917
f 2853/2853 2917/2917 2854/2854
f 2854/2854 2917/2917 2918/2918
f 2854/2854 2918/2918 2855/2855
f 2855/2855 2918/2918 2919/2919
f 2855/2855 2919/2919 2856/2856
f 2856/2856 2919/2919 2920/2920
f 2856/2856 2920/2920 2857/2857
f 2857/2857 2920/2920 2921/2921
f 2857/2857 2921/2921 2858/2858
f 2858/2858 2921/2921 2922/2922
f 2858/2858 2922/2922 2859/2859
f 2859/2859 2922/2922 2923/2923
f 2859/2859 2923/2923 2860/2860
f 2860/2860 2923/2923 2924/2924
f 2860/2860 2924/2924 2861/2861
f 2861/2861 2924/2924 2925/2925
f 2861/2861 2925/2925 2862/2862
f 2862/2862 2925/2925 2926/2926
f 2862/2862 2926/2926 2863/2863
f 2863/2863 2926/2926 2927/2927
f 2863/2863 2927/2927 2864/2864
f 2864/2864 2927/2927 2928/2928
f 2864/2864 2928/2928 2865/2865
f 2865/2865 2928/2928 2929/2929
f 2865/2865 2929/2929 2866/2866
f 2866/2866 2929/2929 2930/2930
f 2866/2866 2930/2930 2867/2867
f 2867/2867 2930/2930 2931/2931
f 2867/2867 2931/2931 2868/2868
f 2868/2868 2931/2931 2932/2932
f 2868/2868 2932/2932 2869/2869
f 2869/2869 2932/2932 2933/2933
f 2869/2869 2933/2933 2870/2870
f 2870/2870 2933/2933 2934/2934
f 2870/2870 2934/2934 2871/2871
f 2871/2871 2934/2934 2935/2935
f 2871/2871 2935/2935 2872/2872
f 2872/2872 2935/2935 2936/2936
f 2872/2872 2936/2936 2873/2873
f 2873/2873 2936/2936 2937/2937
f 2873/2873 2937/2937 2874/2874
f 2874/2874 2937/2937 2938/2938
f 2874/2874 2938/2938 2875/2875
f 2875/2875 2938/2938 2939/2939
f 2875/2875 2939/2939 2876/2876
f 2876/2876 2939/2939 2940/2940
f 2876/2876 2940/2940 2877/2877
f 2877/2877 2940/2940 2941/2941
f 2877/2877 2941/2941 2878/2878
f 2878/2878 2941/2941 2942/2942
f 2878/2878 2942/2942 2879/2879
f 2879/2879 2942/2942 2943/2943
f 2879/2879 2943/2943 2880/2880
f 2880/2880 2943/2943 2944/2944
f 2881/2881 2945/2945 2882/2882
f 2882/2882 2945/2945 2946/2946
f 2882/2882 2946/2946 2883/2883
f 2883/2883 2946/2946 2947/2947
f 2883/2883 2947/2947 2884/2884
f 2884/2884 2947/2947 2948/2948
f 2884/2884 2948/2948 2885/2885
f 2885/2885 2948/2948 2949/2949
f 2885/2885 2949/2949 2886/2886
f 2886/2886 2949/2949 2950/2950
f 2886/2886 2950/2950 2887/2887
f 2887/2887 2950/2950 2951/2951
f 2887/2887 2951/2951 2888/2888
f 2888/2888 2951/2951 2952/2952
f 2888/2888 2952/2952 2889/2889
f 2889/2889 2952/2952 2953/2953
f 2889/2889 2953/2953 2890/2890
f 2890/2890 2953/2953 2954/2954
f 2890/2890 2954/2954 2891/2891
f 2891/2891 2954/2954 2955/2955
f 2891/2891 2955/2955 2892/2892
f 2892/2892 2955/2955 2956/2956
f 2892/2892 2956/2956 2893/2893
f 2893/2893 2956/2956 2957/2957
f 2893/2893 2957/2957 2894/2894
f 2894/2894 2957/2957 2958/2958
f 2894/2894 2958/2958 2895/2895
f 2895/2895 2958/2958 2959/2959
f 2895/2895 2959/2959 2896/2896
f 2896/2896 2959/2959 2960/2960
f 2896/2896 2960/2960 2897/2897
f 2897/2897 2960/2960 2961/2961
f 2897/2897 2961/2961 2898/2898
f 2898/2898 2961/2961 2962/2962
f 2898/2898 2962/2962 2899/2899
f 2899/2899 2962/2962 2963/2963
f 2899/2899 2963/2963 2900/2900
f 2900/2900 2963/2963 2964/2964
f 2900/2900 2964/2964 2901/2901
f 2901/2901 2964/2964 2965/2965
f 2901/2901 2965/2965 2902/2902
f 2902/2902 2965/2965 2966/2966
f 2902/2902 2966/2966 2903/2903
f 2903/2903 2966/2966 2967/2967
f 2903/2903 2967/2967 2904/2904
f 2904/2904 2967/2967 2968/2968
f 2904/2904 2968/2968 2905/2905
f 2905/2905 2968/2968 2969/2969
f 2905/2905 2969/2969 2906/2906
f 2906/2906 2969/2969 2970/2970
f 2906/2906 2970/2970 2907/2907
f 2907/2907 2970/2970 2971/2971
f 2907/2907 2971/2971 2908/2908
f 2908/2908 2971/2971 2972/2972
f 2908/2908 2972/2972 2909/2909
f 2909/2909 2972/2972 2973/2973
f 2909/2909 2973/2973 2910/2910
f 2910/2910 2973/2973 2974/2974
f 2910/2910 2974/2974 2911/2911
f 2911/2911 2974/2974 2975/2975
f 2911/2911 2975/2975 2912/2912
f 2912/2912 2975/2975 2976/2976
f 2912/2912 2976/2976 2913/2913
f 2913/2913 2976/2976 2977/2977
f 2913/2913 2977/2977 2914/2914
f 2914/2914 2977/2977 2978/2978
f 2914/2914 2978/2978 2915/2915
f 2915/2915 2978/2978 2979/2979
f 2915/2915 2979/2979 2916/2916
f 2916/2916 2979/2979 2980/2980
f 2916/2916 2980/2980 2917/2917
f 2917/2917 2980/2980 2981/2981
f 2917/2917 2981/2981 2918/2918
f 2918/2918 2981/2981 2982/2982
f 2918/2918 2982/2982 2919/2919
f 2919/2919 2982/2982 2983/2983
f 2919/2919 2983/2983 2920/2920
f 2920/2920 2983/2983 2984/2984
f 2920/2920 2984/2984 2921/2921
f 2921/2921 2984/2984 2985/2985
f 2921/2921 2985/2985 2922/2922
f 2922/2922 2985/2985 2986/2986
f 2922/2922 2986/2986 2923/2923
f 2923/2923 2986/2986 2987/2987
f 2923/2923 2987/2987 2924/2924
f 2924/2924 2987/2987 2988/2988
f 2924/2924 2988/2988 2925/2925
f 2925/2925 2988/2988 2989/2989
f 2925/2925 2989/2989 2926/2926
f 2926/2926 2989/2989 2990/2990
f 2926/2926 2990/2990 2927/2927
f 2927/2927 2990/2990 2991/2991
f 2927/2927 2991/2991 2928/2928
f 2928/2928 2991/2991 2992/2992
f 2928/2928 2992/2992 2929/2929
f 2929/2929 2992/2992 2993/2993
f 2929/2929 2993/2993 2930/2930
f 2930/2930 2993/2993 2994/2994
f 2930/2930 2994/2994 2931/2931
f 2931/2931 2994/2994 2995/2995
f 2931/2931 2995/2995 2932/2932
f 2932/2932 2995/2995 2996/2996
f 2932/2932 2996/2996 2933/2933
f 2933/2933 2996/2996 2997/2997
f 2933/2933 2997/2997 2934/2934
f 2934/2934 2997/2997 2998/2998
f 2934/2934 2998/2998 2935/2935
f 2935/2935 2998/2998 2999/2999
f 2935/2935 2999/2999 2936/2936
f 2936/2936 2999/2999 3000/3000
f 2936/2936 3000/3000 2937/2937
f 2937/2937 3000/3000 3001/3001
f 2937/2937 3001/3001 2938/2938
f 2938/2938 3001/3001 3002/3002
f 2938/2938 3002/3002 2939/2939
f 2939/2939 3002/3002 3003/3003
f 2939/2939 3003/3003 2940/2940
f 2940/2940 3003/3003 3004/3004
f 2940/2940 3004/3004 2941/2941
f 2941/2941 3004/3004 3005/3005
f 2941/2941 3005/3005 2942/2942
f 2942/2942 3005/3005 3006/3006
f 2942/2942 3006/3006 2943/2943
f 2943/2943 3006/3006 3007/3007
f 2943/2943 3007/3007 2944/2944
f 2944/2944 3007/3007 3008/3008
f 2945/2945 3009/3009 2946/2946
f 2946/2946 3009/3009 3010/3010
f 2946/2946 3010/3010 2947/2947
f 2947/2947 3010/3010 3011/3011
f 2947/2947 3011/3011 2948/2948
f 2948/2948 3011/3011 3012/3012
f 2948/2948 3012/3012 2949/2949
f 2949/2949 3012/3012 3013/3013
f 2949/2949 3013/3013 2950/2950
f 2950/2950 3013/3013 3014/3014
f 2950/2950 3014/3014 2951/2951
f 2951/2951 3014/3014 3015/3015
f 2951/2951 3015/3015 2952/2952
f 2952/2952 3015/3015 3016/3016
f 2952/2952 3016/3016 2953/2953
f 2953/2953 3016/3016 3017/3017
f 2953/2953 3017/3017 2954/2954
f 2954/2954 3017/3017 3018/3018
f 2954/2954 3018/3018 2955/2955
f 2955/2955 3018/3018 3019/3019
f 2955/2955 3019/3019 2956/2956
f 2956/2956 3019/3019 3020/3020
f 2956/2956 3020/3020 2957/2957
f 2957/2957 3020/3020 3021/3021
f 2957/2957 3021/3021 2958/2958
f 2958/2958 3021/3021 3022/3022
f 2958/2958 3022/3022 2959/2959
f 2959/2959 3022/3022 3023/3023
f 2959/2959 3023/3023 2960/2960
f 2960/2960 3023/3023 3024/3024
f 2960/2960 3024/3024 2961/2961
f 2961/2961 3024/3024 3025/3025
f 2961/2961 3025/3025 2962/2962
f 2962/2962 3025/3025 3026/3026
f 2962/2962 3026/3026 2963/2963
f 2963/2963 3026/3026 3027/3027
f 2963/2963 3027/3027 2964/2964
f 2964/2964 3027/3027 3028/3028
f 2964/2964 3028/3028 2965/2965
f 2965/2965 3028/3028 3029/3029
f 2965/2965 3029/3029 2966/2966
f 2966/2966 3029/3029 3030/3030
f 2966/2966 3030/3030 2967/2967
f 2967/2967 3030/3030 3031/3031
f 2967/2967 3031/3031 2968/2968
f 2968/2968 3031/3031 3032/3032
f 2968/2968 3032/3032 2969/2969
f 2969/2969 3032/3032 3033/3033
f 2969/2969 3033/3033 2970/2970
f 2970/2970 3033/3033 3034/3034
f 2970/2970 3034/3034 2971/2971
f 2971/2971 3034/3034 3035/3035
f 2971/2971 3035/3035 2972/2972
f 2972/2972 3035/3035 3036/3036
f 2972/2972 3036/3036 2973/2973
f 2973/2973 3036/3036 3037/3037
f 2973/2973 3037/3037 2974/2974
f 2974/2974 3037/3037 3038/3038
f 2974/2974 3038/3038 2975/2975
f 2975/2975 3038/3038 3039/3039
f 2975/2975 3039/3039 2976/2976
f 2976/2976 3039/3039 3040/3040
f 2976/2976 3040/3040 2977/2977
f 2977/2977 3040/3040 3041/3041
f 2977/2977 3041/3041 2978/2978
f 2978/2978 3041/3041 3042/3042
f 2978/2978 3042/3042 2979/2979
f 2979/2979 3042/3042 3043/3043
f 2979/2979 3043/3043 2980/2980
f 2980/2980 3043/3043 3044/3044
f 2980/2980 3044/3044 2981/2981
f 2981/2981 3044/3044 3045/3045
f 2981/2981 3045/3045 2982/2982
f 2982/2982 3045/3045 3046/3046
f 2982/2982 3046/3046 2983/2983
f 2983/2983 3046/3046 3047/3047
f 2983/2983 3047/3047 2984/2984
f 2984/2984 3047/3047 3048/3048
f 2984/2984 3048/3048 2985/2985
f 2985/2985 3048/3048 3049/3049
f 2985/2985 3049/3049 2986/2986
f 2986/2986 3049/3049 3050/3050
f 2986/2986 3050/3050 2987/2987
f 2987/2987 3050/3050 3051/3051
f 2987/2987 3051/3051 2988/2988
f 2988/2988 3051/3051 3052/3052
f 2988/2988 3052/3052 2989/2989
f 2989/2989 3052/3052 3053/3053
f 2989/2989 3053/3053 2990/2990
f 2990/2990 3053/3053 3054/3054
f 2990/2990 3054/3054 2991/2991
f 2991/2991 3054/3054 3055/3055
f 2991/2991 3055/3055 2992/2992
f 2992/2992 3055/3055 3056/3056
f 2992/2992 3056/3056 2993/2993
f 2993/2993 3056/3056 3057/3057
f 2993/2993 3057/3057 2994/2994
f 2994/2994 3057/3057 3058/3058
f 2994/2994 3058/3058 2995/2995
f 2995/2995 3058/3058 3059/3059
f 2995/2995 3059/3059 2996/2996
f 2996/2996 3059/3059 3060/3060
f 2996/2996 3060/3060 2997/2997
f 2997/2997 3060/3060 3061/3061
f 2997/2997 3061/3061 2998/2998
f 2998/2998 3061/3061 3062/3062
f 2998/2998 3062/3062 2999/2999
f 2999/2999 3062/3062 3063/3063
f 2999/2999 3063/3063 3000/3000
f 3000/3000 3063/3063 3064/3064
f 3000/3000 3064/3064 3001/3001
f 3001/3001 3064/3064 3065/3065
f 3001/3001 3065/3065 3002/3002
f 3002/3002 3065/3065 3066/3066
f 3002/3002 3066/3066 3003/3003
f 3003/3003 3066/3066 3067/3067
f 3003/3003 3067/3067 3004/3004
f 3004/3004 3067/3067 3068/3068
f 3004/3004 3068/3068 3005/3005
f 3005/3005 3068/3068 3069/3069
f 3005/3005 3069/3069 3006/3006
f 3006/3006 3069/3069 3070/3070
f 3006/3006 3070/3070 3007/3007
f 3007/3007 3070/3070 3071/3071
f 3007/3007 3071/3071 3008/3008
f 3008/3008 3071/3071 3072/3072
f 3009/3009 3073/3073 3010/3010
f 3010/3010 3073/3073 3074/3074
f 3010/3010 3074/3074 3011/3011
f 3011/3011 3074/3074 3075/3075
f 3011/3011 3075/3075 3012/3012
f 3012/3012 3075/3075 3076/3076
f 3012/3012 3076/3076 3013/3013
f 3013/3013 3076/3076 3077/3077
f 3013/3013 3077/3077 3014/3014
f 3014/3014 3077/3077 3078/3078
f 3014/3014 3078/3078 3015/3015
f 3015/3015 3078/3078 3079/3079
f 3015/3015 3079/3079 3016/3016
f 3016/3016 3079/3079 3080/3080
f 3016/3016 3080/3080 3017/3017
f 3017/3017 3080/3080 3081/3081
f 3017/3017 3081/3081 3018/3018
f 3018/3018 3081/3081 3082/3082
f 3018/3018 3082/3082 3019/3019
f 3019/3019 3082/3082 3083/3083
f 3019/3019 3083/3083 3020/3020
f 3020/3020 3083/3083 3084/3084
f 3020/3020 3084/3084 3021/3021
f 3021/3021 3084/3084 3085/3085
f 3021/3021 3085/3085 3022/3022
f 3022/3022 3085/3085 3086/3086
f 3022/3022 3086/3086 3023/3023
f 3023/3023 3086/3086 3087/3087
f 3023/3023 3087/3087 3024/3024
f 3024/3024 3087/3087 3088/3088
f 3024/3024 3088/3088 3025/3025
f 3025/3025 3088/3088 3089/3089
f 3025/3025 3089/3089 3026/3026
f 3026/3026 3089/3089 3090/3090
f 3026/3026 3090/3090 3027/3027
f 3027/3027 3090/3090 3091/3091
f 3027/3027 3091/3091 3028/3028
f 3028/3028 3091/3091 3092/3092
f 3028/3028 3092/3092 3029/3029
f 3029/3029 3092/3092 3093/3093
f 3029/3029 3093/3093 3030/3030
f 3030/3030 3093/3093 3094/3094
f 3030/3030 3094/3094 3031/3031
f 3031/3031 3094/3094 3095/3095
f 3031/3031 3095/3095 3032/3032
f 3032/3032 3095/3095 3096/3096
f 3032/3032 3096/3096 3033/3033
f 3033/3033 3096/3096 3097/3097
f 3033/3033 3097/3097 3034/3034
f 3034/3034 3097/3097 3098/3098
f 3034/3034 3098/3098 3035/3035
f 3035/3035 3098/3098 3099/3099
f 3035/3035 3099/3099 3036/3036
f 3036/3036 3099/3099 3100/3100
f 3036/3036 3100/3100 3037/3037
f 3037/3037 3100/3100 3101/3101
f 3037/3037 3101/3101 3038/3038
f 3038/3038 3101/3101 3102/3102
f 3038/3038 3102/3102 3039/3039
f 3039/3039 3102/3102 3103/3103
f 3039/3039 3103/3103 3040/3040
f 3040/3040 3103/3103 3104/3104
f 3040/3040 3104/3104 3041/3041
f 3041/3041 3104/3104 3105/3105
f 3041/3041 3105/3105 3042/3042
f 3042/3042 3105/3105 3106/3106
f 3042/3042 3106/3106 3043/3043
f 3043/3043 3106/3106 3107/3107
f 3043/3043 3107/3107 3044/3044
f 3044/3044 3107/3107 3108/3108
f 3044/3044 3108/3108 3045/3045
f 3045/3045 3108/3108 3109/3109
f 3045/3045 3109/3109 3046/3046
f 3046/3046 3109/3109 3110/3110
f 3046/3046 3110/3110 3047/3047
f 3047/3047 3110/3110 3111/3111
f 3047/3047 3111/3111 3048/3048
f 3048/3048 3111/3111 3112/3112
f 3048/3048 3112/3112 3049/3049
f 3049/3049 3112/3112 3113/3113
f 3049/3049 3113/3113 3050/3050
f 3050/3050 3113/3113 3114/3114
f 3050/3050 3114/3114 3051/3051
f 3051/3051 3114/3114 3115/3115
f 3051/3051 3115/3115 3052/3052
f 3052/3052 3115/3115 3116/3116
f 3052/3052 3116/3116 3053/3053
f 3053/3053 3116/3116 3117/3117
f 3053/3053 3117/3117 3054/3054
f 3054/3054 3117/3117 3118/3118
f 3054/3054 3118/3118 3055/3055
f 3055/3055 3118/3118 3119/3119
f 3055/3055 3119/3119 3056/3056
f 3056/3056 3119/3119 3120/3120
f 3056/3056 3120/3120 3057/3057
f 3057/3057 3120/3120 3121/3121
f 3057/3057 3121/3121 3058/3058
f 3058/3058 3121/3121 3122/3122
f 3058/3058 3122/3122 3059/3059
f 3059/3059 3122/3122 3123/3123
f 3059/3059 3123/3123 3060/3060
f 3060/3060 3123/3123 3124/3124
f 3060/3060 3124/3124 3061/3061
f 3061/3061 3124/3124 3125/3125
f 3061/3061 3125/3125 3062/3062
f 3062/3062 3125/3125 3126/3126
f 3062/3062 3126/3126 3063/3063
f 3063/3063 3126/3126 3127/3127
f 3063/3063 3127/3127 3064/3064
f 3064/3064 3127/3127 3128/3128
f 3064/3064 3128/3128 3065/3065
f 3065/3065 3128/3128 3129/3129
f 3065/3065 3129/3129 3066/3066
f 3066/3066 3129/3129 3130/3130
f 3066/3066 3130/3130 3067/3067
f 3067/3067 3130/3130 3131/3131
f 3067/3067 3131/3131 3068/3068
f 3068/3068 3131/3131 3132/3132
f 3068/3068 3132/3132 3069/3069
f 3069/3069 3132/3132 3133/3133
f 3069/3069 3133/3133 3070/3070
f 3070/3070 3133/3133 3134/3134
f 3070/3070 3134/3134 3071/3071
f 3071/3071 3134/3134 3135/3135
f 3071/3071 3135/3135 3072/3072
f 3072/3072 3135/3135 3136/3136
f 3073/3073 3137/3137 3074/3074
f 3074/3074 3137/3137 3138/3138
f 3074/3074 3138/3138 3075/3075
f 3075/3075 3138/3138 3139/3139
f 3075/3075 3139/3139 3076/3076
f 3076/3076 3139/3139 3140/3140
f 3076/3076 3140/3140 3077/3077
f 3077/3077 3140/3140 3141/3141
f 3077/3077 3141/3141 3078/3078
f 3078/3078 3141/3141 3142/3142
f 3078/3078 3142/3142 3079/3079
f 3079/3079 3142/3142 3143/3143
f 3079/3079 3143/3143 3080/3080
f 3080/3080 3143/3143 3144/3144
f 3080/3080 3144/3144 3081/3081
f 3081/3081 3144/3144 3145/3145
f 3081/3081 3145/3145 3082/3082
f 3082/3082 3145/3145 3146/3146
f 3082/3082 3146/3146 3083/3083
f 3083/3083 3146/3146 3147/3147
f 3083/3083 3147/3147 3084/3084
f 3084/3084 3147/3147 3148/3148
f 3084/3084 3148/3148 3085/3085
f 3085/3085 3148/3148 3149/3149
f 3085/3085 3149/3149 3086/3086
f 3086/3086 3149/3149 3150/3150
f 3086/3086 3150/3150 3087/3087
f 3087/3087 3150/3150 3151/3151
f 3087/3087 3151/3151 3088/3088
f 3088/3088 3151/3151 3152/3152
f 3088/3088 3152/3152 3089/3089
f 3089/3089 3152/3152 3153/3153
f 3089/3089 3153/3153 3090/3090
f 3090/3090 3153/3153 3154/3154
f 3090/3090 3154/3154 3091/3091
f 3091/3091 3154/3154 3155/3155
f 3091/3091 3155/3155 3092/3092
f 3092/3092 3155/3155 3156/3156
f 3092/3092 3156/3156 3093/3093
f 3093/3093 3156/3156 3157/3157
f 3093/3093 3157/3157 3094/3094
f 3094/3094 3157/3157 3158/3158
f 3094/3094 3158/3158 3095/3095
f 3095/3095 3158/3158 3159/3159
f 3095/3095 3159/3159 3096/3096
f 3096/3096 3159/3159 3160/3160
f 3096/3096 3160/3160 3097/3097
f 3097/3097 3160/3160 3161/3161
f 3097/3097 3161/3161 3098/3098
f 3098/3098 3161/3161 3162/3162
f 3098/3098 3162/3162 3099/3099
f 3099/3099 3162/3162 3163/3163
f 3099/3099 3163/3163 3100/3100
f 3100/3100 3163/3163 3164/3164
f 3100/3100 3164/3164 3101/3101
f 3101/3101 3164/3164 3165/3165
f 3101/3101 3165/3165 3102/3102
f 3102/3102 3165/3165 3166/3166
f 3102/3102 3166/3166 3103/3103
f 3103/3103 3166/3166 3167/3167
f 3103/3103 3167/3167 3104/3104
f 3104/3104 3167/3167 3168/3168
f 3104/3104 3168/3168 3105/3105
f 3105/3105 3168/3168 3169/3169
f 3105/3105 3169/3169 3106/3106
f 3106/3106 3169/3169 3170/3170
f 3106/3106 3170/3170 3107/3107
f 3107/3107 3170/3170 3171/3171
f 3107/3107 3171/3171 3108/3108
f 3108/3108 3171/3171 3172/3172
f 3108/3108 3172/3172 3109/3109
f 3109/3109 3172/3172 3173/3173
f 3109/3109 3173/3173 3110/3110
f 3110/3110 3173/3173 3174/3174
f 3110/3110 3174/3174 3111/3111
f 3111/3111 3174/3174 3175/3175
f 3111/3111 3175/3175 3112/3112
f 3112/3112 3175/3175 3176/3176
f 3112/3112 3176/3176 3113/3113
f 3113/3113 3176/3176 3177/3177
f 3113/3113 3177/3177 3114/3114
f 3114/3114 3177/3177 3178/3178
f 3114/3114 3178/3178 3115/3115
f 3115/3115 3178/3178 3179/3179
f 3115/3115 3179/3179 3116/3116
f 3116/3116 3179/3179 3180/3180
f 3116/3116 3180/3180 3117/3117
f 3117/3117 3180/3180 3181/3181
f 3117/3117 3181/3181 3118/3118
f 3118/3118 3181/3181 3182/3182
f 3118/3118 3182/3182 3119/3119
f 3119/3119 3182/3182 3183/3183
f 3119/3119 3183/3183 3120/3120
f 3120/3120 3183/3183 3184/3184
f 3120/3120 3184/3184 3121/3121
f 3121/3121 3184/3184 3185/3185
f 3121/3121 3185/3185 3122/3122
f 3122/3122 3185/3185 3186/3186
f 3122/3122 3186/3186 3123/3123
f 3123/3123 3186/3186 3187/3187
f 3123/3123 3187/3187 3124/3124
f 3124/3124 3187/3187 3188/3188
f 3124/3124 3188/3188 3125/3125
f 3125/3125 3188/3188 3189/3189
f 3125/3125 3189/3189 3126/3126
f 3126/3126 3189/3189 3190/3190
f 3126/3126 3190/3190 3127/3127
f 3127/3127 3190/3190 3191/3191
f 3127/3127 3191/3191 3128/3128
f 3128/3128 3191/3191 3192/3192
f 3128/3128 3192/3192 3129/3129
f 3129/3129 3192/3192 3193/3193
f 3129/3129 3193/3193 3130/3130
f 3130/3130 3193/3193 3194/3194
f 3130/3130 3194/3194 3131/3131
f 3131/3131 3194/3194 3195/3195
f 3131/3131 3195/3195 3132/3132
f 3132/3132 3195/3195 3196/3196
f 3132/3132 3196/3196 3133/3133
f 3133/3133 3196/3196 3197/3197
f 3133/3133 3197/3197 3134/3134
f 3134/3134 3197/3197 3198/3198
f 3134/3134 3198/3198 3135/3135
f 3135/3135 3198/3198 3199/3199
f 3135/3135 3199/3199 3136/3136
f 3136/3136 3199/3199 3200/3200
f 3137/3137 3201/3201 3138/3138
f 3138/3138 3201/3201 3202/3202
f 3138/3138 3202/3202 3139/3139
f 3139/3139 3202/3202 3203/3203
f 3139/3139 3203/3203 3140/3140
f 3140/3140 3203/3203 3204/3204
f 3140/3140 3204/3204 3141/3141
f 3141/3141 3204/3204 3205/3205
f 3141/3141 3205/3205 3142/3142
f 3142/3142 3205/3205 3206/3206
f 3142/3142 3206/3206 3143/3143
f 3143/3143 3206/3206 3207/3207
f 3143/3143 3207/3207 3144/3144
f 3144/3144 3207/3207 3208/3208
f 3144/3144 3208/3208 3145/3145
f 3145/3145 3208/3208 3209/3209
f 3145/3145 3209/3209 3146/3146
f 3146/3146 3209/3209 3210/3210
f 3146/3146 3210/3210 3147/3147
f 3147/3147 3210/3210 3211/3211
f 3147/3147 3211/3211 3148/3148
f 3148/3148 3211/3211 3212/3212
f 3148/3148 3212/3212 3149/3149
f 3149/3149 3212/3212 3213/3213
f 3149/3149 3213/3213 3150/3150
f 3150/3150 3213/3213 3214/3214
f 3150/3150 3214/3214 3151/3151
f 3151/3151 3214/3214 3215/3215
f 3151/3151 3215/3215 3152/3152
f 3152/3152 3215/3215 3216/3216
f 3152/3152 3216/3216 3153/3153
f 3153/3153 3216/3216 3217/3217
f 3153/3153 3217/3217 3154/3154
f 3154/3154 3217/3217 3218/3218
f 3154/3154 3218/3218 3155/3155
f 3155/3155 3218/3218 3219/3219
f 3155/3155 3219/3219 3156/3156
f 3156/3156 3219/3219 3220/3220
f 3156/3156 3220/3220 3157/3157
f 3157/3157 3220/3220 3221/3221
f 3157/3157 3221/3221 3158/3158
f 3158/3158 3221/3221 3222/3222
f 3158/3158 3222/3222 3159/3159
f 3159/3159 3222/3222 3223/3223
f 3159/3159 3223/3223 3160/3160
f 3160/3160 3223/3223 3224/3224
f 3160/3160 3224/3224 3161/3161
f 3161/3161 3224/3224 3225/3225
f 3161/3161 3225/3225 3162/3162
f 3162/3162 3225/3225 3226/3226
f 3162/3162 3226/3226 3163/3163
f 3163/3163 3226/3226 3227/3227
f 3163/3163 3227/3227 3164/3164
f 3164/3164 3227/3227 3228/3228
f 3164/3164 3228/3228 3165/3165
f 3165/3165 3228/3228 3229/3229
f 3165/3165 3229/3229 3166/3166
f 3166/3166 3229/3229 3230/3230
f 3166/3166 3230/3230 3167/3167
f 3167/3167 3230/3230 3231/3231
f 3167/3167 3231/3231 3168/3168
f 3168/3168 3231/3231 3232/3232
f 3168/3168 3232/3232 3169/3169
f 3169/3169 3232/3232 3233/3233
f 3169/3169 3233/3233 3170/3170
f 3170/3170 3233/3233 3234/3234
f 3170/3170 3234/3234 3171/3171
f 3171/3171 3234/3234 3235/3235
f 3171/3171 3235/3235 3172/3172
f 3172/3172 3235/3235 3236/3236
f 3172/3172 3236/3236 3173/3173
f 3173/3173 3236/3236 3237/3237
f 3173/3173 3237/3237 3174/3174
f 3174/3174 3237/3237 3238/3238
f 3174/3174 3238/3238 3175/3175
f 3175/3175 3238/3238 3239/3239
f 3175/3175 3239/3239 3176/3176
f 3176/3176 3239/3239 3240/3240
f 3176/3176 3240/3240 3177/3177
f 3177/3177 3240/3240 3241/3241
f 3177/3177 3241/3241 3178/3178
f 3178/3178 3241/3241 3242/3242
f 3178/3178 3242/3242 3179/3179
f 3179/3179 3242/3242 3243/3243
f 3179/3179 3243/3243 3180/3180
f 3180/3180 3243/3243 3244/3244
f 3180/3180 3244/3244 3181/3181
f 3181/3181 3244/3244 3245/3245
f 3181/3181 3245/3245 3182/3182
f 3182/3182 3245/3245 3246/3246
f 3182/3182 3246/3246 3183/3183
f 3183/3183 3246/3246 3247/3247
f 3183/3183 3247/3247 3184/3184
f 3184/3184 3247/3247 3248/3248
f 3184/3184 3248/3248 3185/3185
f 3185/3185 3248/3248 3249/3249
f 3185/3185 3249/3249 3186/3186
f 3186/3186 3249/3249 3250/3250
f 3186/3186 3250/3250 3187/3187
f 3187/3187 3250/3250 3251/3251
f 3187/3187 3251/3251 3188/3188
f 3188/3188 3251/3251 3252/3252
f 3188/3188 3252/3252 3189/3189
f 3189/3189 3252/3252 3253/3253
f 3189/3189 3253/3253 3190/3190
f 3190/3190 3253/3253 3254/3254
f 3190/3190 3254/3254 3191/3191
f 3191/3191 3254/3254 3255/3255
f 3191/3191 3255/3255 3192/3192
f 3192/3192 3255/3255 3256/3256
f 3192/3192 3256/3256 3193/3193
f 3193/3193 3256/3256 3257/3257
f 3193/3193 3257/3257 3194/3194
f 3194/3194 3257/3257 3258/3258
f 3194/3194 3258/3258 3195/3195
f 3195/3195 3258/3258 3259/3259
f 3195/3195 3259/3259 3196/3196
f 3196/3196 3259/3259 3260/3260
f 3196/3196 3260/3260 3197/3197
f 3197/3197 3260/3260 3261/3261
f 3197/3197 3261/3261 3198/3198
f 3198/3198 3261/3261 3262/3262
f 3198/3198 3262/3262 3199/3199
f 3199/3199 3262/3262 3263/3263
f 3199/3199 3263/3263 3200/3200
f 3200/3200 3263/3263 3264/3264
f 3201/3201 3265/3265 3202/3202
f 3202/3202 3265/3265 3266/3266
f 3202/3202 3266/3266 3203/3203
f 3203/3203 3266/3266 3267/3267
f 3203/3203 3267/3267 3204/3204
f 3204/3204 3267/3267 3268/3268
f 3204/3204 3268/3268 3205/3205
f 3205/3205 3268/3268 3269/3269
f 3205/3205 3269/3269 3206/3206
f 3206/3206 3269/3269 3270/3270
f 3206/3206 3270/3270 3207/3207
f 3207/3207 3270/3270 3271/3271
f 3207/3207 3271/3271 3208/3208
f 3208/3208 3271/3271 3272/3272
f 3208/3208 3272/3272 3209/3209
f 3209/3209 3272/3272 3273/3273
f 3209/3209 3273/3273 3210/3210
f 3210/3210 3273/3273 3274/3274
f 3210/3210 3274/3274 3211/3211
f 3211/3211 3274/3274 3275/3275
f 3211/3211 3275/3275 3212/3212
f 3212/3212 3275/3275 3276/3276
f 3212/3212 3276/3276 3213/3213
f 3213/3213 3276/3276 3277/3277
f 3213/3213 3277/3277 3214/3214
f 3214/3214 3277/3277 3278/3278
f 3214/3214 3278/3278 3215/3215
f 3215/3215 3278/3278 3279/3279
f 3215/3215 3279/3279 3216/3216
f 3216/3216 3279/3279 3280/3280
f 3216/3216 3280/3280 3217/3217
f 3217/3217 3280/3280 3281/3281
f 3217/3217 3281/3281 3218/3218
f 3218/3218 3281/3281 3282/3282
f 3218/3218 3282/3282 3219/3219
f 3219/3219 3282/3282 3283/3283
f 3219/3219 3283/3283 3220/3220
f 3220/3220 3283/3283 3284/3284
f 3220/3220 3284/3284 3221/3221
f 3221/3221 3284/3284 3285/3285
f 3221/3221 3285/3285 3222/3222
f 3222/3222 3285/3285 3286/3286
f 3222/3222 3286/3286 3223/3223
f 3223/3223 3286/3286 3287/3287
f 3223/3223 3287/3287 3224/3224
f 3224/3224 3287/3287 3288/3288
f 3224/3224 3288/3288 3225/3225
f 3225/3225 3288/3288 3289/3289
f 3225/3225 3289/3289 3226/3226
f 3226/3226 3289/3289 3290/3290
f 3226/3226 3290/3290 3227/3227
f 3227/3227 3290/3290 3291/3291
f 3227/3227 3291/3291 3228/3228
f 3228/3228 3291/3291 3292/3292
f 3228/3228 3292/3292 3229/3229
f 3229/3229 3292/3292 3293/3293
f 3229/3229 3293/3293 3230/3230
f 3230/3230 3293/3293 3294/3294
f 3230/3230 3294/3294 3231/3231
f 3231/3231 3294/3294 3295/3295
f 3231/3231 3295/3295 3232/3232
f 3232/3232 3295/3295 3296/3296
f 3232/3232 3296/3296 3233/3233
f 3233/3233 3296/3296 3297/3297
f 3233/3233 3297/3297 3234/3234
f 3234/3234 3297/3297 3298/3298
f 3234/3234 3298/3298 3235/3235
f 3235/3235 3298/3298 3299/3299
f 3235/3235 3299/3299 3236/3236
f 3236/3236 3299/3299 3300/3300
f 3236/3236 3300/3300 3237/3237
f 3237/3237 3300/3300 3301/3301
f 3237/3237 3301/3301 3238/3238
f 3238/3238 3301/3301 3302/3302
f 3238/3238 3302/3302 3239/3239
f 3239/3239 3302/3302 3303/3303
f 3239/3239 3303/3303 3240/3240
f 3240/3240 3303/3303 3304/3304
f 3240/3240 3304/3304 3241/3241
f 3241/3241 3304/3304 3305/3305
f 3241/3241 3305/3305 3242/3242
f 3242/3242 3305/3305 3306/3306
f 3242/3242 3306/3306 3243/3243
f 3243/3243 3306/3306 3307/3307
f 3243/3243 3307/3307 3244/3244
f 3244/3244 3307/3307 3308/3308
f 3244/3244 3308/3308 3245/3245
f 3245/3245 3308/3308 3309/3309
f 3245/3245 3309/3309 3246/3246
f 3246/3246 3309/3309 3310/3310
f 3246/3246 3310/3310 3247/3247
f 3247/3247 3310/3310 3311/3311
f 3247/3247 3311/3311 3248/3248
f 3248/3248 3311/3311 3312/3312
f 3248/3248 3312/3312 3249/3249
f 3249/3249 3312/3312 3313/3313
f 3249/3249 3313/3313 3250/3250
f 3250/3250 3313/3313 3314/3314
f 3250/3250 3314/3314 3251/3251
f 3251/3251 3314/3314 3315/3315
f 3251/3251 3315/3315 3252/3252
f 3252/3252 3315/3315 3316/3316
f 3252/3252 3316/3316 3253/3253
f 3253/3253 3316/3316 3317/3317
f 3253/3253 3317/3317 3254/3254
f 3254/3254 3317/3317 3318/3318
f 3254/3254 3318/3318 3255/3255
f 3255/3255 3318/3318 3319/3319
f 3255/3255 3319/3319 3256/3256
f 3256/3256 3319/3319 3320/3320
f 3256/3256 3320/3320 3257/3257
f 3257/3257 3320/3320 3321/3321
f 3257/3257 3321/3321 3258/3258
f 3258/3258 3321/3321 3322/3322
f 3258/3258 3322/3322 3259/3259
f 3259/3259 3322/3322 3323/3323
f 3259/3259 3323/3323 3260/3260
f 3260/3260 3323/3323 3324/3324
f 3260/3260 3324/3324 3261/3261
f 3261/3261 3324/3324 3325/3325
f 3261/3261 3325/3325 3262/3262
f 3262/3262 3325/3325 3326/3326
f 3262/3262 3326/3326 3263/3263
f 3263/3263 3326/3326 3327/3327
f 3263/3263 3327/3327 3264/3264
f 3264/3264 3327/3327 3328/3328
f 3265/3265 3329/3329 3266/3266
f 3266/3266 3329/3329 3330/3330
f 3266/3266 3330/3330 3267/3267
f 3267/3267 3330/3330 3331/3331
f 3267/3267 3331/3331 3268/3268
f 3268/3268 3331/3331 3332/3332
f 3268/3268 3332/3332 3269/3269
f 3269/3269 3332/3332 3333/3333
f 3269/3269 3333/3333 3270/3270
f 3270/3270 3333/3333 3334/3334
f 3270/3270 3334/3334 3271/3271
f 3271/3271 3334/3334 3335/3335
f 3271/3271 3335/3335 3272/3272
f 3272/3272 3335/3335 3336/3336
f 3272/3272 3336/3336 3273/3273
f 3273/3273 3336/3336 3337/3337
f 3273/3273 3337/3337 3274/3274
f 3274/3274 3337/3337 3338/3338
f 3274/3274 3338/3338 3275/3275
f 3275/3275 3338/3338 3339/3339
f 3275/3275 3339/3339 3276/3276
f 3276/3276 3339/3339 3340/3340
f 3276/3276 3340/3340 3277/3277
f 3277/3277 3340/3340 3341/3341
f 3277/3277 3341/3341 3278/3278
f 3278/3278 3341/3341 3342/3342
f 3278/3278 3342/3342 3279/3279
f 3279/3279 3342/3342 3343/3343
f 3279/3279 3343/3343 3280/3280
f 3280/3280 3343/3343 3344/3344
f 3280/3280 3344/3344 3281/3281
f 3281/3281 3344/3344 3345/3345
f 3281/3281 3345/3345 3282/3282
f 3282/3282 3345/3345 3346/3346
f 3282/3282 3346/3346 3283/3283
f 3283/3283 3346/3346 3347/3347
f 3283/3283 3347/3347 3284/3284
f 3284/3284 3347/3347 3348/3348
f 3284/3284 3348/3348 3285/3285
f 3285/3285 3348/3348 3349/3349
f 3285/3285 3349/3349 3286/3286
f 3286/3286 3349/3349 3350/3350
f 3286/3286 3350/3350 3287/3287
f 3287/3287 3350/3350 3351/3351
f 3287/3287 3351/3351 3288/3288
f 3288/3288 3351/3351 3352/3352
f 3288/3288 3352/3352 3289/3289
f 3289/3289 3352/3352 3353/3353
f 3289/3289 3353/3353 3290/3290
f 3290/3290 3353/3353 3354/3354
f 3290/3290 3354/3354 3291/3291
f 3291/3291 3354/3354 3355/3355
f 3291/3291 3355/3355 3292/3292
f 3292/3292 3355/3355 3356/3356
f 3292/3292 3356/3356 3293/3293
f 3293/3293 3356/3356 3357/3357
f 3293/3293 3357/3357 3294/3294
f 3294/3294 3357/3357 3358/3358
f 3294/3294 3358/3358 3295/3295
f 3295/3295 3358/3358 3359/3359
f 3295/3295 3359/3359 3296/3296
f 3296/3296 3359/3359 3360/3360
f 3296/3296 3360/3360 3297/3297
f 3297/3297 3360/3360 3361/3361
f 3297/3297 3361/3361 3298/3298
f 3298/3298 3361/3361 3362/3362
f 3298/3298 3362/3362 3299/3299
f 3299/3299 3362/3362 3363/3363
f 3299/3299 3363/3363 3300/3300
f 3300/3300 3363/3363 3364/3364
f 3300/3300 3364/3364 3301/3301
f 3301/3301 3364/3364 3365/3365
f 3301/3301 3365/3365 3302/3302
f 3302/3302 3365/3365 3366/3366
f 3302/3302 3366/3366 3303/3303
f 3303/3303 3366/3366 3367/3367
f 3303/3303 3367/3367 3304/3304
f 3304/3304 3367/3367 3368/3368
f 3304/3304 3368/3368 3305/3305
f 3305/3305 3368/3368 3369/3369
f 3305/3305 3369/3369 3306/3306
f 3306/3306 3369/3369 3370/3370
f 3306/3306 3370/3370 3307/3307
f 3307/3307 3370/3370 3371/3371
f 3307/3307 3371/3371 3308/3308
f 3308/3308 3371/3371 3372/3372
f 3308/3308 3372/3372 3309/3309
f 3309/3309 3372/3372 3373/3373
f 3309/3309 3373/3373 3310/3310
f 3310/3310 3373/3373 3374/3374
f 3310/3310 3374/3374 3311/3311
f 3311/3311 3374/3374 3375/3375
f 3311/3311 3375/3375 3312/3312
f 3312/3312 3375/3375 3376/3376
f 3312/3312 3376/3376 3313/3313
f 3313/3313 3376/3376 3377/3377
f 3313/3313 3377/3377 3314/3314
f 3314/3314 3377/3377 3378/3378
f 3314/3314 3378/3378 3315/3315
f 3315/3315 3378/3378 3379/3379
f 3315/3315 3379/3379 3316/3316
f 3316/3316 3379/3379 3380/3380
f 3316/3316 3380/3380 3317/3317
f 3317/3317 3380/3380 3381/3381
f 3317/3317 3381/3381 3318/3318
f 3318/3318 3381/3381 3382/3382
f 3318/3318 3382/3382 3319/3319
f 3319/3319 3382/3382 3383/3383
f 3319/3319 3383/3383 3320/3320
f 3320/3320 3383/3383 3384/3384
f 3320/3320 3384/3384 3321/3321
f 3321/3321 3384/3384 3385/3385
f 3321/3321 3385/3385 3322/3322
f 3322/3322 3385/3385 3386/3386
f 3322/3322 3386/3386 3323/3323
f 3323/3323 3386/3386 3387/3387
f 3323/3323 3387/3387 3324/3324
f 3324/3324 3387/3387 3388/3388
f 3324/3324 3388/3388 3325/3325
f 3325/3325 3388/3388 3389/3389
f 3325/3325 3389/3389 3326/3326
f 3326/3326 3389/3389 3390/3390
f 3326/3326 3390/3390 3327/3327
f 3327/3327 3390/3390 3391/3391
f 3327/3327 3391/3391 3328/3328
f 3328/3328 3391/3391 3392/3392
f 3329/3329 3393/3393 3330/3330
f 3330/3330 3393/3393 3394/3394
f 3330/3330 3394/3394 3331/3331
f 3331/3331 3394/3394 3395/3395
f 3331/3331 3395/3395 3332/3332
f 3332/3332 3395/3395 3396/3396
f 3332/3332 3396/3396 3333/3333
f 3333/3333 3396/3396 3397/3397
f 3333/3333 3397/3397 3334/3334
f 3334/3334 3397/3397 3398/3398
f 3334/3334 3398/3398 3335/3335
f 3335/3335 3398/3398 3399/3399
f 3335/3335 3399/3399 3336/3336
f 3336/3336 3399/3399 3400/3400
f 3336/3336 3400/3400 3337/3337
f 3337/3337 3400/3400 3401/3401
f 3337/3337 3401/3401 3338/3338
f 3338/3338 3401/3401 3402/3402
f 3338/3338 3402/3402 3339/3339
f 3339/3339 3402/3402 3403/3403
f 3339/3339 3403/3403 3340/3340
f 3340/3340 3403/3403 3404/3404
f 3340/3340 3404/3404 3341/3341
f 3341/3341 3404/3404 3405/3405
f 3341/3341 3405/3405 3342/3342
f 3342/3342 3405/3405 3406/3406
f 3342/3342 3406/3406 3343/3343
f 3343/3343 3406/3406 3407/3407
f 3343/3343 3407/3407 3344/3344
f 3344/3344 3407/3407 3408/3408
f 3344/3344 3408/3408 3345/3345
f 3345/3345 3408/3408 3409/3409
f 3345/3345 3409/3409 3346/3346
f 3346/3346 3409/3409 3410/3410
f 3346/3346 3410/3410 3347/3347
f 3347/3347 3410/3410 3411/3411
f 3347/3347 3411/3411 3348/3348
f 3348/3348 3411/3411 3412/3412
f 3348/3348 3412/3412 3349/3349
f 3349/3349 3412/3412 3413/3413
f 3349/3349 3413/3413 3350/3350
f 3350/3350 3413/3413 3414/3414
f 3350/3350 3414/3414 3351/3351
f 3351/3351 3414/3414 3415/3415
f 3351/3351 3415/3415 3352/3352
f 3352/3352 3415/3415 3416/3416
f 3352/3352 3416/3416 3353/3353
f 3353/3353 3416/3416 3417/3417
f 3353/3353 3417/3417 3354/3354
f 3354/3354 3417/3417 3418/3418
f 3354/3354 3418/3418 3355/3355
f 3355/3355 3418/3418 3419/3419
f 3355/3355 3419/3419 3356/3356
f 3356/3356 3419/3419 3420/3420
f 3356/3356 3420/3420 3357/3357
f 3357/3357 3420/3420 3421/3421
f 3357/3357 3421/3421 3358/3358
f 3358/3358 3421/3421 3422/3422
f 3358/3358 3422/3422 3359/3359
f 3359/3359 3422/3422 3423/3423
f 3359/3359 3423/3423 3360/3360
f 3360/3360 3423/3423 3424/3424
f 3360/3360 3424/3424 3361/3361
f 3361/3361 3424/3424 3425/3425
f 3361/3361 3425/3425 3362/3362
f 3362/3362 3425/3425 3426/3426
f 3362/3362 3426/3426 3363/3363
f 3363/3363 3426/3426 3427/3427
f 3363/3363 3427/3427 3364/3364
f 3364/3364 3427/3427 3428/3428
f 3364/3364 3428/3428 3365/3365
f 3365/3365 3428/3428 3429/3429
f 3365/3365 3429/3429 3366/3366
f 3366/3366 3429/3429 3430/3430
f 3366/3366 3430/3430 3367/3367
f 3367/3367 3430/3430 3431/3431
f 3367/3367 3431/3431 3368/3368
f 3368/3368 3431/3431 3432/3432
f 3368/3368 3432/3432 3369/3369
f 3369/3369 3432/3432 3433/3433
f 3369/3369 3433/3433 3370/3370
f 3370/3370 3433/3433 3434/3434
f 3370/3370 3434/3434 3371/3371
f 3371/3371 3434/3434 3435/3435
f 3371/3371 3435/3435 3372/3372
f 3372/3372 3435/3435 3436/3436
f 3372/3372 3436/3436 3373/3373
f 3373/3373 3436/3436 3437/3437
f 3373/3373 3437/3437 3374/3374
f 3374/3374 3437/3437 3438/3438
f 3374/3374 3438/3438 3375/3375
f 3375/3375 3438/3438 3439/3439
f 3375/3375 3439/3439 3376/3376
f 3376/3376 3439/3439 3440/3440
f 3376/3376 3440/3440 3377/3377
f 3377/3377 3440/3440 3441/3441
f 3377/3377 3441/3441 3378/3378
f 3378/3378 3441/3441 3442/3442
f 3378/3378 3442/3442 3379/3379
f 3379/3379 3442/3442 3443/3443
f 3379/3379 3443/3443 3380/3380
f 3380/3380 3443/3443 3444/3444
f 3380/3380 3444/3444 3381/3381
f 3381/3381 3444/3444 3445/3445
f 3381/3381 3445/3445 3382/3382
f 3382/3382 3445/3445 3446/3446
f 3382/3382 3446/3446 3383/3383
f 3383/3383 3446/3446 3447/3447
f 3383/3383 3447/3447 3384/3384
f 3384/3384 3447/3447 3448/3448
f 3384/3384 3448/3448 3385/3385
f 3385/3385 3448/3448 3449/3449
f 3385/3385 3449/3449 3386/3386
f 3386/3386 3449/3449 3450/3450
f 3386/3386 3450/3450 3387/3387
f 3387/3387 3450/3450 3451/3451
f 3387/3387 3451/3451 3388/3388
f 3388/3388 3451/3451 3452/3452
f 3388/3388 3452/3452 3389/3389
f 3389/3389 3452/3452 3453/3453
f 3389/3389 3453/3453 3390/3390
f 3390/3390 3453/3453 3454/3454
f 3390/3390 3454/3454 3391/3391
f 3391/3391 3454/3454 3455/3455
f 3391/3391 3455/3455 3392/3392
f 3392/3392 3455/3455 3456/3456
f 3393/3393 3457/3457 3394/3394
f 3394/3394 3457/3457 3458/3458
f 3394/3394 3458/3458 3395/3395
f 3395/3395 3458/3458 3459/3459
f 3395/3395 3459/3459 3396/3396
f 3396/3396 3459/3459 3460/3460
f 3396/3396 3460/3460 3397/3397
f 3397/3397 3460/3460 3461/3461
f 3397/3397 3461/3461 3398/3398
f 3398/3398 3461/3461 3462/3462
f 3398/3398 3462/3462 3399/3399
f 3399/3399 3462/3462 3463/3463
f 3399/3399 3463/3463 3400/3400
f 3400/3400 3463/3463 3464/3464
f 3400/3400 3464/3464 3401/3401
f 3401/3401 3464/3464 3465/3465
f 3401/3401 3465/3465 3402/3402
f 3402/3402 3465/3465 3466/3466
f 3402/3402 3466/3466 3403/3403
f 3403/3403 3466/3466 3467/3467
f 3403/3403 3467/3467 3404/3404
f 3404/3404 3467/3467 3468/3468
f 3404/3404 3468/3468 3405/3405
f 3405/3405 3468/3468 3469/3469
f 3405/3405 3469/3469 3406/3406
f 3406/3406 3469/3469 3470/3470
f 3406/3406 3470/3470 3407/3407
f 3407/3407 3470/3470 3471/3471
f 3407/3407 3471/3471 3408/3408
f 3408/3408 3471/3471 3472/3472
f 3408/3408 3472/3472 3409/3409
f 3409/3409 3472/3472 3473/3473
f 3409/3409 3473/3473 3410/3410
f 3410/3410 3473/3473 3474/3474
f 3410/3410 3474/3474 3411/3411
f 3411/3411 3474/3474 3475/3475
f 3411/3411 3475/3475 3412/3412
f 3412/3412 3475/3475 3476/3476
f 3412/3412 3476/3476 3413/3413
f 3413/3413 3476/3476 3477/3477
f 3413/3413 3477/3477 3414/3414
f 3414/3414 3477/3477 3478/3478
f 3414/3414 3478/3478 3415/3415
f 3415/3415 3478/3478 3479/3479
f 3415/3415 3479/3479 3416/3416
f 3416/3416 3479/3479 3480/3480
f 3416/3416 3480/3480 3417/3417
f 3417/3417 3480/3480 3481/3481
f 3417/3417 3481/3481 3418/3418
f 3418/3418 3481/3481 3482/3482
f 3418/3418 3482/3482 3419/3419
f 3419/3419 3482/3482 3483/3483
f 3419/3419 3483/3483 3420/3420
f 3420/3420 3483/3483 3484/3484
f 3420/3420 3484/3484 3421/3421
f 3421/3421 3484/3484 3485/3485
f 3421/3421 3485/3485 3422/3422
f 3422/3422 3485/3485 3486/3486
f 3422/3422 3486/3486 3423/3423
f 3423/3423 3486/3486 3487/3487
f 3423/3423 3487/3487 3424/3424
f 3424/3424 3487/3487 3488/3488
f 3424/3424 3488/3488 3425/3425
f 3425/3425 3488/3488 3489/3489
f 3425/3425 3489/3489 3426/3426
f 3426/3426 3489/3489 3490/3490
f 3426/3426 3490/3490 3427/3427
f 3427/3427 3490/3490 3491/3491
f 3427/3427 3491/3491 3428/3428
f 3428/3428 3491/3491 3492/3492
f 3428/3428 3492/3492 3429/3429
f 3429/3429 3492/3492 3493/3493
f 3429/3429 3493/3493 3430/3430
f 3430/3430 3493/3493 3494/3494
f 3430/3430 3494/3494 3431/3431
f 3431/3431 3494/3494 3495/3495
f 3431/3431 3495/3495 3432/3432
f 3432/3432 3495/3495 3496/3496
f 3432/3432 3496/3496 3433/3433
f 3433/3433 3496/3496 3497/3497
f 3433/3433 3497/3497 3434/3434
f 3434/3434 3497/3497 3498/3498
f 3434/3434 3498/3498 3435/3435
f 3435/3435 3498/3498 3499/3499
f 3435/3435 3499/3499 3436/3436
f 3436/3436 3499/3499 3500/3500
f 3436/3436 3500/3500 3437/3437
f 3437/3437 3500/3500 3501/3501
f 3437/3437 3501/3501 3438/3438
f 3438/3438 3501/3501 3502/3502
f 3438/3438 3502/3502 3439/3439
f 3439/3439 3502/3502 3503/3503
f 3439/3439 3503/3503 3440/3440
f 3440/3440 3503/3503 3504/3504
f 3440/3440 3504/3504 3441/3441
f 3441/3441 3504/3504 3505/3505
f 3441/3441 3505/3505 3442/3442
f 3442/3442 3505/3505 3506/3506
f 3442/3442 3506/3506 3443/3443
f 3443/3443 3506/3506 3507/3507
f 3443/3443 3507/3507 3444/3444
f 3444/3444 3507/3507 3508/3508
f 3444/3444 3508/3508 3445/3445
f 3445/3445 3508/3508 3509/3509
f 3445/3445 3509/3509 3446/3446
f 3446/3446 3509/3509 3510/3510
f 3446/3446 3510/3510 3447/3447
f 3447/3447 3510/3510 3511/3511
f 3447/3447 3511/3511 3448/3448
f 3448/3448 3511/3511 3512/3512
f 3448/3448 3512/3512 3449/3449
f 3449/3449 3512/3512 3513/3513
f 3449/3449 3513/3513 3450/3450
f 3450/3450 3513/3513 3514/3514
f 3450/3450 3514/3514 3451/3451
f 3451/3451 3514/3514 3515/3515
f 3451/3451 3515/3515 3452/3452
f 3452/3452 3515/3515 3516/3516
f 3452/3452 3516/3516 3453/3453
f 3453/3453 3516/3516 3517/3517
f 3453/3453 3517/3517 3454/3454
f 3454/3454 3517/3517 3518/3518
f 3454/3454 3518/3518 3455/3455
f 3455/3455 3518/3518 3519/3519
f 3455/3455 3519/3519 3456/3456
f 3456/3456 3519/3519 3520/3520
f 3457/3457 3521/3521 3458/3458
f 3458/3458 3521/3521 3522/3522
f 3458/3458 3522/3522 3459/3459
f 3459/3459 3522/3522 3523/3523
f 3459/3459 3523/3523 3460/3460
f 3460/3460 3523/3523 3524/3524
f 3460/3460 3524/3524 3461/3461
f 3461/3461 3524/3524 3525/3525
f 3461/3461 3525/3525 3462/3462
f 3462/3462 3525/3525 3526/3526
f 3462/3462 3526/3526 3463/3463
f 3463/3463 3526/3526 3527/3527
f 3463/3463 3527/3527 3464/3464
f 3464/3464 3527/3527 3528/3528
f 3464/3464 3528/3528 3465/3465
f 3465/3465 3528/3528 3529/3529
f 3465/3465 3529/3529 3466/3466
f 3466/3466 3529/3529 3530/3530
f 3466/3466 3530/3530 3467/3467
f 3467/3467 3530/3530 3531/3531
f 3467/3467 3531/3531 3468/3468
f 3468/3468 3531/3531 3532/3532
f 3468/3468 3532/3532 3469/3469
f 3469/3469 3532/3532 3533/3533
f 3469/3469 3533/3533 3470/3470
f 3470/3470 3533/3533 3534/3534
f 3470/3470 3534/3534 3471/3471
f 3471/3471 3534/3534 3535/3535
f 3471/3471 3535/3535 3472/3472
f 3472/3472 3535/3535 3536/3536
f 3472/3472 3536/3536 3473/3473
f 3473/3473 3536/3536 3537/3537
f 3473/3473 3537/3537 3474/3474
f 3474/3474 3537/3537 3538/3538
f 3474/3474 3538/3538 3475/3475
f 3475/3475 3538/3538 3539/3539
f 3475/3475 3539/3539 3476/3476
f 3476/3476 3539/3539 3540/3540
f 3476/3476 3540/3540 3477/3477
f 3477/3477 3540/3540 3541/3541
f 3477/3477 3541/3541 3478/3478
f 3478/3478 3541/3541 3542/3542
f 3478/3478 3542/3542 3479/3479
f 3479/3479 3542/3542 3543/3543
f 3479/3479 3543/3543 3480/3480
f 3480/3480 3543/3543 3544/3544
f 3480/3480 3544/3544 3481/3481
f 3481/3481 3544/3544 3545/3545
f 3481/3481 3545/3545 3482/3482
f 3482/3482 3545/3545 3546/3546
f 3482/3482 3546/3546 3483/3483
f 3483/3483 3546/3546 3547/3547
f 3483/3483 3547/3547 3484/3484
f 3484/3484 3547/3547 3548/3548
f 3484/3484 3548/3548 3485/3485
f 3485/3485 3548/3548 3549/3549
f 3485/3485 3549/3549 3486/3486
f 3486/3486 3549/3549 3550/3550
f 3486/3486 3550/3550 3487/3487
f 3487/3487 3550/3550 3551/3551
f 3487/3487 3551/3551 3488/3488
f 3488/3488 3551/3551 3552/3552
f 3488/3488 3552/3552 3489/3489
f 3489/3489 3552/3552 3553/3553
f 3489/3489 3553/3553 3490/3490
f 3490/3490 3553/3553 3554/3554
f 3490/3490 3554/3554 3491/3491
f 3491/3491 3554/3554 3555/3555
f 3491/3491 3555/3555 3492/3492
f 3492/3492 3555/3555 3556/3556
f 3492/3492 3556/3556 3493/3493
f 3493/3493 3556/3556 3557/3557
f 3493/3493 3557/3557 3494/3494
f 3494/3494 3557/3557 3558/3558
f 3494/3494 3558/3558 3495/3495
f 3495/3495 3558/3558 3559/3559
f 3495/3495 3559/3559 3496/3496
f 3496/3496 3559/3559 3560/3560
f 3496/3496 3560/3560 3497/3497
f 3497/3497 3560/3560 3561/3561
f 3497/3497 3561/3561 3498/3498
f 3498/3498 3561/3561 3562/3562
f 3498/3498 3562/3562 3499/3499
f 3499/3499 3562/3562 3563/3563
f 3499/3499 3563/3563 3500/3500
f 3500/3500 3563/3563 3564/3564
f 3500/3500 3564/3564 3501/3501
f 3501/3501 3564/3564 3565/3565
f 3501/3501 3565/3565 3502/3502
f 3502/3502 3565/3565 3566/3566
f 3502/3502 3566/3566 3503/3503
f 3503/3503 3566/3566 3567/3567
f 3503/3503 3567/3567 3504/3504
f 3504/3504 3567/3567 3568/3568
f 3504/3504 3568/3568 3505/3505
f 3505/3505 3568/3568 3569/3569
f 3505/3505 3569/3569 3506/3506
f 3506/3506 3569/3569 3570/3570
f 3506/3506 3570/3570 3507/3507
f 3507/3507 3570/3570 3571/3571
f 3507/3507 3571/3571 3508/3508
f 3508/3508 3571/3571 3572/3572
f 3508/3508 3572/3572 3509/3509
f 3509/3509 3572/3572 3573/3573
f 3509/3509 3573/3573 3510/3510
f 3510/3510 3573/3573 3574/3574
f 3510/3510 3574/3574 3511/3511
f 3511/3511 3574/3574 3575/3575
f 3511/3511 3575/3575 3512/3512
f 3512/3512 3575/3575 3576/3576
f 3512/3512 3576/3576 3513/3513
f 3513/3513 3576/3576 3577/3577
f 3513/3513 3577/3577 3514/3514
f 3514/3514 3577/3577 3578/3578
f 3514/3514 3578/3578 3515/3515
f 3515/3515 3578/3578 3579/3579
f 3515/3515 3579/3579 3516/3516
f 3516/3516 3579/3579 3580/3580
f 3516/3516 3580/3580 3517/3517
f 3517/3517 3580/3580 3581/3581
f 3517/3517 3581/3581 3518/3518
f 3518/3518 3581/3581 3582/3582
f 3518/3518 3582/3582 3519/3519
f 3519/3519 3582/3582 3583/3583
f 3519/3519 3583/3583 3520/3520
f 3520/3520 3583/3583 3584/3584
f 3521/3521 3585/3585 3522/3522
f 3522/3522 3585/3585 3586/3586
f 3522/3522 3586/3586 3523/3523
f 3523/3523 3586/3586 3587/3587
f 3523/3523 3587/3587 3524/3524
f 3524/3524 3587/3587 3588/3588
f 3524/3524 3588/3588 3525/3525
f 3525/3525 3588/3588 3589/3589
f 3525/3525 3589/3589 3526/3526
f 3526/3526 3589/3589 3590/3590
f 3526/3526 3590/3590 3527/3527
f 3527/3527 3590/3590 3591/3591
f 3527/3527 3591/3591 3528/3528
f 3528/3528 3591/3591 3592/3592
f 3528/3528 3592/3592 3529/3529
f 3529/3529 3592/3592 3593/3593
f 3529/3529 3593/3593 3530/3530
f 3530/3530 3593/3593 3594/3594
f 3530/3530 3594/3594 3531/3531
f 3531/3531 3594/3594 3595/3595
f 3531/3531 3595/3595 3532/3532
f 3532/3532 3595/3595 3596/3596
f 3532/3532 3596/3596 3533/3533
f 3533/3533 3596/3596 3597/3597
f 3533/3533 3597/3597 3534/3534
f 3534/3534 3597/3597 3598/3598
f 3534/3534 3598/3598 3535/3535
f 3535/3535 3598/3598 3599/3599
f 3535/3535 3599/3599 3536/3536
f 3536/3536 3599/3599 3600/3600
f 3536/3536 3600/3600 3537/3537
f 3537/3537 3600/3600 3601/3601
f 3537/3537 3601/3601 3538/3538
f 3538/3538 3601/3601 3602/3602
f 3538/3538 3602/3602 3539/3539
f 3539/3539 3602/3602 3603/3603
f 3539/3539 3603/3603 3540/3540
f 3540/3540 3603/3603 3604/3604
f 3540/3540 3604/3604 3541/3541
f 3541/3541 3604/3604 3605/3605
f 3541/3541 3605/3605 3542/3542
f 3542/3542 3605/3605 3606/3606
f 3542/3542 3606/3606 3543/3543
f 3543/3543 3606/3606 3607/3607
f 3543/3543 3607/3607 3544/3544
f 3544/3544 3607/3607 3608/3608
f 3544/3544 3608/3608 3545/3545
f 3545/3545 3608/3608 3609/3609
f 3545/3545 3609/3609 3546/3546
f 3546/3546 3609/3609 3610/3610
f 3546/3546 3610/3610 3547/3547
f 3547/3547 3610/3610 3611/3611
f 3547/3547 3611/3611 3548/3548
f 3548/3548 3611/3611 3612/3612
f 3548/3548 3612/3612 3549/3549
f 3549/3549 3612/3612 3613/3613
f 3549/3549 3613/3613 3550/3550
f 3550/3550 3613/3613 3614/3614
f 3550/3550 3614/3614 3551/3551
f 3551/3551 3614/3614 3615/3615
f 3551/3551 3615/3615 3552/3552
f 3552/3552 3615/3615 3616/3616
f 3552/3552 3616/3616 3553/3553
f 3553/3553 3616/3616 3617/3617
f 3553/3553 3617/3617 3554/3554
f 3554/3554 3617/3617 3618/3618
f 3554/3554 3618/3618 3555/3555
f 3555/3555 3618/3618 3619/3619
f 3555/3555 3619/3619 3556/3556
f 3556/3556 3619/3619 3620/3620
f 3556/3556 3620/3620 3557/3557
f 3557/3557 3620/3620 3621/3621
f 3557/3557 3621/3621 3558/3558
f 3558/3558 3621/3621 3622/3622
f 3558/3558 3622/3622 3559/3559
f 3559/3559 3622/3622 3623/3623
f 3559/3559 3623/3623 3560/3560
f 3560/3560 3623/3623 3624/3624
f 3560/3560 3624/3624 3561/3561
f 3561/3561 3624/3624 3625/3625
f 3561/3561 3625/3625 3562/3562
f 3562/3562 3625/3625 3626/3626
f 3562/3562 3626/3626 3563/3563
f 3563/3563 3626/3626 3627/3627
f 3563/3563 3627/3627 3564/3564
f 3564/3564 3627/3627 3628/3628
f 3564/3564 3628/3628 3565/3565
f 3565/3565 3628/3628 3629/3629
f 3565/3565 3629/3629 3566/3566
f 3566/3566 3629/3629 3630/3630
f 3566/3566 3630/3630 3567/3567
f 3567/3567 3630/3630 3631/3631
f 3567/3567 3631/3631 3568/3568
f 3568/3568 3631/3631 3632/3632
f 3568/3568 3632/3632 3569/3569
f 3569/3569 3632/3632 3633/3633
f 3569/3569 3633/3633 3570/3570
f 3570/3570 3633/3633 3634/3634
f 3570/3570 3634/3634 3571/3571
f 3571/3571 3634/3634 3635/3635
f 3571/3571 3635/3635 3572/3572
f 3572/3572 3635/3635 3636/3636
f 3572/3572 3636/3636 3573/3573
f 3573/3573 3636/3636 3637/3637
f 3573/3573 3637/3637 3574/3574
f 3574/3574 3637/3637 3638/3638
f 3574/3574 3638/3638 3575/3575
f 3575/3575 3638/3638 3639/3639
f 3575/3575 3639/3639 3576/3576
f 3576/3576 3639/3639 3640/3640
f 3576/3576 3640/3640 3577/3577
f 3577/3577 3640/3640 3641/3641
f 3577/3577 3641/3641 3578/3578
f 3578/3578 3641/3641 3642/3642
f 3578/3578 3642/3642 3579/3579
f 3579/3579 3642/3642 3643/3643
f 3579/3579 3643/3643 3580/3580
f 3580/3580 3643/3643 3644/3644
f 3580/3580 3644/3644 3581/3581
f 3581/3581 3644/3644 3645/3645
f 3581/3581 3645/3645 3582/3582
f 3582/3582 3645/3645 3646/3646
f 3582/3582 3646/3646 3583/3583
f 3583/3583 3646/3646 3647/3647
f 3583/3583 3647/3647 3584/3584
f 3584/3584 3647/3647 3648/3648
f 3585/3585 3649/3649 3586/3586
f 3586/3586 3649/3649 3650/3650
f 3586/3586 3650/3650 3587/3587
f 3587/3587 3650/3650 3651/3651
f 3587/3587 3651/3651 3588/3588
f 3588/3588 3651/3651 3652/3652
f 3588/3588 3652/3652 3589/3589
f 3589/3589 3652/3652 3653/3653
f 3589/3589 3653/3653 3590/3590
f 3590/3590 3653/3653 3654/3654
f 3590/3590 3654/3654 3591/3591
f 3591/3591 3654/3654 3655/3655
f 3591/3591 3655/3655 3592/3592
f 3592/3592 3655/3655 3656/3656
f 3592/3592 3656/3656 3593/3593
f 3593/3593 3656/3656 3657/3657
f 3593/3593 3657/3657 3594/3594
f 3594/3594 3657/3657 3658/3658
f 3594/3594 3658/3658 3595/3595
f 3595/3595 3658/3658 3659/3659
f 3595/3595 3659/3659 3596/3596
f 3596/3596 3659/3659 3660/3660
f 3596/3596 3660/3660 3597/3597
f 3597/3597 3660/3660 3661/3661
f 3597/3597 3661/3661 3598/3598
f 3598/3598 3661/3661 3662/3662
f 3598/3598 3662/3662 3599/3599
f 3599/3599 3662/3662 3663/3663
f 3599/3599 3663/3663 3600/3600
f 3600/3600 3663/3663 3664/3664
f 3600/3600 3664/3664 3601/3601
f 3601/3601 3664/3664 3665/3665
f 3601/3601 3665/3665 3602/3602
f 3602/3602 3665/3665 3666/3666
f 3602/3602 3666/3666 3603/3603
f 3603/3603 3666/3666 3667/3667
f 3603/3603 3667/3667 3604/3604
f 3604/3604 3667/3667 3668/3668
f 3604/3604 3668/3668 3605/3605
f 3605/3605 3668/3668 3669/3669
f 3605/3605 3669/3669 3606/3606
f 3606/3606 3669/3669 3670/3670
f 3606/3606 3670/3670 3607/3607
f 3607/3607 3670/3670 3671/3671
f 3607/3607 3671/3671 3608/3608
f 3608/3608 3671/3671 3672/3672
f 3608/3608 3672/3672 3609/3609
f 3609/3609 3672/3672 3673/3673
f 3609/3609 3673/3673 3610/3610
f 3610/3610 3673/3673 3674/3674
f 3610/3610 3674/3674 3611/3611
f 3611/3611 3674/3674 3675/3675
f 3611/3611 3675/3675 3612/3612
f 3612/3612 3675/3675 3676/3676
f 3612/3612 3676/3676 3613/3613
f 3613/3613 3676/3676 3677/3677
f 3613/3613 3677/3677 3614/3614
f 3614/3614 3677/3677 3678/3678
f 3614/3614 3678/3678 3615/3615
f 3615/3615 3678/3678 3679/3679
f 3615/3615 3679/3679 3616/3616
f 3616/3616 3679/3679 3680/3680
f 3616/3616 3680/3680 3617/3617
f 3617/3617 3680/3680 3681/3681
f 3617/3617 3681/3681 3618/3618
f 3618/3618 3681/3681 3682/3682
f 3618/3618 3682/3682 3619/3619
f 3619/3619 3682/3682 3683/3683
f 3619/3619 3683/3683 3620/3620
f 3620/3620 3683/3683 3684/3684
f 3620/3620 3684/3684 3621/3621
f 3621/3621 3684/3684 3685/3685
f 3621/3621 3685/3685 3622/3622
f 3622/3622 3685/3685 3686/3686
f 3622/3622 3686/3686 3623/3623
f 3623/3623 3686/3686 3687/3687
f 3623/3623 3687/3687 3624/3624
f 3624/3624 3687/3687 3688/3688
f 3624/3624 3688/3688 3625/3625
f 3625/3625 3688/3688 3689/3689
f 3625/3625 3689/3689 3626/3626
f 3626/3626 3689/3689 3690/3690
f 3626/3626 3690/3690 3627/3627
f 3627/3627 3690/3690 3691/3691
f 3627/3627 3691/3691 3628/3628
f 3628/3628 3691/3691 3692/3692
f 3628/3628 3692/3692 3629/3629
f 3629/3629 3692/3692 3693/3693
f 3629/3629 3693/3693 3630/3630
f 3630/3630 3693/3693 3694/3694
f 3630/3630 3694/3694 3631/3631
f 3631/3631 3694/3694 3695/3695
f 3631/3631 3695/3695 3632/3632
f 3632/3632 3695/3695 3696/3696
f 3632/3632 3696/3696 3633/3633
f 3633/3633 3696/3696 3697/3697
f 3633/3633 3697/3697 3634/3634
f 3634/3634 3697/3697 3698/3698
f 3634/3634 3698/3698 3635/3635
f 3635/3635 3698/3698 3699/3699
f 3635/3635 3699/3699 3636/3636
f 3636/3636 3699/3699 3700/3700
f 3636/3636 3700/3700 3637/3637
f 3637/3637 3700/3700 3701/3701
f 3637/3637 3701/3701 3638/3638
f 3638/3638 3701/3701 3702/3702
f 3638/3638 3702/3702 3639/3639
f 3639/3639 3702/3702 3703/3703
f 3639/3639 3703/3703 3640/3640
f 3640/3640 3703/3703 3704/3704
f 3640/3640 3704/3704 3641/3641
f 3641/3641 3704/3704 3705/3705
f 3641/3641 3705/3705 3642/3642
f 3642/3642 3705/3705 3706/3706
f 3642/3642 3706/3706 3643/3643
f 3643/3643 3706/3706 3707/3707
f 3643/3643 3707/3707 3644/3644
f 3644/3644 3707/3707 3708/3708
f 3644/3644 3708/3708 3645/3645
f 3645/3645 3708/3708 3709/3709
f 3645/3645 3709/3709 3646/3646
f 3646/3646 3709/3709 3710/3710
f 3646/3646 3710/3710 3647/3647
f 3647/3647 3710/3710 3711/3711
f 3647/3647 3711/3711 3648/3648
f 3648/3648 3711/3711 3712/3712
f 3649/3649 3713/3713 3650/3650
f 3650/3650 3713/3713 3714/3714
f 3650/3650 3714/3714 3651/3651
f 3651/3651 3714/3714 3715/3715
f 3651/3651 3715/3715 3652/3652
f 3652/3652 3715/3715 3716/3716
f 3652/3652 3716/3716 3653/3653
f 3653/3653 3716/3716 3717/3717
f 3653/3653 3717/3717 3654/3654
f 3654/3654 3717/3717 3718/3718
f 3654/3654 3718/3718 3655/3655
f 3655/3655 3718/3718 3719/3719
f 3655/3655 3719/3719 3656/3656
f 3656/3656 3719/3719 3720/3720
f 3656/3656 3720/3720 3657/3657
f 3657/3657 3720/3720 3721/3721
f 3657/3657 3721/3721 3658/3658
f 3658/3658 3721/3721 3722/3722
f 3658/3658 3722/3722 3659/3659
f 3659/3659 3722/3722 3723/3723
f 3659/3659 3723/3723 3660/3660
f 3660/3660 3723/3723 3724/3724
f 3660/3660 3724/3724 3661/3661
f 3661/3661 3724/3724 3725/3725
f 3661/3661 3725/3725 3662/3662
f 3662/3662 3725/3725 3726/3726
f 3662/3662 3726/3726 3663/3663
f 3663/3663 3726/3726 3727/3727
f 3663/3663 3727/3727 3664/3664
f 3664/3664 3727/3727 3728/3728
f 3664/3664 3728/3728 3665/3665
f 3665/3665 3728/3728 3729/3729
f 3665/3665 3729/3729 3666/3666
f 3666/3666 3729/3729 3730/3730
f 3666/3666 3730/3730 3667/3667
f 3667/3667 3730/3730 3731/3731
f 3667/3667 3731/3731 3668/3668
f 3668/3668 3731/3731 3732/3732
f 3668/3668 3732/3732 3669/3669
f 3669/3669 3732/3732 3733/3733
f 3669/3669 3733/3733 3670/3670
f 3670/3670 3733/3733 3734/3734
f 3670/3670 3734/3734 3671/3671
f 3671/3671 3734/3734 3735/3735
f 3671/3671 3735/3735 3672/3672
f 3672/3672 3735/3735 3736/3736
f 3672/3672 3736/3736 3673/3673
f 3673/3673 3736/3736 3737/3737
f 3673/3673 3737/3737 3674/3674
f 3674/3674 3737/3737 3738/3738
f 3674/3674 3738/3738 3675/3675
f 3675/3675 3738/3738 3739/3739
f 3675/3675 3739/3739 3676/3676
f 3676/3676 3739/3739 3740/3740
f 3676/3676 3740/3740 3677/3677
f 3677/3677 3740/3740 3741/3741
f 3677/3677 3741/3741 3678/3678
f 3678/3678 3741/3741 3742/3742
f 3678/3678 3742/3742 3679/3679
f 3679/3679 3742/3742 3743/3743
f 3679/3679 3743/3743 3680/3680
f 3680/3680 3743/3743 3744/3744
f 3680/3680 3744/3744 3681/3681
f 3681/3681 3744/3744 3745/3745
f 3681/3681 3745/3745 3682/3682
f 3682/3682 3745/3745 3746/3746
f 3682/3682 3746/3746 3683/3683
f 3683/3683 3746/3746 3747/3747
f 3683/3683 3747/3747 3684/3684
f 3684/3684 3747/3747 3748/3748
f 3684/3684 3748/3748 3685/3685
f 3685/3685 3748/3748 3749/3749
f 3685/3685 3749/3749 3686/3686
f 3686/3686 3749/3749 3750/3750
f 3686/3686 3750/3750 3687/3687
f 3687/3687 3750/3750 3751/3751
f 3687/3687 3751/3751 3688/3688
f 3688/3688 3751/3751 3752/3752
f 3688/3688 3752/3752 3689/3689
f 3689/3689 3752/3752 3753/3753
f 3689/3689 3753/3753 3690/3690
f 3690/3690 3753/3753 3754/3754
f 3690/3690 3754/3754 3691/3691
f 3691/3691 3754/3754 3755/3755
f 3691/3691 3755/3755 3692/3692
f 3692/3692 3755/3755 3756/3756
f 3692/3692 3756/3756 3693/3693
f 3693/3693 3756/3756 3757/3757
f 3693/3693 3757/3757 3694/3694
f 3694/3694 3757/3757 3758/3758
f 3694/3694 3758/3758 3695/3695
f 3695/3695 3758/3758 3759/3759
f 3695/3695 3759/3759 3696/3696
f 3696/3696 3759/3759 3760/3760
f 3696/3696 3760/3760 3697/3697
f 3697/3697 3760/3760 3761/3761
f 3697/3697 3761/3761 3698/3698
f 3698/3698 3761/3761 3762/3762
f 3698/3698 3762/3762 3699/3699
f 3699/3699 3762/3762 3763/3763
f 3699/3699 3763/3763 3700/3700
f 3700/3700 3763/3763 3764/3764
f 3700/3700 3764/3764 3701/3701
f 3701/3701 3764/3764 3765/3765
f 3701/3701 3765/3765 3702/3702
f 3702/3702 3765/3765 3766/3766
f 3702/3702 3766/3766 3703/3703
f 3703/3703 3766/3766 3767/3767
f 3703/3703 3767/3767 3704/3704
f 3704/3704 3767/3767 3768/3768
f 3704/3704 3768/3768 3705/3705
f 3705/3705 3768/3768 3769/3769
f 3705/3705 3769/3769 3706/3706
f 3706/3706 3769/3769 3770/3770
f 3706/3706 3770/3770 3707/3707
f 3707/3707 3770/3770 3771/3771
f 3707/3707 3771/3771 3708/3708
f 3708/3708 3771/3771 3772/3772
f 3708/3708 3772/3772 3709/3709
f 3709/3709 3772/3772 3773/3773
f 3709/3709 3773/3773 3710/3710
f 3710/3710 3773/3773 3774/3774
f 3710/3710 3774/3774 3711/3711
f 3711/3711 3774/3774 3775/3775
f 3711/3711 3775/3775 3712/3712
f 3712/3712 3775/3775 3776/3776
f 3713/3713 3777/3777 3714/3714
f 3714/3714 3777/3777 3778/3778
f 3714/3714 3778/3778 3715/3715
f 3715/3715 3778/3778 3779/3779
f 3715/3715 3779/3779 3716/3716
f 3716/3716 3779/3779 3780/3780
f 3716/3716 3780/3780 3717/3717
f 3717/3717 3780/3780 3781/3781
f 3717/3717 3781/3781 3718/3718
f 3718/3718 3781/3781 3782/3782
f 3718/3718 3782/3782 3719/3719
f 3719/3719 3782/3782 3783/3783
f 3719/3719 3783/3783 3720/3720
f 3720/3720 3783/3783 3784/3784
f 3720/3720 3784/3784 3721/3721
f 3721/3721 3784/3784 3785/3785
f 3721/3721 3785/3785 3722/3722
f 3722/3722 3785/3785 3786/3786
f 3722/3722 3786/3786 3723/3723
f 3723/3723 3786/3786 3787/3787
f 3723/3723 3787/3787 3724/3724
f 3724/3724 3787/3787 3788/3788
f 3724/3724 3788/3788 3725/3725
f 3725/3725 3788/3788 3789/3789
f 3725/3725 3789/3789 3726/3726
f 3726/3726 3789/3789 3790/3790
f 3726/3726 3790/3790 3727/3727
f 3727/3727 3790/3790 3791/3791
f 3727/3727 3791/3791 3728/3728
f 3728/3728 3791/3791 3792/3792
f 3728/3728 3792/3792 3729/3729
f 3729/3729 3792/3792 3793/3793
f 3729/3729 3793/3793 3730/3730
f 3730/3730 3793/3793 3794/3794
f 3730/3730 3794/3794 3731/3731
f 3731/3731 3794/3794 3795/3795
f 3731/3731 3795/3795 3732/3732
f 3732/3732 3795/3795 3796/3796
f 3732/3732 3796/3796 3733/3733
f 3733/3733 3796/3796 3797/3797
f 3733/3733 3797/3797 3734/3734
f 3734/3734 3797/3797 3798/3798
f 3734/3734 3798/3798 3735/3735
f 3735/3735 3798/3798 3799/3799
f 3735/3735 3799/3799 3736/3736
f 3736/3736 3799/3799 3800/3800
f 3736/3736 3800/3800 3737/3737
f 3737/3737 3800/3800 3801/3801
f 3737/3737 3801/3801 3738/3738
f 3738/3738 3801/3801 3802/3802
f 3738/3738 3802/3802 3739/3739
f 3739/3739 3802/3802 3803/3803
f 3739/3739 3803/3803 3740/3740
f 3740/3740 3803/3803 3804/3804
f 3740/3740 3804/3804 3741/3741
f 3741/3741 3804/3804 3805/3805
f 3741/3741 3805/3805 3742/3742
f 3742/3742 3805/3805 3806/3806
f 3742/3742 3806/3806 3743/3743
f 3743/3743 3806/3806 3807/3807
f 3743/3743 3807/3807 3744/3744
f 3744/3744 3807/3807 3808/3808
f 3744/3744 3808/3808 3745/3745
f 3745/3745 3808/3808 3809/3809
f 3745/3745 3809/3809 3746/3746
f 3746/3746 3809/3809 3810/3810
f 3746/3746 3810/3810 3747/3747
f 3747/3747 3810/3810 3811/3811
f 3747/3747 3811/3811 3748/3748
f 3748/3748 3811/3811 3812/3812
f 3748/3748 3812/3812 3749/3749
f 3749/3749 3812/3812 3813/3813
f 3749/3749 3813/3813 3750/3750
f 3750/3750 3813/3813 3814/3814
f 3750/3750 3814/3814 3751/3751
f 3751/3751 3814/3814 3815/3815
f 3751/3751 3815/3815 3752/3752
f 3752/3752 3815/3815 3816/3816
f 3752/3752 3816/3816 3753/3753
f 3753/3753 3816/3816 3817/3817
f 3753/3753 3817/3817 3754/3754
f 3754/3754 3817/3817 3818/3818
f 3754/3754 3818/3818 3755/3755
f 3755/3755 3818/3818 3819/3819
f 3755/3755 3819/3819 3756/3756
f 3756/3756 3819/3819 3820/3820
f 3756/3756 3820/3820 3757/3757
f 3757/3757 3820/3820 3821/3821
f 3757/3757 3821/3821 3758/3758
f 3758/3758 3821/3821 3822/3822
f 3758/3758 3822/3822 3759/3759
f 3759/3759 3822/3822 3823/3823
f 3759/3759 3823/3823 3760/3760
f 3760/3760 3823/3823 3824/3824
f 3760/3760 3824/3824 3761/3761
f 3761/3761 3824/3824 3825/3825
f 3761/3761 3825/3825 3762/3762
f 3762/3762 3825/3825 3826/3826
f 3762/3762 3826/3826 3763/3763
f 3763/3763 3826/3826 3827/3827
f 3763/3763 3827/3827 3764/3764
f 3764/3764 3827/3827 3828/3828
f 3764/3764 3828/3828 3765/3765
f 3765/3765 3828/3828 3829/3829
f 3765/3765 3829/3829 3766/3766
f 3766/3766 3829/3829 3830/3830
f 3766/3766 3830/3830 3767/3767
f 3767/3767 3830/3830 3831/3831
f 3767/3767 3831/3831 3768/3768
f 3768/3768 3831/3831 3832/3832
f 3768/3768 3832/3832 3769/3769
f 3769/3769 3832/3832 3833/3833
f 3769/3769 3833/3833 3770/3770
f 3770/3770 3833/3833 3834/3834
f 3770/3770 3834/3834 3771/3771
f 3771/3771 3834/3834 3835/3835
f 3771/3771 3835/3835 3772/3772
f 3772/3772 3835/3835 3836/3836
f 3772/3772 3836/3836 3773/3773
f 3773/3773 3836/3836 3837/3837
f 3773/3773 3837/3837 3774/3774
f 3774/3774 3837/3837 3838/3838
f 3774/3774 3838/3838 3775/3775
f 3775/3775 3838/3838 3839/3839
f 3775/3775 3839/3839 3776/3776
f 3776/3776 3839/3839 3840/3840
f 3777/3777 3841/3841 3778/3778
f 3778/3778 3841/3841 3842/3842
f 3778/3778 3842/3842 3779/3779
f 3779/3779 3842/3842 3843/3843
f 3779/3779 3843/3843 3780/3780
f 3780/3780 3843/3843 3844/3844
f 3780/3780 3844/3844 3781/3781
f 3781/3781 3844/3844 3845/3845
f 3781/3781 3845/3845 3782/3782
f 3782/3782 3845/3845 3846/3846
f 3782/3782 3846/3846 3783/3783
f 3783/3783 3846/3846 3847/3847
f 3783/3783 3847/3847 3784/3784
f 3784/3784 3847/3847 3848/3848
f 3784/3784 3848/3848 3785/3785
f 3785/3785 3848/3848 3849/3849
f 3785/3785 3849/3849 3786/3786
f 3786/3786 3849/3849 3850/3850
f 3786/3786 3850/3850 3787/3787
f 3787/3787 3850/3850 3851/3851
f 3787/3787 3851/3851 3788/3788
f 3788/3788 3851/3851 3852/3852
f 3788/3788 3852/3852 3789/3789
f 3789/3789 3852/3852 3853/3853
f 3789/3789 3853/3853 3790/3790
f 3790/3790 3853/3853 3854/3854
f 3790/3790 3854/3854 3791/3791
f 3791/3791 3854/3854 3855/3855
f 3791/3791 3855/3855 3792/3792
f 3792/3792 3855/3855 3856/3856
f 3792/3792 3856/3856 3793/3793
f 3793/3793 3856/3856 3857/3857
f 3793/3793 3857/3857 3794/3794
f 3794/3794 3857/3857 3858/3858
f 3794/3794 3858/3858 3795/3795
f 3795/3795 3858/3858 3859/3859
f 3795/3795 3859/3859 3796/3796
f 3796/3796 3859/3859 3860/3860
f 3796/3796 3860/3860 3797/3797
f 3797/3797 3860/3860 3861/3861
f 3797/3797 3861/3861 3798/3798
f 3798/3798 3861/3861 3862/3862
f 3798/3798 3862/3862 3799/3799
f 3799/3799 3862/3862 3863/3863
f 3799/3799 3863/3863 3800/3800
f 3800/3800 3863/3863 3864/3864
f 3800/3800 3864/3864 3801/3801
f 3801/3801 3864/3864 3865/3865
f 3801/3801 3865/3865 3802/3802
f 3802/3802 3865/3865 3866/3866
f 3802/3802 3866/3866 3803/3803
f 3803/3803 3866/3866 3867/3867
f 3803/3803 3867/3867 3804/3804
f 3804/3804 3867/3867 3868/3868
f 3804/3804 3868/3868 3805/3805
f 3805/3805 3868/3868 3869/3869
f 3805/3805 3869/3869 3806/3806
f 3806/3806 3869/3869 3870/3870
f 3806/3806 3870/3870 3807/3807
f 3807/3807 3870/3870 3871/3871
f 3807/3807 3871/3871 3808/3808
f 3808/3808 3871/3871 3872/3872
f 3808/3808 3872/3872 3809/3809
f 3809/3809 3872/3872 3873/3873
f 3809/3809 3873/3873 3810/3810
f 3810/3810 3873/3873 3874/3874
f 3810/3810 3874/3874 3811/3811
f 3811/3811 3874/3874 3875/3875
f 3811/3811 3875/3875 3812/3812
f 3812/3812 3875/3875 3876/3876
f 3812/3812 3876/3876 3813/3813
f 3813/3813 3876/3876 3877/3877
f 3813/3813 3877/3877 3814/3814
f 3814/3814 3877/3877 3878/3878
f 3814/3814 3878/3878 3815/3815
f 3815/3815 3878/3878 3879/3879
f 3815/3815 3879/3879 3816/3816
f 3816/3816 3879/3879 3880/3880
f 3816/3816 3880/3880 3817/3817
f 3817/3817 3880/3880 3881/3881
f 3817/3817 3881/3881 3818/3818
f 3818/3818 3881/3881 3882/3882
f 3818/3818 3882/3882 3819/3819
f 3819/3819 3882/3882 3883/3883
f 3819/3819 3883/3883 3820/3820
f 3820/3820 3883/3883 3884/3884
f 3820/3820 3884/3884 3821/3821
f 3821/3821 3884/3884 3885/3885
f 3821/3821 3885/3885 3822/3822
f 3822/3822 3885/3885 3886/3886
f 3822/3822 3886/3886 3823/3823
f 3823/3823 3886/3886 3887/3887
f 3823/3823 3887/3887 3824/3824
f 3824/3824 3887/3887 3888/3888
f 3824/3824 3888/3888 3825/3825
f 3825/3825 3888/3888 3889/3889
f 3825/3825 3889/3889 3826/3826
f 3826/3826 3889/3889 3890/3890
f 3826/3826 3890/3890 3827/3827
f 3827/3827 3890/3890 3891/3891
f 3827/3827 3891/3891 3828/3828
f 3828/3828 3891/3891 3892/3892
f 3828/3828 3892/3892 3829/3829
f 3829/3829 3892/3892 3893/3893
f 3829/3829 3893/3893 3830/3830
f 3830/3830 3893/3893 3894/3894
f 3830/3830 3894/3894 3831/3831
f 3831/3831 3894/3894 3895/3895
f 3831/3831 3895/3895 3832/3832
f 3832/3832 3895/3895 3896/3896
f 3832/3832 3896/3896 3833/3833
f 3833/3833 3896/3896 3897/3897
f 3833/3833 3897/3897 3834/3834
f 3834/3834 3897/3897 3898/3898
f 3834/3834 3898/3898 3835/3835
f 3835/3835 3898/3898 3899/3899
f 3835/3835 3899/3899 3836/3836
f 3836/3836 3899/3899 3900/3900
f 3836/3836 3900/3900 3837/3837
f 3837/3837 3900/3900 3901/3901
f 3837/3837 3901/3901 3838/3838
f 3838/3838 3901/3901 3902/3902
f 3838/3838 3902/3902 3839/3839
f 3839/3839 3902/3902 3903/3903
f 3839/3839 3903/3903 3840/3840
f 3840/3840 3903/3903 3904/3904
f 3841/3841 3905/3905 3842/3842
f 3842/3842 3905/3905 3906/3906
f 3842/3842 3906/3906 3843/3843
f 3843/3843 3906/3906 3907/3907
f 3843/3843 3907/3907 3844/3844
f 3844/3844 3907/3907 3908/3908
f 3844/3844 3908/3908 3845/3845
f 3845/3845 3908/3908 3909/3909
f 3845/3845 3909/3909 3846/3846
f 3846/3846 3909/3909 3910/3910
f 3846/3846 3910/3910 3847/3847
f 3847/3847 3910/3910 3911/3911
f 3847/3847 3911/3911 3848/3848
f 3848/3848 3911/3911 3912/3912
f 3848/3848 3912/3912 3849/3849
f 3849/3849 3912/3912 3913/3913
f 3849/3849 3913/3913 3850/3850
f 3850/3850 3913/3913 3914/3914
f 3850/3850 3914/3914 3851/3851
f 3851/3851 3914/3914 3915/3915
f 3851/3851 3915/3915 3852/3852
f 3852/3852 3915/3915 3916/3916
f 3852/3852 3916/3916 3853/3853
f 3853/3853 3916/3916 3917/3917
f 3853/3853 3917/3917 3854/3854
f 3854/3854 3917/3917 3918/3918
f 3854/3854 3918/3918 3855/3855
f 3855/3855 3918/3918 3919/3919
f 3855/3855 3919/3919 3856/3856
f 3856/3856 3919/3919 3920/3920
f 3856/3856 3920/3920 3857/3857
f 3857/3857 3920/3920 3921/3921
f 3857/3857 3921/3921 3858/3858
f 3858/3858 3921/3921 3922/3922
f 3858/3858 3922/3922 3859/3859
f 3859/3859 3922/3922 3923/3923
f 3859/3859 3923/3923 3860/3860
f 3860/3860 3923/3923 3924/3924
f 3860/3860 3924/3924 3861/3861
f 3861/3861 3924/3924 3925/3925
f 3861/3861 3925/3925 3862/3862
f 3862/3862 3925/3925 3926/3926
f 3862/3862 3926/3926 3863/3863
f 3863/3863 3926/3926 3927/3927
f 3863/3863 3927/3927 3864/3864
f 3864/3864 3927/3927 3928/3928
f 3864/3864 3928/3928 3865/3865
f 3865/3865 3928/3928 3929/3929
f 3865/3865 3929/3929 3866/3866
f 3866/3866 3929/3929 3930/3930
f 3866/3866 3930/3930 3867/3867
f 3867/3867 3930/3930 3931/3931
f 3867/3867 3931/3931 3868/3868
f 3868/3868 3931/3931 3932/3932
f 3868/3868 3932/3932 3869/3869
f 3869/3869 3932/3932 3933/3933
f 3869/3869 3933/3933 3870/3870
f 3870/3870 3933/3933 3934/3934
f 3870/3870 3934/3934 3871/3871
f 3871/3871 3934/3934 3935/3935
f 3871/3871 3935/3935 3872/3872
f 3872/3872 3935/3935 3936/3936
f 3872/3872 3936/3936 3873/3873
f 3873/3873 3936/3936 3937/3937
f 3873/3873 3937/3937 3874/3874
f 3874/3874 3937/3937 3938/3938
f 3874/3874 3938/3938 3875/3875
f 3875/3875 3938/3938 3939/3939
f 3875/3875 3939/3939 3876/3876
f 3876/3876 3939/3939 3940/3940
f 3876/3876 3940/3940 3877/3877
f 3877/3877 3940/3940 3941/3941
f 3877/3877 3941/3941 3878/3878
f 3878/3878 3941/3941 3942/3942
f 3878/3878 3942/3942 3879/3879
f 3879/3879 3942/3942 3943/3943
f 3879/3879 3943/3943 3880/3880
f 3880/3880 3943/3943 3944/3944
f 3880/3880 3944/3944 3881/3881
f 3881/3881 3944/3944 3945/3945
f 3881/3881 3945/3945 3882/3882
f 3882/3882 3945/3945 3946/3946
f 3882/3882 3946/3946 3883/3883
f 3883/3883 3946/3946 3947/3947
f 3883/3883 3947/3947 3884/3884
f 3884/3884 3947/3947 3948/3948
f 3884/3884 3948/3948 3885/3885
f 3885/3885 3948/3948 3949/3949
f 3885/3885 3949/3949 3886/3886
f 3886/3886 3949/3949 3950/3950
f 3886/3886 3950/3950 3887/3887
f 3887/3887 3950/3950 3951/3951
f 3887/3887 3951/3951 3888/3888
f 3888/3888 3951/3951 3952/3952
f 3888/3888 3952/3952 3889/3889
f 3889/3889 3952/3952 3953/3953
f 3889/3889 3953/3953 3890/3890
f 3890/3890 3953/3953 3954/3954
f 3890/3890 3954/3954 3891/3891
f 3891/3891 3954/3954 3955/3955
f 3891/3891 3955/3955 3892/3892
f 3892/3892 3955/3955 3956/3956
f 3892/3892 3956/3956 3893/3893
f 3893/3893 3956/3956 3957/3957
f 3893/3893 3957/3957 3894/3894
f 3894/3894 3957/3957 3958/3958
f 3894/3894 3958/3958 3895/3895
f 3895/3895 3958/3958 3959/3959
f 3895/3895 3959/3959 3896/3896
f 3896/3896 3959/3959 3960/3960
f 3896/3896 3960/3960 3897/3897
f 3897/3897 3960/3960 3961/3961
f 3897/3897 3961/3961 3898/3898
f 3898/3898 3961/3961 3962/3962
f 3898/3898 3962/3962 3899/3899
f 3899/3899 3962/3962 3963/3963
f 3899/3899 3963/3963 3900/3900
f 3900/3900 3963/3963 3964/3964
f 3900/3900 3964/3964 3901/3901
f 3901/3901 3964/3964 3965/3965
f 3901/3901 3965/3965 3902/3902
f 3902/3902 3965/3965 3966/3966
f 3902/3902 3966/3966 3903/3903
f 3903/3903 3966/3966 3967/3967
f 3903/3903 3967/3967 3904/3904
f 3904/3904 3967/3967 3968/3968
f 3905/3905 3969/3969 3906/3906
f 3906/3906 3969/3969 3970/3970
f 3906/3906 3970/3970 3907/3907
f 3907/3907 3970/3970 3971/3971
f 3907/3907 3971/3971 3908/3908
f 3908/3908 3971/3971 3972/3972
f 3908/3908 3972/3972 3909/3909
f 3909/3909 3972/3972 3973/3973
f 3909/3909 3973/3973 3910/3910
f 3910/3910 3973/3973 3974/3974
f 3910/3910 3974/3974 3911/3911
f 3911/3911 3974/3974 3975/3975
f 3911/3911 3975/3975 3912/3912
f 3912/3912 3975/3975 3976/3976
f 3912/3912 3976/3976 3913/3913
f 3913/3913 3976/3976 3977/3977
f 3913/3913 3977/3977 3914/3914
f 3914/3914 3977/3977 3978/3978
f 3914/3914 3978/3978 3915/3915
f 3915/3915 3978/3978 3979/3979
f 3915/3915 3979/3979 3916/3916
f 3916/3916 3979/3979 3980/3980
f 3916/3916 3980/3980 3917/3917
f 3917/3917 3980/3980 3981/3981
f 3917/3917 3981/3981 3918/3918
f 3918/3918 3981/3981 3982/3982
f 3918/3918 3982/3982 3919/3919
f 3919/3919 3982/3982 3983/3983
f 3919/3919 3983/3983 3920/3920
f 3920/3920 3983/3983 3984/3984
f 3920/3920 3984/3984 3921/3921
f 3921/3921 3984/3984 3985/3985
f 3921/3921 3985/3985 3922/3922
f 3922/3922 3985/3985 3986/3986
f 3922/3922 3986/3986 3923/3923
f 3923/3923 3986/3986 3987/3987
f 3923/3923 3987/3987 3924/3924
f 3924/3924 3987/3987 3988/3988
f 3924/3924 3988/3988 3925/3925
f 3925/3925 3988/3988 3989/3989
f 3925/3925 3989/3989 3926/3926
f 3926/3926 3989/3989 3990/3990
f 3926/3926 3990/3990 3927/3927
f 3927/3927 3990/3990 3991/3991
f 3927/3927 3991/3991 3928/3928
f 3928/3928 3991/3991 3992/3992
f 3928/3928 3992/3992 3929/3929
f 3929/3929 3992/3992 3993/3993
f 3929/3929 3993/3993 3930/3930
f 3930/3930 3993/3993 3994/3994
f 3930/3930 3994/3994 3931/3931
f 3931/3931 3994/3994 3995/3995
f 3931/3931 3995/3995 3932/3932
f 3932/3932 3995/3995 3996/3996
f 3932/3932 3996/3996 3933/3933
f 3933/3933 3996/3996 3997/3997
f 3933/3933 3997/3997 3934/3934
f 3934/3934 3997/3997 3998/3998
f 3934/3934 3998/3998 3935/3935
f 3935/3935 3998/3998 3999/3999
f 3935/3935 3999/3999 3936/3936
f 3936/3936 3999/3999 4000/4000
f 3936/3936 4000/4000 3937/3937
f 3937/3937 4000/4000 4001/4001
f 3937/3937 4001/4001 3938/3938
f 3938/3938 4001/4001 4002/4002
f 3938/3938 4002/4002 3939/3939
f 3939/3939 4002/4002 4003/4003
f 3939/3939 4003/4003 3940/3940
f 3940/3940 4003/4003 4004/4004
f 3940/3940 4004/4004 3941/3941
f 3941/3941 4004/4004 4005/4005
f 3941/3941 4005/4005 3942/3942
f 3942/3942 4005/4005 4006/4006
f 3942/3942 4006/4006 3943/3943
f 3943/3943 4006/4006 4007/4007
f 3943/3943 4007/4007 3944/3944
f 3944/3944 4007/4007 4008/4008
f 3944/3944 4008/4008 3945/3945
f 3945/3945 4008/4008 4009/4009
f 3945/3945 4009/4009 3946/3946
f 3946/3946 4009/4009 4010/4010
f 3946/3946 4010/4010 3947/3947
f 3947/3947 4010/4010 4011/4011
f 3947/3947 4011/4011 3948/3948
f 3948/3948 4011/4011 4012/4012
f 3948/3948 4012/4012 3949/3949
f 3949/3949 4012/4012 4013/4013
f 3949/3949 4013/4013 3950/3950
f 3950/3950 4013/4013 4014/4014
f 3950/3950 4014/4014 3951/3951
f 3951/3951 4014/4014 4015/4015
f 3951/3951 4015/4015 3952/3952
f 3952/3952 4015/4015 4016/4016
f 3952/3952 4016/4016 3953/3953
f 3953/3953 4016/4016 4017/4017
f 3953/3953 4017/4017 3954/3954
f 3954/3954 4017/4017 4018/4018
f 3954/3954 4018/4018 3955/3955
f 3955/3955 4018/4018 4019/4019
f 3955/3955 4019/4019 3956/3956
f 3956/3956 4019/4019 4020/4020
f 3956/3956 4020/4020 3957/3957
f 3957/3957 4020/4020 4021/4021
f 3957/3957 4021/4021 3958/3958
f 3958/3958 4021/4021 4022/4022
f 3958/3958 4022/4022 3959/3959
f 3959/3959 4022/4022 4023/4023
f 3959/3959 4023/4023 3960/3960
f 3960/3960 4023/4023 4024/4024
f 3960/3960 4024/4024 3961/3961
f 3961/3961 4024/4024 4025/4025
f 3961/3961 4025/4025 3962/3962
f 3962/3962 4025/4025 4026/4026
f 3962/3962 4026/4026 3963/3963
f 3963/3963 4026/4026 4027/4027
f 3963/3963 4027/4027 3964/3964
f 3964/3964 4027/4027 4028/4028
f 3964/3964 4028/4028 3965/3965
f 3965/3965 4028/4028 4029/4029
f 3965/3965 4029/4029 3966/3966
f 3966/3966 4029/4029 4030/4030
f 3966/3966 4030/4030 3967/3967
f 3967/3967 4030/4030 4031/4031
f 3967/3967 4031/4031 3968/3968
f 3968/3968 4031/4031 4032/4032
f 3969/3969 4033/4033 3970/3970
f 3970/3970 4033/4033 4034/4034
f 3970/3970 4034/4034 3971/3971
f 3971/3971 4034/4034 4035/4035
f 3971/3971 4035/4035 3972/3972
f 3972/3972 4035/4035 4036/4036
f 3972/3972 4036/4036 3973/3973
f 3973/3973 4036/4036 4037/4037
f 3973/3973 4037/4037 3974/3974
f 3974/3974 4037/4037 4038/4038
f 3974/3974 4038/4038 3975/3975
f 3975/3975 4038/4038 4039/4039
f 3975/3975 4039/4039 3976/3976
f 3976/3976 4039/4039 4040/4040
f 3976/3976 4040/4040 3977/3977
f 3977/3977 4040/4040 4041/4041
f 3977/3977 4041/4041 3978/3978
f 3978/3978 4041/4041 4042/4042
f 3978/3978 4042/4042 3979/3979
f 3979/3979 4042/4042 4043/4043
f 3979/3979 4043/4043 3980/3980
f 3980/3980 4043/4043 4044/4044
f 3980/3980 4044/4044 3981/3981
f 3981/3981 4044/4044 4045/4045
f 3981/3981 4045/4045 3982/3982
f 3982/3982 4045/4045 4046/4046
f 3982/3982 4046/4046 3983/3983
f 3983/3983 4046/4046 4047/4047
f 3983/3983 4047/4047 3984/3984
f 3984/3984 4047/4047 4048/4048
f 3984/3984 4048/4048 3985/3985
f 3985/3985 4048/4048 4049/4049
f 3985/3985 4049/4049 3986/3986
f 3986/3986 4049/4049 4050/4050
f 3986/3986 4050/4050 3987/3987
f 3987/3987 4050/4050 4051/4051
f 3987/3987 4051/4051 3988/3988
f 3988/3988 4051/4051 4052/4052
f 3988/3988 4052/4052 3989/3989
f 3989/3989 4052/4052 4053/4053
f 3989/3989 4053/4053 3990/3990
f 3990/3990 4053/4053 4054/4054
f 3990/3990 4054/4054 3991/3991
f 3991/3991 4054/4054 4055/4055
f 3991/3991 4055/4055 3992/3992
f 3992/3992 4055/4055 4056/4056
f 3992/3992 4056/4056 3993/3993
f 3993/3993 4056/4056 4057/4057
f 3993/3993 4057/4057 3994/3994
f 3994/3994 4057/4057 4058/4058
f 3994/3994 4058/4058 3995/3995
f 3995/3995 4058/4058 4059/4059
f 3995/3995 4059/4059 3996/3996
f 3996/3996 4059/4059 4060/4060
f 3996/3996 4060/4060 3997/3997
f 3997/3997 4060/4060 4061/4061
f 3997/3997 4061/4061 3998/3998
f 3998/3998 4061/4061 4062/4062
f 3998/3998 4062/4062 3999/3999
f 3999/3999 4062/4062 4063/4063
f 3999/3999 4063/4063 4000/4000
f 4000/4000 4063/4063 4064/4064
f 4000/4000 4064/4064 4001/4001
f 4001/4001 4064/4064 4065/4065
f 4001/4001 4065/4065 4002/4002
f 4002/4002 4065/4065 4066/4066
f 4002/4002 4066/4066 4003/4003
f 4003/4003 4066/4066 4067/4067
f 4003/4003 4067/4067 4004/4004
f 4004/4004 4067/4067 4068/4068
f 4004/4004 4068/4068 4005/4005
f 4005/4005 4068/4068 4069/4069
f 4005/4005 4069/4069 4006/4006
f 4006/4006 4069/4069 4070/4070
f 4006/4006 4070/4070 4007/4007
f 4007/4007 4070/4070 4071/4071
f 4007/4007 4071/4071 4008/4008
f 4008/4008 4071/4071 4072/4072
f 4008/4008 4072/4072 4009/4009
f 4009/4009 4072/4072 4073/4073
f 4009/4009 4073/4073 4010/4010
f 4010/4010 4073/4073 4074/4074
f 4010/4010 4074/4074 4011/4011
f 4011/4011 4074/4074 4075/4075
f 4011/4011 4075/4075 4012/4012
f 4012/4012 4075/4075 4076/4076
f 4012/4012 4076/4076 4013/4013
f 4013/4013 4076/4076 4077/4077
f 4013/4013 4077/4077 4014/4014
f 4014/4014 4077/4077 4078/4078
f 4014/4014 4078/4078 4015/4015
f 4015/4015 4078/4078 4079/4079
f 4015/4015 4079/4079 4016/4016
f 4016/4016 4079/4079 4080/4080
f 4016/4016 4080/4080 4017/4017
f 4017/4017 4080/4080 4081/4081
f 4017/4017 4081/4081 4018/4018
f 4018/4018 4081/4081 4082/4082
f 4018/4018 4082/4082 4019/4019
f 4019/4019 4082/4082 4083/4083
f 4019/4019 4083/4083 4020/4020
f 4020/4020 4083/4083 4084/4084
f 4020/4020 4084/4084 4021/4021
f 4021/4021 4084/4084 4085/4085
f 4021/4021 4085/4085 4022/4022
f 4022/4022 4085/4085 4086/4086
f 4022/4022 4086/4086 4023/4023
f 4023/4023 4086/4086 4087/4087
f 4023/4023 4087/4087 4024/4024
f 4024/4024 4087/4087 4088/4088
f 4024/4024 4088/4088 4025/4025
f 4025/4025 4088/4088 4089/4089
f 4025/4025 4089/4089 4026/4026
f 4026/4026 4089/4089 4090/4090
f 4026/4026 4090/4090 4027/4027
f 4027/4027 4090/4090 4091/4091
f 4027/4027 4091/4091 4028/4028
f 4028/4028 4091/4091 4092/4092
f 4028/4028 4092/4092 4029/4029
f 4029/4029 4092/4092 4093/4093
f 4029/4029 4093/4093 4030/4030
f 4030/4030 4093/4093 4094/4094
f 4030/4030 4094/4094 4031/4031
f 4031/4031 4094/4094 4095/4095
f 4031/4031 4095/4095 4032/4032
f 4032/4032 4095/4095 4096/4096
